figure,axes_index,panel,series,point_index,cell_id,source_metrics,source_components_json,observations_sha256,metadata_sha256,formula,x_definition,x,y,ci95_low,ci95_high,line_style,marker,x_axis_scale,y_axis_scale
fig4_repairs_overlap,0,agents=2;dependency=0;metric=author_repair_starts,Bartender,0,6dc14a7b45256e3b,author_repair_starts,"{""author_repair_starts"":{""ci95_high"":""1.2302515933989249"",""ci95_low"":""0.5697484066010752"",""mean"":""0.9"",""n"":""30""}}",5209b6b2f833ff958bc9320af9d577cef3453eb94ff185822028da80be7e5505,086034341ac0f852c2a6fcb69ec68e2113652b7c74c62a48ad7ff7f71f98ef48,summary_mean,nominal_overlap_probability,0.003435063819150432,0.9,0.5697484066010752,1.2302515933989249,-,o,log,log
fig4_repairs_overlap,0,agents=2;dependency=0;metric=author_repair_starts,Bartender,1,5cfb483de3e66b01,author_repair_starts,"{""author_repair_starts"":{""ci95_high"":""5.532173420287465"",""ci95_low"":""3.7344932463792033"",""mean"":""4.633333333333334"",""n"":""30""}}",5209b6b2f833ff958bc9320af9d577cef3453eb94ff185822028da80be7e5505,086034341ac0f852c2a6fcb69ec68e2113652b7c74c62a48ad7ff7f71f98ef48,summary_mean,nominal_overlap_probability,0.01556231814190527,4.633333333333334,3.7344932463792033,5.532173420287465,-,o,log,log
fig4_repairs_overlap,0,agents=2;dependency=0;metric=author_repair_starts,Bartender,2,79f1be31c0a50145,author_repair_starts,"{""author_repair_starts"":{""ci95_high"":""19.226843077279348"",""ci95_low"":""16.57315692272065"",""mean"":""17.9"",""n"":""30""}}",5209b6b2f833ff958bc9320af9d577cef3453eb94ff185822028da80be7e5505,086034341ac0f852c2a6fcb69ec68e2113652b7c74c62a48ad7ff7f71f98ef48,summary_mean,nominal_overlap_probability,0.06872332143144783,17.9,16.57315692272065,19.226843077279348,-,o,log,log
fig4_repairs_overlap,0,agents=2;dependency=0;metric=author_repair_starts,In-place repair,0,107cb34499bef5ac,author_repair_starts,"{""author_repair_starts"":{""ci95_high"":""1.2302515933989249"",""ci95_low"":""0.5697484066010752"",""mean"":""0.9"",""n"":""30""}}",5209b6b2f833ff958bc9320af9d577cef3453eb94ff185822028da80be7e5505,086034341ac0f852c2a6fcb69ec68e2113652b7c74c62a48ad7ff7f71f98ef48,summary_mean,nominal_overlap_probability,0.003435063819150432,0.9,0.5697484066010752,1.2302515933989249,--,s,log,log
fig4_repairs_overlap,0,agents=2;dependency=0;metric=author_repair_starts,In-place repair,1,4d4b3e83f81b4e48,author_repair_starts,"{""author_repair_starts"":{""ci95_high"":""5.4694574341996605"",""ci95_low"":""3.730542565800339"",""mean"":""4.6"",""n"":""30""}}",5209b6b2f833ff958bc9320af9d577cef3453eb94ff185822028da80be7e5505,086034341ac0f852c2a6fcb69ec68e2113652b7c74c62a48ad7ff7f71f98ef48,summary_mean,nominal_overlap_probability,0.01556231814190527,4.6,3.730542565800339,5.4694574341996605,--,s,log,log
fig4_repairs_overlap,0,agents=2;dependency=0;metric=author_repair_starts,In-place repair,2,7628ae747536e63e,author_repair_starts,"{""author_repair_starts"":{""ci95_high"":""20.62770485151654"",""ci95_low"":""17.505628481816792"",""mean"":""19.066666666666666"",""n"":""30""}}",5209b6b2f833ff958bc9320af9d577cef3453eb94ff185822028da80be7e5505,086034341ac0f852c2a6fcb69ec68e2113652b7c74c62a48ad7ff7f71f98ef48,summary_mean,nominal_overlap_probability,0.06872332143144783,19.066666666666666,17.505628481816792,20.62770485151654,--,s,log,log
fig4_repairs_overlap,1,agents=2;dependency=0;metric=observed_repair_effort,Bartender,0,6dc14a7b45256e3b,observed_repair_effort,"{""observed_repair_effort"":{""ci95_high"":""2.0165424832316434"",""ci95_low"":""0.9234575167683563"",""mean"":""1.47"",""n"":""30""}}",5209b6b2f833ff958bc9320af9d577cef3453eb94ff185822028da80be7e5505,086034341ac0f852c2a6fcb69ec68e2113652b7c74c62a48ad7ff7f71f98ef48,summary_mean,nominal_overlap_probability,0.003435063819150432,1.47,0.9234575167683563,2.0165424832316434,-,o,log,log
fig4_repairs_overlap,1,agents=2;dependency=0;metric=observed_repair_effort,Bartender,1,5cfb483de3e66b01,observed_repair_effort,"{""observed_repair_effort"":{""ci95_high"":""8.772029290745229"",""ci95_low"":""5.866304042588105"",""mean"":""7.319166666666667"",""n"":""30""}}",5209b6b2f833ff958bc9320af9d577cef3453eb94ff185822028da80be7e5505,086034341ac0f852c2a6fcb69ec68e2113652b7c74c62a48ad7ff7f71f98ef48,summary_mean,nominal_overlap_probability,0.01556231814190527,7.319166666666667,5.866304042588105,8.772029290745229,-,o,log,log
fig4_repairs_overlap,1,agents=2;dependency=0;metric=observed_repair_effort,Bartender,2,79f1be31c0a50145,observed_repair_effort,"{""observed_repair_effort"":{""ci95_high"":""31.87474998823028"",""ci95_low"":""27.29879167843639"",""mean"":""29.586770833333336"",""n"":""30""}}",5209b6b2f833ff958bc9320af9d577cef3453eb94ff185822028da80be7e5505,086034341ac0f852c2a6fcb69ec68e2113652b7c74c62a48ad7ff7f71f98ef48,summary_mean,nominal_overlap_probability,0.06872332143144783,29.586770833333336,27.29879167843639,31.87474998823028,-,o,log,log
fig4_repairs_overlap,1,agents=2;dependency=0;metric=observed_repair_effort,In-place repair,0,107cb34499bef5ac,observed_repair_effort,"{""observed_repair_effort"":{""ci95_high"":""2.0165424832316434"",""ci95_low"":""0.9234575167683563"",""mean"":""1.47"",""n"":""30""}}",5209b6b2f833ff958bc9320af9d577cef3453eb94ff185822028da80be7e5505,086034341ac0f852c2a6fcb69ec68e2113652b7c74c62a48ad7ff7f71f98ef48,summary_mean,nominal_overlap_probability,0.003435063819150432,1.47,0.9234575167683563,2.0165424832316434,--,s,log,log
fig4_repairs_overlap,1,agents=2;dependency=0;metric=observed_repair_effort,In-place repair,1,4d4b3e83f81b4e48,observed_repair_effort,"{""observed_repair_effort"":{""ci95_high"":""8.694890803512688"",""ci95_low"":""5.862609196487311"",""mean"":""7.27875"",""n"":""30""}}",5209b6b2f833ff958bc9320af9d577cef3453eb94ff185822028da80be7e5505,086034341ac0f852c2a6fcb69ec68e2113652b7c74c62a48ad7ff7f71f98ef48,summary_mean,nominal_overlap_probability,0.01556231814190527,7.27875,5.862609196487311,8.694890803512688,--,s,log,log
fig4_repairs_overlap,1,agents=2;dependency=0;metric=observed_repair_effort,In-place repair,2,7628ae747536e63e,observed_repair_effort,"{""observed_repair_effort"":{""ci95_high"":""34.1431208369355"",""ci95_low"":""28.743962496397845"",""mean"":""31.443541666666672"",""n"":""30""}}",5209b6b2f833ff958bc9320af9d577cef3453eb94ff185822028da80be7e5505,086034341ac0f852c2a6fcb69ec68e2113652b7c74c62a48ad7ff7f71f98ef48,summary_mean,nominal_overlap_probability,0.06872332143144783,31.443541666666672,28.743962496397845,34.1431208369355,--,s,log,log
fig4_repairs_overlap,2,agents=4;dependency=0;metric=author_repair_starts,Bartender,0,3a21c8a4cd992bd8,author_repair_starts,"{""author_repair_starts"":{""ci95_high"":""5.586867745442401"",""ci95_low"":""4.146465587890932"",""mean"":""4.866666666666666"",""n"":""30""}}",5209b6b2f833ff958bc9320af9d577cef3453eb94ff185822028da80be7e5505,086034341ac0f852c2a6fcb69ec68e2113652b7c74c62a48ad7ff7f71f98ef48,summary_mean,nominal_overlap_probability,0.003435063819150432,4.866666666666666,4.146465587890932,5.586867745442401,-,o,log,log
fig4_repairs_overlap,2,agents=4;dependency=0;metric=author_repair_starts,Bartender,1,113039f88ca6a69d,author_repair_starts,"{""author_repair_starts"":{""ci95_high"":""26.22367004520229"",""ci95_low"":""22.509663288131044"",""mean"":""24.366666666666667"",""n"":""30""}}",5209b6b2f833ff958bc9320af9d577cef3453eb94ff185822028da80be7e5505,086034341ac0f852c2a6fcb69ec68e2113652b7c74c62a48ad7ff7f71f98ef48,summary_mean,nominal_overlap_probability,0.01556231814190527,24.366666666666667,22.509663288131044,26.22367004520229,-,o,log,log
fig4_repairs_overlap,2,agents=4;dependency=0;metric=author_repair_starts,Bartender,2,a7bcd6b772a6a811,author_repair_starts,"{""author_repair_starts"":{""ci95_high"":""104.86272331284586"",""ci95_low"":""96.53727668715415"",""mean"":""100.7"",""n"":""30""}}",5209b6b2f833ff958bc9320af9d577cef3453eb94ff185822028da80be7e5505,086034341ac0f852c2a6fcb69ec68e2113652b7c74c62a48ad7ff7f71f98ef48,summary_mean,nominal_overlap_probability,0.06872332143144783,100.7,96.53727668715415,104.86272331284586,-,o,log,log
fig4_repairs_overlap,2,agents=4;dependency=0;metric=author_repair_starts,In-place repair,0,89610ef2e95ee923,author_repair_starts,"{""author_repair_starts"":{""ci95_high"":""5.69145149138749"",""ci95_low"":""4.241881841945844"",""mean"":""4.966666666666667"",""n"":""30""}}",5209b6b2f833ff958bc9320af9d577cef3453eb94ff185822028da80be7e5505,086034341ac0f852c2a6fcb69ec68e2113652b7c74c62a48ad7ff7f71f98ef48,summary_mean,nominal_overlap_probability,0.003435063819150432,4.966666666666667,4.241881841945844,5.69145149138749,--,s,log,log
fig4_repairs_overlap,2,agents=4;dependency=0;metric=author_repair_starts,In-place repair,1,c263876e807e2076,author_repair_starts,"{""author_repair_starts"":{""ci95_high"":""29.213909129417697"",""ci95_low"":""24.65275753724897"",""mean"":""26.933333333333334"",""n"":""30""}}",5209b6b2f833ff958bc9320af9d577cef3453eb94ff185822028da80be7e5505,086034341ac0f852c2a6fcb69ec68e2113652b7c74c62a48ad7ff7f71f98ef48,summary_mean,nominal_overlap_probability,0.01556231814190527,26.933333333333334,24.65275753724897,29.213909129417697,--,s,log,log
fig4_repairs_overlap,2,agents=4;dependency=0;metric=author_repair_starts,In-place repair,2,b0464d919c2580c4,author_repair_starts,"{""author_repair_starts"":{""ci95_high"":""362.2126982180395"",""ci95_low"":""199.9206351152938"",""mean"":""281.06666666666666"",""n"":""30""}}",5209b6b2f833ff958bc9320af9d577cef3453eb94ff185822028da80be7e5505,086034341ac0f852c2a6fcb69ec68e2113652b7c74c62a48ad7ff7f71f98ef48,summary_mean,nominal_overlap_probability,0.06872332143144783,281.06666666666666,199.9206351152938,362.2126982180395,--,s,log,log
fig4_repairs_overlap,3,agents=4;dependency=0;metric=observed_repair_effort,Bartender,0,3a21c8a4cd992bd8,observed_repair_effort,"{""observed_repair_effort"":{""ci95_high"":""9.80976700348368"",""ci95_low"":""7.213566329849653"",""mean"":""8.511666666666667"",""n"":""30""}}",5209b6b2f833ff958bc9320af9d577cef3453eb94ff185822028da80be7e5505,086034341ac0f852c2a6fcb69ec68e2113652b7c74c62a48ad7ff7f71f98ef48,summary_mean,nominal_overlap_probability,0.003435063819150432,8.511666666666667,7.213566329849653,9.80976700348368,-,o,log,log
fig4_repairs_overlap,3,agents=4;dependency=0;metric=observed_repair_effort,Bartender,1,113039f88ca6a69d,observed_repair_effort,"{""observed_repair_effort"":{""ci95_high"":""44.28988976738617"",""ci95_low"":""38.060943565947156"",""mean"":""41.17541666666666"",""n"":""30""}}",5209b6b2f833ff958bc9320af9d577cef3453eb94ff185822028da80be7e5505,086034341ac0f852c2a6fcb69ec68e2113652b7c74c62a48ad7ff7f71f98ef48,summary_mean,nominal_overlap_probability,0.01556231814190527,41.17541666666666,38.060943565947156,44.28988976738617,-,o,log,log
fig4_repairs_overlap,3,agents=4;dependency=0;metric=observed_repair_effort,Bartender,2,a7bcd6b772a6a811,observed_repair_effort,"{""observed_repair_effort"":{""ci95_high"":""184.0797981951308"",""ci95_low"":""168.88353513820252"",""mean"":""176.48166666666665"",""n"":""30""}}",5209b6b2f833ff958bc9320af9d577cef3453eb94ff185822028da80be7e5505,086034341ac0f852c2a6fcb69ec68e2113652b7c74c62a48ad7ff7f71f98ef48,summary_mean,nominal_overlap_probability,0.06872332143144783,176.48166666666665,168.88353513820252,184.0797981951308,-,o,log,log
fig4_repairs_overlap,3,agents=4;dependency=0;metric=observed_repair_effort,In-place repair,0,89610ef2e95ee923,observed_repair_effort,"{""observed_repair_effort"":{""ci95_high"":""9.836176464987416"",""ci95_low"":""7.250490201679251"",""mean"":""8.543333333333333"",""n"":""30""}}",5209b6b2f833ff958bc9320af9d577cef3453eb94ff185822028da80be7e5505,086034341ac0f852c2a6fcb69ec68e2113652b7c74c62a48ad7ff7f71f98ef48,summary_mean,nominal_overlap_probability,0.003435063819150432,8.543333333333333,7.250490201679251,9.836176464987416,--,s,log,log
fig4_repairs_overlap,3,agents=4;dependency=0;metric=observed_repair_effort,In-place repair,1,c263876e807e2076,observed_repair_effort,"{""observed_repair_effort"":{""ci95_high"":""49.27085202651844"",""ci95_low"":""41.609147973481555"",""mean"":""45.44"",""n"":""30""}}",5209b6b2f833ff958bc9320af9d577cef3453eb94ff185822028da80be7e5505,086034341ac0f852c2a6fcb69ec68e2113652b7c74c62a48ad7ff7f71f98ef48,summary_mean,nominal_overlap_probability,0.01556231814190527,45.44,41.609147973481555,49.27085202651844,--,s,log,log
fig4_repairs_overlap,3,agents=4;dependency=0;metric=observed_repair_effort,In-place repair,2,b0464d919c2580c4,observed_repair_effort,"{""observed_repair_effort"":{""ci95_high"":""3749.705533658198"",""ci95_low"":""524.1250913418037"",""mean"":""2136.9153125000007"",""n"":""30""}}",5209b6b2f833ff958bc9320af9d577cef3453eb94ff185822028da80be7e5505,086034341ac0f852c2a6fcb69ec68e2113652b7c74c62a48ad7ff7f71f98ef48,summary_mean,nominal_overlap_probability,0.06872332143144783,2136.9153125000007,524.1250913418037,3749.705533658198,--,s,log,log
fig4_repairs_overlap,4,agents=8;dependency=0;metric=author_repair_starts,Bartender,0,7b024b4f0036c201,author_repair_starts,"{""author_repair_starts"":{""ci95_high"":""24.18783291527434"",""ci95_low"":""20.345500418058993"",""mean"":""22.266666666666666"",""n"":""30""}}",5209b6b2f833ff958bc9320af9d577cef3453eb94ff185822028da80be7e5505,086034341ac0f852c2a6fcb69ec68e2113652b7c74c62a48ad7ff7f71f98ef48,summary_mean,nominal_overlap_probability,0.003435063819150432,22.266666666666666,20.345500418058993,24.18783291527434,-,o,log,log
fig4_repairs_overlap,4,agents=8;dependency=0;metric=author_repair_starts,Bartender,1,bea40c5d347d124a,author_repair_starts,"{""author_repair_starts"":{""ci95_high"":""104.7276276419968"",""ci95_low"":""96.00570569133652"",""mean"":""100.36666666666666"",""n"":""30""}}",5209b6b2f833ff958bc9320af9d577cef3453eb94ff185822028da80be7e5505,086034341ac0f852c2a6fcb69ec68e2113652b7c74c62a48ad7ff7f71f98ef48,summary_mean,nominal_overlap_probability,0.01556231814190527,100.36666666666666,96.00570569133652,104.7276276419968,-,o,log,log
fig4_repairs_overlap,4,agents=8;dependency=0;metric=author_repair_starts,Bartender,2,4d025dfd055b3c03,author_repair_starts,"{""author_repair_starts"":{""ci95_high"":""405.2914932369215"",""ci95_low"":""385.3085067630785"",""mean"":""395.3"",""n"":""30""}}",5209b6b2f833ff958bc9320af9d577cef3453eb94ff185822028da80be7e5505,086034341ac0f852c2a6fcb69ec68e2113652b7c74c62a48ad7ff7f71f98ef48,summary_mean,nominal_overlap_probability,0.06872332143144783,395.3,385.3085067630785,405.2914932369215,-,o,log,log
fig4_repairs_overlap,4,agents=8;dependency=0;metric=author_repair_starts,In-place repair,0,f1dc77fe76050b76,author_repair_starts,"{""author_repair_starts"":{""ci95_high"":""27.901135831484645"",""ci95_low"":""23.298864168515358"",""mean"":""25.6"",""n"":""30""}}",5209b6b2f833ff958bc9320af9d577cef3453eb94ff185822028da80be7e5505,086034341ac0f852c2a6fcb69ec68e2113652b7c74c62a48ad7ff7f71f98ef48,summary_mean,nominal_overlap_probability,0.003435063819150432,25.6,23.298864168515358,27.901135831484645,--,s,log,log
fig4_repairs_overlap,4,agents=8;dependency=0;metric=author_repair_starts,In-place repair,1,ea3615ffc4e53f2e,author_repair_starts,"{""author_repair_starts"":{""ci95_high"":""570.0168685725142"",""ci95_low"":""343.38313142748575"",""mean"":""456.7"",""n"":""30""}}",5209b6b2f833ff958bc9320af9d577cef3453eb94ff185822028da80be7e5505,086034341ac0f852c2a6fcb69ec68e2113652b7c74c62a48ad7ff7f71f98ef48,summary_mean,nominal_overlap_probability,0.01556231814190527,456.7,343.38313142748575,570.0168685725142,--,s,log,log
fig4_repairs_overlap,4,agents=8;dependency=0;metric=author_repair_starts,In-place repair,2,523d119590d3a36b,author_repair_starts,"{""author_repair_starts"":{""ci95_high"":""1006.1754884546094"",""ci95_low"":""1002.5578448787239"",""mean"":""1004.3666666666667"",""n"":""30""}}",5209b6b2f833ff958bc9320af9d577cef3453eb94ff185822028da80be7e5505,086034341ac0f852c2a6fcb69ec68e2113652b7c74c62a48ad7ff7f71f98ef48,summary_mean,nominal_overlap_probability,0.06872332143144783,1004.3666666666667,1002.5578448787239,1006.1754884546094,--,s,log,log
fig4_repairs_overlap,5,agents=8;dependency=0;metric=observed_repair_effort,Bartender,0,7b024b4f0036c201,observed_repair_effort,"{""observed_repair_effort"":{""ci95_high"":""47.31542245071221"",""ci95_low"":""39.93791088262112"",""mean"":""43.626666666666665"",""n"":""30""}}",5209b6b2f833ff958bc9320af9d577cef3453eb94ff185822028da80be7e5505,086034341ac0f852c2a6fcb69ec68e2113652b7c74c62a48ad7ff7f71f98ef48,summary_mean,nominal_overlap_probability,0.003435063819150432,43.626666666666665,39.93791088262112,47.31542245071221,-,o,log,log
fig4_repairs_overlap,5,agents=8;dependency=0;metric=observed_repair_effort,Bartender,1,bea40c5d347d124a,observed_repair_effort,"{""observed_repair_effort"":{""ci95_high"":""200.55519041451902"",""ci95_low"":""182.73147625214767"",""mean"":""191.64333333333335"",""n"":""30""}}",5209b6b2f833ff958bc9320af9d577cef3453eb94ff185822028da80be7e5505,086034341ac0f852c2a6fcb69ec68e2113652b7c74c62a48ad7ff7f71f98ef48,summary_mean,nominal_overlap_probability,0.01556231814190527,191.64333333333335,182.73147625214767,200.55519041451902,-,o,log,log
fig4_repairs_overlap,5,agents=8;dependency=0;metric=observed_repair_effort,Bartender,2,4d025dfd055b3c03,observed_repair_effort,"{""observed_repair_effort"":{""ci95_high"":""872.800230680212"",""ci95_low"":""806.349769319788"",""mean"":""839.575"",""n"":""30""}}",5209b6b2f833ff958bc9320af9d577cef3453eb94ff185822028da80be7e5505,086034341ac0f852c2a6fcb69ec68e2113652b7c74c62a48ad7ff7f71f98ef48,summary_mean,nominal_overlap_probability,0.06872332143144783,839.575,806.349769319788,872.800230680212,-,o,log,log
fig4_repairs_overlap,5,agents=8;dependency=0;metric=observed_repair_effort,In-place repair,0,f1dc77fe76050b76,observed_repair_effort,"{""observed_repair_effort"":{""ci95_high"":""54.204822276931836"",""ci95_low"":""44.83517772306817"",""mean"":""49.52"",""n"":""30""}}",5209b6b2f833ff958bc9320af9d577cef3453eb94ff185822028da80be7e5505,086034341ac0f852c2a6fcb69ec68e2113652b7c74c62a48ad7ff7f71f98ef48,summary_mean,nominal_overlap_probability,0.003435063819150432,49.52,44.83517772306817,54.204822276931836,--,s,log,log
fig4_repairs_overlap,5,agents=8;dependency=0;metric=observed_repair_effort,In-place repair,1,ea3615ffc4e53f2e,observed_repair_effort,"{""observed_repair_effort"":{""ci95_high"":""10144.21024849136"",""ci95_low"":""4164.631418175317"",""mean"":""7154.420833333338"",""n"":""30""}}",5209b6b2f833ff958bc9320af9d577cef3453eb94ff185822028da80be7e5505,086034341ac0f852c2a6fcb69ec68e2113652b7c74c62a48ad7ff7f71f98ef48,summary_mean,nominal_overlap_probability,0.01556231814190527,7154.420833333338,4164.631418175317,10144.21024849136,--,s,log,log
fig4_repairs_overlap,5,agents=8;dependency=0;metric=observed_repair_effort,In-place repair,2,523d119590d3a36b,observed_repair_effort,"{""observed_repair_effort"":{""ci95_high"":""24320.564211144785"",""ci95_low"":""24012.51495552193"",""mean"":""24166.539583333357"",""n"":""30""}}",5209b6b2f833ff958bc9320af9d577cef3453eb94ff185822028da80be7e5505,086034341ac0f852c2a6fcb69ec68e2113652b7c74c62a48ad7ff7f71f98ef48,summary_mean,nominal_overlap_probability,0.06872332143144783,24166.539583333357,24012.51495552193,24320.564211144785,--,s,log,log
fig4_repairs_overlap,6,agents=4;dependency=0.1;metric=author_repair_starts,Bartender,0,9bcf7cc1b5afb144,author_repair_starts,"{""author_repair_starts"":{""ci95_high"":""5.586867745442401"",""ci95_low"":""4.146465587890932"",""mean"":""4.866666666666666"",""n"":""30""}}",5209b6b2f833ff958bc9320af9d577cef3453eb94ff185822028da80be7e5505,086034341ac0f852c2a6fcb69ec68e2113652b7c74c62a48ad7ff7f71f98ef48,summary_mean,nominal_overlap_probability,0.003435063819150432,4.866666666666666,4.146465587890932,5.586867745442401,-,o,log,log
fig4_repairs_overlap,6,agents=4;dependency=0.1;metric=author_repair_starts,Bartender,1,c1e48e5eb9497be2,author_repair_starts,"{""author_repair_starts"":{""ci95_high"":""307.8922513441768"",""ci95_low"":""84.90774865582317"",""mean"":""196.4"",""n"":""30""}}",5209b6b2f833ff958bc9320af9d577cef3453eb94ff185822028da80be7e5505,086034341ac0f852c2a6fcb69ec68e2113652b7c74c62a48ad7ff7f71f98ef48,summary_mean,nominal_overlap_probability,0.01556231814190527,196.4,84.90774865582317,307.8922513441768,-,o,log,log
fig4_repairs_overlap,6,agents=4;dependency=0.1;metric=author_repair_starts,Bartender,2,fb6e4c26cab7c963,author_repair_starts,"{""author_repair_starts"":{""ci95_high"":""497.49986486507885"",""ci95_low"":""257.6334684682545"",""mean"":""377.56666666666666"",""n"":""30""}}",5209b6b2f833ff958bc9320af9d577cef3453eb94ff185822028da80be7e5505,086034341ac0f852c2a6fcb69ec68e2113652b7c74c62a48ad7ff7f71f98ef48,summary_mean,nominal_overlap_probability,0.06872332143144783,377.56666666666666,257.6334684682545,497.49986486507885,-,o,log,log
fig4_repairs_overlap,6,agents=4;dependency=0.1;metric=author_repair_starts,In-place repair,0,d206503f1cf63d8e,author_repair_starts,"{""author_repair_starts"":{""ci95_high"":""841.1394884374754"",""ci95_low"":""616.1938448958579"",""mean"":""728.6666666666666"",""n"":""30""}}",5209b6b2f833ff958bc9320af9d577cef3453eb94ff185822028da80be7e5505,086034341ac0f852c2a6fcb69ec68e2113652b7c74c62a48ad7ff7f71f98ef48,summary_mean,nominal_overlap_probability,0.003435063819150432,728.6666666666666,616.1938448958579,841.1394884374754,--,s,log,log
fig4_repairs_overlap,6,agents=4;dependency=0.1;metric=author_repair_starts,In-place repair,1,1d1fd6cca77a8e65,author_repair_starts,"{""author_repair_starts"":{""ci95_high"":""844.9071329577993"",""ci95_low"":""624.3595337088674"",""mean"":""734.6333333333333"",""n"":""30""}}",5209b6b2f833ff958bc9320af9d577cef3453eb94ff185822028da80be7e5505,086034341ac0f852c2a6fcb69ec68e2113652b7c74c62a48ad7ff7f71f98ef48,summary_mean,nominal_overlap_probability,0.01556231814190527,734.6333333333333,624.3595337088674,844.9071329577993,--,s,log,log
fig4_repairs_overlap,6,agents=4;dependency=0.1;metric=author_repair_starts,In-place repair,2,04cad7811894e33b,author_repair_starts,"{""author_repair_starts"":{""ci95_high"":""896.3477466257399"",""ci95_low"":""748.3189200409269"",""mean"":""822.3333333333334"",""n"":""30""}}",5209b6b2f833ff958bc9320af9d577cef3453eb94ff185822028da80be7e5505,086034341ac0f852c2a6fcb69ec68e2113652b7c74c62a48ad7ff7f71f98ef48,summary_mean,nominal_overlap_probability,0.06872332143144783,822.3333333333334,748.3189200409269,896.3477466257399,--,s,log,log
fig4_repairs_overlap,7,agents=4;dependency=0.1;metric=observed_repair_effort,Bartender,0,9bcf7cc1b5afb144,observed_repair_effort,"{""observed_repair_effort"":{""ci95_high"":""9.80976700348368"",""ci95_low"":""7.213566329849653"",""mean"":""8.511666666666667"",""n"":""30""}}",5209b6b2f833ff958bc9320af9d577cef3453eb94ff185822028da80be7e5505,086034341ac0f852c2a6fcb69ec68e2113652b7c74c62a48ad7ff7f71f98ef48,summary_mean,nominal_overlap_probability,0.003435063819150432,8.511666666666667,7.213566329849653,9.80976700348368,-,o,log,log
fig4_repairs_overlap,7,agents=4;dependency=0.1;metric=observed_repair_effort,Bartender,1,c1e48e5eb9497be2,observed_repair_effort,"{""observed_repair_effort"":{""ci95_high"":""319.9438038641081"",""ci95_low"":""100.24536280255859"",""mean"":""210.09458333333333"",""n"":""30""}}",5209b6b2f833ff958bc9320af9d577cef3453eb94ff185822028da80be7e5505,086034341ac0f852c2a6fcb69ec68e2113652b7c74c62a48ad7ff7f71f98ef48,summary_mean,nominal_overlap_probability,0.01556231814190527,210.09458333333333,100.24536280255859,319.9438038641081,-,o,log,log
fig4_repairs_overlap,7,agents=4;dependency=0.1;metric=observed_repair_effort,Bartender,2,fb6e4c26cab7c963,observed_repair_effort,"{""observed_repair_effort"":{""ci95_high"":""540.5967679689014"",""ci95_low"":""317.4219820310987"",""mean"":""429.00937500000003"",""n"":""30""}}",5209b6b2f833ff958bc9320af9d577cef3453eb94ff185822028da80be7e5505,086034341ac0f852c2a6fcb69ec68e2113652b7c74c62a48ad7ff7f71f98ef48,summary_mean,nominal_overlap_probability,0.06872332143144783,429.00937500000003,317.4219820310987,540.5967679689014,-,o,log,log
fig4_repairs_overlap,7,agents=4;dependency=0.1;metric=observed_repair_effort,In-place repair,0,d206503f1cf63d8e,observed_repair_effort,"{""observed_repair_effort"":{""ci95_high"":""840.9230855794452"",""ci95_low"":""616.9569144205549"",""mean"":""728.94"",""n"":""30""}}",5209b6b2f833ff958bc9320af9d577cef3453eb94ff185822028da80be7e5505,086034341ac0f852c2a6fcb69ec68e2113652b7c74c62a48ad7ff7f71f98ef48,summary_mean,nominal_overlap_probability,0.003435063819150432,728.94,616.9569144205549,840.9230855794452,--,s,log,log
fig4_repairs_overlap,7,agents=4;dependency=0.1;metric=observed_repair_effort,In-place repair,1,1d1fd6cca77a8e65,observed_repair_effort,"{""observed_repair_effort"":{""ci95_high"":""847.1329972087948"",""ci95_low"":""630.7445027912053"",""mean"":""738.93875"",""n"":""30""}}",5209b6b2f833ff958bc9320af9d577cef3453eb94ff185822028da80be7e5505,086034341ac0f852c2a6fcb69ec68e2113652b7c74c62a48ad7ff7f71f98ef48,summary_mean,nominal_overlap_probability,0.01556231814190527,738.93875,630.7445027912053,847.1329972087948,--,s,log,log
fig4_repairs_overlap,7,agents=4;dependency=0.1;metric=observed_repair_effort,In-place repair,2,04cad7811894e33b,observed_repair_effort,"{""observed_repair_effort"":{""ci95_high"":""1086.6878377641447"",""ci95_low"":""773.1440372358555"",""mean"":""929.9159375000002"",""n"":""30""}}",5209b6b2f833ff958bc9320af9d577cef3453eb94ff185822028da80be7e5505,086034341ac0f852c2a6fcb69ec68e2113652b7c74c62a48ad7ff7f71f98ef48,summary_mean,nominal_overlap_probability,0.06872332143144783,929.9159375000002,773.1440372358555,1086.6878377641447,--,s,log,log
fig4_repairs_overlap,8,agents=4;dependency=0.3;metric=author_repair_starts,Bartender,0,60586aec246cd6fe,author_repair_starts,"{""author_repair_starts"":{""ci95_high"":""5.586867745442401"",""ci95_low"":""4.146465587890932"",""mean"":""4.866666666666666"",""n"":""30""}}",5209b6b2f833ff958bc9320af9d577cef3453eb94ff185822028da80be7e5505,086034341ac0f852c2a6fcb69ec68e2113652b7c74c62a48ad7ff7f71f98ef48,summary_mean,nominal_overlap_probability,0.003435063819150432,4.866666666666666,4.146465587890932,5.586867745442401,-,o,log,log
fig4_repairs_overlap,8,agents=4;dependency=0.3;metric=author_repair_starts,Bartender,1,19d2e1bce533cffe,author_repair_starts,"{""author_repair_starts"":{""ci95_high"":""401.61665449556443"",""ci95_low"":""146.11667883776892"",""mean"":""273.8666666666667"",""n"":""30""}}",5209b6b2f833ff958bc9320af9d577cef3453eb94ff185822028da80be7e5505,086034341ac0f852c2a6fcb69ec68e2113652b7c74c62a48ad7ff7f71f98ef48,summary_mean,nominal_overlap_probability,0.01556231814190527,273.8666666666667,146.11667883776892,401.61665449556443,-,o,log,log
fig4_repairs_overlap,8,agents=4;dependency=0.3;metric=author_repair_starts,Bartender,2,aeb6b6be7105d79e,author_repair_starts,"{""author_repair_starts"":{""ci95_high"":""734.1977026688153"",""ci95_low"":""522.8689639978513"",""mean"":""628.5333333333333"",""n"":""30""}}",5209b6b2f833ff958bc9320af9d577cef3453eb94ff185822028da80be7e5505,086034341ac0f852c2a6fcb69ec68e2113652b7c74c62a48ad7ff7f71f98ef48,summary_mean,nominal_overlap_probability,0.06872332143144783,628.5333333333333,522.8689639978513,734.1977026688153,-,o,log,log
fig4_repairs_overlap,8,agents=4;dependency=0.3;metric=author_repair_starts,In-place repair,0,0898f1c831fcdbfc,author_repair_starts,"{""author_repair_starts"":{""ci95_high"":""999.0072650272372"",""ci95_low"":""928.0594016394294"",""mean"":""963.5333333333333"",""n"":""30""}}",5209b6b2f833ff958bc9320af9d577cef3453eb94ff185822028da80be7e5505,086034341ac0f852c2a6fcb69ec68e2113652b7c74c62a48ad7ff7f71f98ef48,summary_mean,nominal_overlap_probability,0.003435063819150432,963.5333333333333,928.0594016394294,999.0072650272372,--,s,log,log
fig4_repairs_overlap,8,agents=4;dependency=0.3;metric=author_repair_starts,In-place repair,1,8f59c6ce0d86454e,author_repair_starts,"{""author_repair_starts"":{""ci95_high"":""999.5660308940865"",""ci95_low"":""930.1006357725803"",""mean"":""964.8333333333334"",""n"":""30""}}",5209b6b2f833ff958bc9320af9d577cef3453eb94ff185822028da80be7e5505,086034341ac0f852c2a6fcb69ec68e2113652b7c74c62a48ad7ff7f71f98ef48,summary_mean,nominal_overlap_probability,0.01556231814190527,964.8333333333334,930.1006357725803,999.5660308940865,--,s,log,log
fig4_repairs_overlap,8,agents=4;dependency=0.3;metric=author_repair_starts,In-place repair,2,5faaf8f26878764c,author_repair_starts,"{""author_repair_starts"":{""ci95_high"":""1002.7312285168224"",""ci95_low"":""943.3354381498442"",""mean"":""973.0333333333333"",""n"":""30""}}",5209b6b2f833ff958bc9320af9d577cef3453eb94ff185822028da80be7e5505,086034341ac0f852c2a6fcb69ec68e2113652b7c74c62a48ad7ff7f71f98ef48,summary_mean,nominal_overlap_probability,0.06872332143144783,973.0333333333333,943.3354381498442,1002.7312285168224,--,s,log,log
fig4_repairs_overlap,9,agents=4;dependency=0.3;metric=observed_repair_effort,Bartender,0,60586aec246cd6fe,observed_repair_effort,"{""observed_repair_effort"":{""ci95_high"":""9.814421756986059"",""ci95_low"":""7.215578243013942"",""mean"":""8.515"",""n"":""30""}}",5209b6b2f833ff958bc9320af9d577cef3453eb94ff185822028da80be7e5505,086034341ac0f852c2a6fcb69ec68e2113652b7c74c62a48ad7ff7f71f98ef48,summary_mean,nominal_overlap_probability,0.003435063819150432,8.515,7.215578243013942,9.814421756986059,-,o,log,log
fig4_repairs_overlap,9,agents=4;dependency=0.3;metric=observed_repair_effort,Bartender,1,19d2e1bce533cffe,observed_repair_effort,"{""observed_repair_effort"":{""ci95_high"":""411.3811476327364"",""ci95_low"":""160.12635236726368"",""mean"":""285.75375"",""n"":""30""}}",5209b6b2f833ff958bc9320af9d577cef3453eb94ff185822028da80be7e5505,086034341ac0f852c2a6fcb69ec68e2113652b7c74c62a48ad7ff7f71f98ef48,summary_mean,nominal_overlap_probability,0.01556231814190527,285.75375,160.12635236726368,411.3811476327364,-,o,log,log
fig4_repairs_overlap,9,agents=4;dependency=0.3;metric=observed_repair_effort,Bartender,2,aeb6b6be7105d79e,observed_repair_effort,"{""observed_repair_effort"":{""ci95_high"":""758.062709611335"",""ci95_low"":""561.8781237219983"",""mean"":""659.9704166666667"",""n"":""30""}}",5209b6b2f833ff958bc9320af9d577cef3453eb94ff185822028da80be7e5505,086034341ac0f852c2a6fcb69ec68e2113652b7c74c62a48ad7ff7f71f98ef48,summary_mean,nominal_overlap_probability,0.06872332143144783,659.9704166666667,561.8781237219983,758.062709611335,-,o,log,log
fig4_repairs_overlap,9,agents=4;dependency=0.3;metric=observed_repair_effort,In-place repair,0,0898f1c831fcdbfc,observed_repair_effort,"{""observed_repair_effort"":{""ci95_high"":""998.0849024438686"",""ci95_low"":""927.4384308894647"",""mean"":""962.7616666666667"",""n"":""30""}}",5209b6b2f833ff958bc9320af9d577cef3453eb94ff185822028da80be7e5505,086034341ac0f852c2a6fcb69ec68e2113652b7c74c62a48ad7ff7f71f98ef48,summary_mean,nominal_overlap_probability,0.003435063819150432,962.7616666666667,927.4384308894647,998.0849024438686,--,s,log,log
fig4_repairs_overlap,9,agents=4;dependency=0.3;metric=observed_repair_effort,In-place repair,1,8f59c6ce0d86454e,observed_repair_effort,"{""observed_repair_effort"":{""ci95_high"":""998.9870644265213"",""ci95_low"":""930.8129355734786"",""mean"":""964.9"",""n"":""30""}}",5209b6b2f833ff958bc9320af9d577cef3453eb94ff185822028da80be7e5505,086034341ac0f852c2a6fcb69ec68e2113652b7c74c62a48ad7ff7f71f98ef48,summary_mean,nominal_overlap_probability,0.01556231814190527,964.9,930.8129355734786,998.9870644265213,--,s,log,log
fig4_repairs_overlap,9,agents=4;dependency=0.3;metric=observed_repair_effort,In-place repair,2,5faaf8f26878764c,observed_repair_effort,"{""observed_repair_effort"":{""ci95_high"":""1006.0785740994795"",""ci95_low"":""957.3687175671871"",""mean"":""981.7236458333333"",""n"":""30""}}",5209b6b2f833ff958bc9320af9d577cef3453eb94ff185822028da80be7e5505,086034341ac0f852c2a6fcb69ec68e2113652b7c74c62a48ad7ff7f71f98ef48,summary_mean,nominal_overlap_probability,0.06872332143144783,981.7236458333333,957.3687175671871,1006.0785740994795,--,s,log,log
fig5_sync_interval,0,edit_lines=4;metric=overlap_pairs_per_time,Simulation,0,b6b215524f557569,overlap_pairs_per_time,"{""overlap_pairs_per_time"":{""ci95_high"":""0.004021545033114504"",""ci95_low"":""0.0017076216335521622"",""mean"":""0.002864583333333333"",""n"":""30""}}",5209b6b2f833ff958bc9320af9d577cef3453eb94ff185822028da80be7e5505,086034341ac0f852c2a6fcb69ec68e2113652b7c74c62a48ad7ff7f71f98ef48,summary_mean,sync_interval,0.125,0.002864583333333333,0.0017076216335521622,0.004021545033114504,-,o,log,linear
fig5_sync_interval,0,edit_lines=4;metric=overlap_pairs_per_time,Simulation,1,1b2a85e65f1c4823,overlap_pairs_per_time,"{""overlap_pairs_per_time"":{""ci95_high"":""0.007142625064164196"",""ci95_low"":""0.004055291602502471"",""mean"":""0.005598958333333333"",""n"":""30""}}",5209b6b2f833ff958bc9320af9d577cef3453eb94ff185822028da80be7e5505,086034341ac0f852c2a6fcb69ec68e2113652b7c74c62a48ad7ff7f71f98ef48,summary_mean,sync_interval,0.25,0.005598958333333333,0.004055291602502471,0.007142625064164196,-,o,log,linear
fig5_sync_interval,0,edit_lines=4;metric=overlap_pairs_per_time,Simulation,2,d1ddb50b0a791d87,overlap_pairs_per_time,"{""overlap_pairs_per_time"":{""ci95_high"":""0.012030745889044276"",""ci95_low"":""0.008802587444289056"",""mean"":""0.010416666666666666"",""n"":""30""}}",5209b6b2f833ff958bc9320af9d577cef3453eb94ff185822028da80be7e5505,086034341ac0f852c2a6fcb69ec68e2113652b7c74c62a48ad7ff7f71f98ef48,summary_mean,sync_interval,0.5,0.010416666666666666,0.008802587444289056,0.012030745889044276,-,o,log,linear
fig5_sync_interval,0,edit_lines=4;metric=overlap_pairs_per_time,Simulation,3,3a21c8a4cd992bd8,overlap_pairs_per_time,"{""overlap_pairs_per_time"":{""ci95_high"":""0.02182370213063438"",""ci95_low"":""0.01619713120269895"",""mean"":""0.019010416666666665"",""n"":""30""}}",5209b6b2f833ff958bc9320af9d577cef3453eb94ff185822028da80be7e5505,086034341ac0f852c2a6fcb69ec68e2113652b7c74c62a48ad7ff7f71f98ef48,summary_mean,sync_interval,1.0,0.019010416666666665,0.01619713120269895,0.02182370213063438,-,o,log,linear
fig5_sync_interval,0,edit_lines=4;metric=overlap_pairs_per_time,Simulation,4,38f8c3ac8f6eb58e,overlap_pairs_per_time,"{""overlap_pairs_per_time"":{""ci95_high"":""0.04154576797778841"",""ci95_low"":""0.03397506535554492"",""mean"":""0.037760416666666664"",""n"":""30""}}",5209b6b2f833ff958bc9320af9d577cef3453eb94ff185822028da80be7e5505,086034341ac0f852c2a6fcb69ec68e2113652b7c74c62a48ad7ff7f71f98ef48,summary_mean,sync_interval,2.0,0.037760416666666664,0.03397506535554492,0.04154576797778841,-,o,log,linear
fig5_sync_interval,0,edit_lines=4;metric=overlap_pairs_per_time,Simulation,5,cc3faf54a13c1e38,overlap_pairs_per_time,"{""overlap_pairs_per_time"":{""ci95_high"":""0.1593272418609554"",""ci95_low"":""0.1406727581390446"",""mean"":""0.15"",""n"":""30""}}",5209b6b2f833ff958bc9320af9d577cef3453eb94ff185822028da80be7e5505,086034341ac0f852c2a6fcb69ec68e2113652b7c74c62a48ad7ff7f71f98ef48,summary_mean,sync_interval,8.0,0.15,0.1406727581390446,0.1593272418609554,-,o,log,linear
fig5_sync_interval,0,edit_lines=4;metric=overlap_pairs_per_time,Simulation,6,e2d2846d32941999,overlap_pairs_per_time,"{""overlap_pairs_per_time"":{""ci95_high"":""0.6234162496862916"",""ci95_low"":""0.5794483336470417"",""mean"":""0.6014322916666667"",""n"":""30""}}",5209b6b2f833ff958bc9320af9d577cef3453eb94ff185822028da80be7e5505,086034341ac0f852c2a6fcb69ec68e2113652b7c74c62a48ad7ff7f71f98ef48,summary_mean,sync_interval,32.0,0.6014322916666667,0.5794483336470417,0.6234162496862916,-,o,log,linear
fig5_sync_interval,0,edit_lines=4;metric=overlap_pairs_per_time,First-order model (theory),0,b6b215524f557569,,{},,086034341ac0f852c2a6fcb69ec68e2113652b7c74c62a48ad7ff7f71f98ef48,nominal_overlap_pair_rate,sync_interval,0.125,0.002576297864362824,,,--,None,log,linear
fig5_sync_interval,0,edit_lines=4;metric=overlap_pairs_per_time,First-order model (theory),1,1b2a85e65f1c4823,,{},,086034341ac0f852c2a6fcb69ec68e2113652b7c74c62a48ad7ff7f71f98ef48,nominal_overlap_pair_rate,sync_interval,0.25,0.005152595728725648,,,--,None,log,linear
fig5_sync_interval,0,edit_lines=4;metric=overlap_pairs_per_time,First-order model (theory),2,d1ddb50b0a791d87,,{},,086034341ac0f852c2a6fcb69ec68e2113652b7c74c62a48ad7ff7f71f98ef48,nominal_overlap_pair_rate,sync_interval,0.5,0.010305191457451296,,,--,None,log,linear
fig5_sync_interval,0,edit_lines=4;metric=overlap_pairs_per_time,First-order model (theory),3,3a21c8a4cd992bd8,,{},,086034341ac0f852c2a6fcb69ec68e2113652b7c74c62a48ad7ff7f71f98ef48,nominal_overlap_pair_rate,sync_interval,1.0,0.02061038291490259,,,--,None,log,linear
fig5_sync_interval,0,edit_lines=4;metric=overlap_pairs_per_time,First-order model (theory),4,38f8c3ac8f6eb58e,,{},,086034341ac0f852c2a6fcb69ec68e2113652b7c74c62a48ad7ff7f71f98ef48,nominal_overlap_pair_rate,sync_interval,2.0,0.04122076582980518,,,--,None,log,linear
fig5_sync_interval,0,edit_lines=4;metric=overlap_pairs_per_time,First-order model (theory),5,cc3faf54a13c1e38,,{},,086034341ac0f852c2a6fcb69ec68e2113652b7c74c62a48ad7ff7f71f98ef48,nominal_overlap_pair_rate,sync_interval,8.0,0.16488306331922073,,,--,None,log,linear
fig5_sync_interval,0,edit_lines=4;metric=overlap_pairs_per_time,First-order model (theory),6,e2d2846d32941999,,{},,086034341ac0f852c2a6fcb69ec68e2113652b7c74c62a48ad7ff7f71f98ef48,nominal_overlap_pair_rate,sync_interval,32.0,0.6595322532768829,,,--,None,log,linear
fig5_sync_interval,1,edit_lines=16;metric=overlap_pairs_per_time,Simulation,0,8f430b3e192ebef5,overlap_pairs_per_time,"{""overlap_pairs_per_time"":{""ci95_high"":""0.01542090345473001"",""ci95_low"":""0.009318679878603322"",""mean"":""0.012369791666666666"",""n"":""30""}}",5209b6b2f833ff958bc9320af9d577cef3453eb94ff185822028da80be7e5505,086034341ac0f852c2a6fcb69ec68e2113652b7c74c62a48ad7ff7f71f98ef48,summary_mean,sync_interval,0.125,0.012369791666666666,0.009318679878603322,0.01542090345473001,-,o,log,linear
fig5_sync_interval,1,edit_lines=16;metric=overlap_pairs_per_time,Simulation,1,08cc50fc52a30529,overlap_pairs_per_time,"{""overlap_pairs_per_time"":{""ci95_high"":""0.028877962229835987"",""ci95_low"":""0.021122037770164016"",""mean"":""0.025"",""n"":""30""}}",5209b6b2f833ff958bc9320af9d577cef3453eb94ff185822028da80be7e5505,086034341ac0f852c2a6fcb69ec68e2113652b7c74c62a48ad7ff7f71f98ef48,summary_mean,sync_interval,0.25,0.025,0.021122037770164016,0.028877962229835987,-,o,log,linear
fig5_sync_interval,1,edit_lines=16;metric=overlap_pairs_per_time,Simulation,2,9d16bc137d8d2c3c,overlap_pairs_per_time,"{""overlap_pairs_per_time"":{""ci95_high"":""0.054325036895487865"",""ci95_low"":""0.0435916297711788"",""mean"":""0.04895833333333333"",""n"":""30""}}",5209b6b2f833ff958bc9320af9d577cef3453eb94ff185822028da80be7e5505,086034341ac0f852c2a6fcb69ec68e2113652b7c74c62a48ad7ff7f71f98ef48,summary_mean,sync_interval,0.5,0.04895833333333333,0.0435916297711788,0.054325036895487865,-,o,log,linear
fig5_sync_interval,1,edit_lines=16;metric=overlap_pairs_per_time,Simulation,3,113039f88ca6a69d,overlap_pairs_per_time,"{""overlap_pairs_per_time"":{""ci95_high"":""0.10412814537398031"",""ci95_low"":""0.0896218546260197"",""mean"":""0.096875"",""n"":""30""}}",5209b6b2f833ff958bc9320af9d577cef3453eb94ff185822028da80be7e5505,086034341ac0f852c2a6fcb69ec68e2113652b7c74c62a48ad7ff7f71f98ef48,summary_mean,sync_interval,1.0,0.096875,0.0896218546260197,0.10412814537398031,-,o,log,linear
fig5_sync_interval,1,edit_lines=16;metric=overlap_pairs_per_time,Simulation,4,8e389ad71c19e48e,overlap_pairs_per_time,"{""overlap_pairs_per_time"":{""ci95_high"":""0.19536878083343806"",""ci95_low"":""0.17129788583322858"",""mean"":""0.18333333333333332"",""n"":""30""}}",5209b6b2f833ff958bc9320af9d577cef3453eb94ff185822028da80be7e5505,086034341ac0f852c2a6fcb69ec68e2113652b7c74c62a48ad7ff7f71f98ef48,summary_mean,sync_interval,2.0,0.18333333333333332,0.17129788583322858,0.19536878083343806,-,o,log,linear
fig5_sync_interval,1,edit_lines=16;metric=overlap_pairs_per_time,Simulation,5,a7a47b831a79b459,overlap_pairs_per_time,"{""overlap_pairs_per_time"":{""ci95_high"":""0.7022361051855307"",""ci95_low"":""0.6501076448144693"",""mean"":""0.676171875"",""n"":""30""}}",5209b6b2f833ff958bc9320af9d577cef3453eb94ff185822028da80be7e5505,086034341ac0f852c2a6fcb69ec68e2113652b7c74c62a48ad7ff7f71f98ef48,summary_mean,sync_interval,8.0,0.676171875,0.6501076448144693,0.7022361051855307,-,o,log,linear
fig5_sync_interval,1,edit_lines=16;metric=overlap_pairs_per_time,Simulation,6,eac6c4cb4c32c449,overlap_pairs_per_time,"{""overlap_pairs_per_time"":{""ci95_high"":""3.191024089037392"",""ci95_low"":""2.8524654942959415"",""mean"":""3.021744791666667"",""n"":""30""}}",5209b6b2f833ff958bc9320af9d577cef3453eb94ff185822028da80be7e5505,086034341ac0f852c2a6fcb69ec68e2113652b7c74c62a48ad7ff7f71f98ef48,summary_mean,sync_interval,32.0,3.021744791666667,2.8524654942959415,3.191024089037392,-,o,log,linear
fig5_sync_interval,1,edit_lines=16;metric=overlap_pairs_per_time,First-order model (theory),0,8f430b3e192ebef5,,{},,086034341ac0f852c2a6fcb69ec68e2113652b7c74c62a48ad7ff7f71f98ef48,nominal_overlap_pair_rate,sync_interval,0.125,0.011671738606428953,,,--,None,log,linear
fig5_sync_interval,1,edit_lines=16;metric=overlap_pairs_per_time,First-order model (theory),1,08cc50fc52a30529,,{},,086034341ac0f852c2a6fcb69ec68e2113652b7c74c62a48ad7ff7f71f98ef48,nominal_overlap_pair_rate,sync_interval,0.25,0.023343477212857906,,,--,None,log,linear
fig5_sync_interval,1,edit_lines=16;metric=overlap_pairs_per_time,First-order model (theory),2,9d16bc137d8d2c3c,,{},,086034341ac0f852c2a6fcb69ec68e2113652b7c74c62a48ad7ff7f71f98ef48,nominal_overlap_pair_rate,sync_interval,0.5,0.04668695442571581,,,--,None,log,linear
fig5_sync_interval,1,edit_lines=16;metric=overlap_pairs_per_time,First-order model (theory),3,113039f88ca6a69d,,{},,086034341ac0f852c2a6fcb69ec68e2113652b7c74c62a48ad7ff7f71f98ef48,nominal_overlap_pair_rate,sync_interval,1.0,0.09337390885143163,,,--,None,log,linear
fig5_sync_interval,1,edit_lines=16;metric=overlap_pairs_per_time,First-order model (theory),4,8e389ad71c19e48e,,{},,086034341ac0f852c2a6fcb69ec68e2113652b7c74c62a48ad7ff7f71f98ef48,nominal_overlap_pair_rate,sync_interval,2.0,0.18674781770286325,,,--,None,log,linear
fig5_sync_interval,1,edit_lines=16;metric=overlap_pairs_per_time,First-order model (theory),5,a7a47b831a79b459,,{},,086034341ac0f852c2a6fcb69ec68e2113652b7c74c62a48ad7ff7f71f98ef48,nominal_overlap_pair_rate,sync_interval,8.0,0.746991270811453,,,--,None,log,linear
fig5_sync_interval,1,edit_lines=16;metric=overlap_pairs_per_time,First-order model (theory),6,eac6c4cb4c32c449,,{},,086034341ac0f852c2a6fcb69ec68e2113652b7c74c62a48ad7ff7f71f98ef48,nominal_overlap_pair_rate,sync_interval,32.0,2.987965083245812,,,--,None,log,linear
fig5_sync_interval,2,edit_lines=64;metric=overlap_pairs_per_time,Simulation,0,35cfc00159d6ed4f,overlap_pairs_per_time,"{""overlap_pairs_per_time"":{""ci95_high"":""0.06438596719648622"",""ci95_low"":""0.05149944947018045"",""mean"":""0.057942708333333336"",""n"":""30""}}",5209b6b2f833ff958bc9320af9d577cef3453eb94ff185822028da80be7e5505,086034341ac0f852c2a6fcb69ec68e2113652b7c74c62a48ad7ff7f71f98ef48,summary_mean,sync_interval,0.125,0.057942708333333336,0.05149944947018045,0.06438596719648622,-,o,log,linear
fig5_sync_interval,2,edit_lines=64;metric=overlap_pairs_per_time,Simulation,1,c126fad2631a7e34,overlap_pairs_per_time,"{""overlap_pairs_per_time"":{""ci95_high"":""0.12450484777391196"",""ci95_low"":""0.10726598555942138"",""mean"":""0.11588541666666667"",""n"":""30""}}",5209b6b2f833ff958bc9320af9d577cef3453eb94ff185822028da80be7e5505,086034341ac0f852c2a6fcb69ec68e2113652b7c74c62a48ad7ff7f71f98ef48,summary_mean,sync_interval,0.25,0.11588541666666667,0.10726598555942138,0.12450484777391196,-,o,log,linear
fig5_sync_interval,2,edit_lines=64;metric=overlap_pairs_per_time,Simulation,2,0efafcc7e8672070,overlap_pairs_per_time,"{""overlap_pairs_per_time"":{""ci95_high"":""0.2465628192139131"",""ci95_low"":""0.22166634745275354"",""mean"":""0.23411458333333332"",""n"":""30""}}",5209b6b2f833ff958bc9320af9d577cef3453eb94ff185822028da80be7e5505,086034341ac0f852c2a6fcb69ec68e2113652b7c74c62a48ad7ff7f71f98ef48,summary_mean,sync_interval,0.5,0.23411458333333332,0.22166634745275354,0.2465628192139131,-,o,log,linear
fig5_sync_interval,2,edit_lines=64;metric=overlap_pairs_per_time,Simulation,3,a7bcd6b772a6a811,overlap_pairs_per_time,"{""overlap_pairs_per_time"":{""ci95_high"":""0.45611105891485"",""ci95_low"":""0.41862852441848336"",""mean"":""0.4373697916666667"",""n"":""30""}}",5209b6b2f833ff958bc9320af9d577cef3453eb94ff185822028da80be7e5505,086034341ac0f852c2a6fcb69ec68e2113652b7c74c62a48ad7ff7f71f98ef48,summary_mean,sync_interval,1.0,0.4373697916666667,0.41862852441848336,0.45611105891485,-,o,log,linear
fig5_sync_interval,2,edit_lines=64;metric=overlap_pairs_per_time,Simulation,4,0573c77147ccd4ce,overlap_pairs_per_time,"{""overlap_pairs_per_time"":{""ci95_high"":""0.8436630540876288"",""ci95_low"":""0.7909723625790378"",""mean"":""0.8173177083333333"",""n"":""30""}}",5209b6b2f833ff958bc9320af9d577cef3453eb94ff185822028da80be7e5505,086034341ac0f852c2a6fcb69ec68e2113652b7c74c62a48ad7ff7f71f98ef48,summary_mean,sync_interval,2.0,0.8173177083333333,0.7909723625790378,0.8436630540876288,-,o,log,linear
fig5_sync_interval,2,edit_lines=64;metric=overlap_pairs_per_time,Simulation,5,2eff6cd450e5fa76,overlap_pairs_per_time,"{""overlap_pairs_per_time"":{""ci95_high"":""3.6522515006080982"",""ci95_low"":""3.3300401660585686"",""mean"":""3.4911458333333334"",""n"":""30""}}",5209b6b2f833ff958bc9320af9d577cef3453eb94ff185822028da80be7e5505,086034341ac0f852c2a6fcb69ec68e2113652b7c74c62a48ad7ff7f71f98ef48,summary_mean,sync_interval,8.0,3.4911458333333334,3.3300401660585686,3.6522515006080982,-,o,log,linear
fig5_sync_interval,2,edit_lines=64;metric=overlap_pairs_per_time,Simulation,6,21dd4162be8984ff,overlap_pairs_per_time,"{""overlap_pairs_per_time"":{""ci95_high"":""16.87039162800408"",""ci95_low"":""15.376743788662589"",""mean"":""16.123567708333333"",""n"":""30""}}",5209b6b2f833ff958bc9320af9d577cef3453eb94ff185822028da80be7e5505,086034341ac0f852c2a6fcb69ec68e2113652b7c74c62a48ad7ff7f71f98ef48,summary_mean,sync_interval,32.0,16.123567708333333,15.376743788662589,16.87039162800408,-,o,log,linear
fig5_sync_interval,2,edit_lines=64;metric=overlap_pairs_per_time,First-order model (theory),0,35cfc00159d6ed4f,,{},,086034341ac0f852c2a6fcb69ec68e2113652b7c74c62a48ad7ff7f71f98ef48,nominal_overlap_pair_rate,sync_interval,0.125,0.05154249107358587,,,--,None,log,linear
fig5_sync_interval,2,edit_lines=64;metric=overlap_pairs_per_time,First-order model (theory),1,c126fad2631a7e34,,{},,086034341ac0f852c2a6fcb69ec68e2113652b7c74c62a48ad7ff7f71f98ef48,nominal_overlap_pair_rate,sync_interval,0.25,0.10308498214717174,,,--,None,log,linear
fig5_sync_interval,2,edit_lines=64;metric=overlap_pairs_per_time,First-order model (theory),2,0efafcc7e8672070,,{},,086034341ac0f852c2a6fcb69ec68e2113652b7c74c62a48ad7ff7f71f98ef48,nominal_overlap_pair_rate,sync_interval,0.5,0.20616996429434348,,,--,None,log,linear
fig5_sync_interval,2,edit_lines=64;metric=overlap_pairs_per_time,First-order model (theory),3,a7bcd6b772a6a811,,{},,086034341ac0f852c2a6fcb69ec68e2113652b7c74c62a48ad7ff7f71f98ef48,nominal_overlap_pair_rate,sync_interval,1.0,0.41233992858868695,,,--,None,log,linear
fig5_sync_interval,2,edit_lines=64;metric=overlap_pairs_per_time,First-order model (theory),4,0573c77147ccd4ce,,{},,086034341ac0f852c2a6fcb69ec68e2113652b7c74c62a48ad7ff7f71f98ef48,nominal_overlap_pair_rate,sync_interval,2.0,0.8246798571773739,,,--,None,log,linear
fig5_sync_interval,2,edit_lines=64;metric=overlap_pairs_per_time,First-order model (theory),5,2eff6cd450e5fa76,,{},,086034341ac0f852c2a6fcb69ec68e2113652b7c74c62a48ad7ff7f71f98ef48,nominal_overlap_pair_rate,sync_interval,8.0,3.2987194287094956,,,--,None,log,linear
fig5_sync_interval,2,edit_lines=64;metric=overlap_pairs_per_time,First-order model (theory),6,21dd4162be8984ff,,{},,086034341ac0f852c2a6fcb69ec68e2113652b7c74c62a48ad7ff7f71f98ef48,nominal_overlap_pair_rate,sync_interval,32.0,13.194877714837983,,,--,None,log,linear
fig5_sync_interval,3,edit_lines=4;metric=first_failures_per_time,Simulation,0,b6b215524f557569,first_failures_per_time,"{""first_failures_per_time"":{""ci95_high"":""0.004021545033114504"",""ci95_low"":""0.0017076216335521622"",""mean"":""0.002864583333333333"",""n"":""30""}}",5209b6b2f833ff958bc9320af9d577cef3453eb94ff185822028da80be7e5505,086034341ac0f852c2a6fcb69ec68e2113652b7c74c62a48ad7ff7f71f98ef48,summary_mean,sync_interval,0.125,0.002864583333333333,0.0017076216335521622,0.004021545033114504,-,o,log,linear
fig5_sync_interval,3,edit_lines=4;metric=first_failures_per_time,Simulation,1,1b2a85e65f1c4823,first_failures_per_time,"{""first_failures_per_time"":{""ci95_high"":""0.007142625064164196"",""ci95_low"":""0.004055291602502471"",""mean"":""0.005598958333333333"",""n"":""30""}}",5209b6b2f833ff958bc9320af9d577cef3453eb94ff185822028da80be7e5505,086034341ac0f852c2a6fcb69ec68e2113652b7c74c62a48ad7ff7f71f98ef48,summary_mean,sync_interval,0.25,0.005598958333333333,0.004055291602502471,0.007142625064164196,-,o,log,linear
fig5_sync_interval,3,edit_lines=4;metric=first_failures_per_time,Simulation,2,d1ddb50b0a791d87,first_failures_per_time,"{""first_failures_per_time"":{""ci95_high"":""0.012030745889044276"",""ci95_low"":""0.008802587444289056"",""mean"":""0.010416666666666666"",""n"":""30""}}",5209b6b2f833ff958bc9320af9d577cef3453eb94ff185822028da80be7e5505,086034341ac0f852c2a6fcb69ec68e2113652b7c74c62a48ad7ff7f71f98ef48,summary_mean,sync_interval,0.5,0.010416666666666666,0.008802587444289056,0.012030745889044276,-,o,log,linear
fig5_sync_interval,3,edit_lines=4;metric=first_failures_per_time,Simulation,3,3a21c8a4cd992bd8,first_failures_per_time,"{""first_failures_per_time"":{""ci95_high"":""0.02182370213063438"",""ci95_low"":""0.01619713120269895"",""mean"":""0.019010416666666665"",""n"":""30""}}",5209b6b2f833ff958bc9320af9d577cef3453eb94ff185822028da80be7e5505,086034341ac0f852c2a6fcb69ec68e2113652b7c74c62a48ad7ff7f71f98ef48,summary_mean,sync_interval,1.0,0.019010416666666665,0.01619713120269895,0.02182370213063438,-,o,log,linear
fig5_sync_interval,3,edit_lines=4;metric=first_failures_per_time,Simulation,4,38f8c3ac8f6eb58e,first_failures_per_time,"{""first_failures_per_time"":{""ci95_high"":""0.041163541763691296"",""ci95_low"":""0.0338364582363087"",""mean"":""0.0375"",""n"":""30""}}",5209b6b2f833ff958bc9320af9d577cef3453eb94ff185822028da80be7e5505,086034341ac0f852c2a6fcb69ec68e2113652b7c74c62a48ad7ff7f71f98ef48,summary_mean,sync_interval,2.0,0.0375,0.0338364582363087,0.041163541763691296,-,o,log,linear
fig5_sync_interval,3,edit_lines=4;metric=first_failures_per_time,Simulation,5,cc3faf54a13c1e38,first_failures_per_time,"{""first_failures_per_time"":{""ci95_high"":""0.152116088419006"",""ci95_low"":""0.13538391158099397"",""mean"":""0.14375"",""n"":""30""}}",5209b6b2f833ff958bc9320af9d577cef3453eb94ff185822028da80be7e5505,086034341ac0f852c2a6fcb69ec68e2113652b7c74c62a48ad7ff7f71f98ef48,summary_mean,sync_interval,8.0,0.14375,0.13538391158099397,0.152116088419006,-,o,log,linear
fig5_sync_interval,3,edit_lines=4;metric=first_failures_per_time,Simulation,6,e2d2846d32941999,first_failures_per_time,"{""first_failures_per_time"":{""ci95_high"":""0.5065155271091922"",""ci95_low"":""0.46744280622414114"",""mean"":""0.4869791666666667"",""n"":""30""}}",5209b6b2f833ff958bc9320af9d577cef3453eb94ff185822028da80be7e5505,086034341ac0f852c2a6fcb69ec68e2113652b7c74c62a48ad7ff7f71f98ef48,summary_mean,sync_interval,32.0,0.4869791666666667,0.46744280622414114,0.5065155271091922,-,o,log,linear
fig5_sync_interval,4,edit_lines=16;metric=first_failures_per_time,Simulation,0,8f430b3e192ebef5,first_failures_per_time,"{""first_failures_per_time"":{""ci95_high"":""0.01542090345473001"",""ci95_low"":""0.009318679878603322"",""mean"":""0.012369791666666666"",""n"":""30""}}",5209b6b2f833ff958bc9320af9d577cef3453eb94ff185822028da80be7e5505,086034341ac0f852c2a6fcb69ec68e2113652b7c74c62a48ad7ff7f71f98ef48,summary_mean,sync_interval,0.125,0.012369791666666666,0.009318679878603322,0.01542090345473001,-,o,log,linear
fig5_sync_interval,4,edit_lines=16;metric=first_failures_per_time,Simulation,1,08cc50fc52a30529,first_failures_per_time,"{""first_failures_per_time"":{""ci95_high"":""0.028877962229835987"",""ci95_low"":""0.021122037770164016"",""mean"":""0.025"",""n"":""30""}}",5209b6b2f833ff958bc9320af9d577cef3453eb94ff185822028da80be7e5505,086034341ac0f852c2a6fcb69ec68e2113652b7c74c62a48ad7ff7f71f98ef48,summary_mean,sync_interval,0.25,0.025,0.021122037770164016,0.028877962229835987,-,o,log,linear
fig5_sync_interval,4,edit_lines=16;metric=first_failures_per_time,Simulation,2,9d16bc137d8d2c3c,first_failures_per_time,"{""first_failures_per_time"":{""ci95_high"":""0.05395041298011126"",""ci95_low"":""0.043445420353222075"",""mean"":""0.04869791666666667"",""n"":""30""}}",5209b6b2f833ff958bc9320af9d577cef3453eb94ff185822028da80be7e5505,086034341ac0f852c2a6fcb69ec68e2113652b7c74c62a48ad7ff7f71f98ef48,summary_mean,sync_interval,0.5,0.04869791666666667,0.043445420353222075,0.05395041298011126,-,o,log,linear
fig5_sync_interval,4,edit_lines=16;metric=first_failures_per_time,Simulation,3,113039f88ca6a69d,first_failures_per_time,"{""first_failures_per_time"":{""ci95_high"":""0.10243621111407145"",""ci95_low"":""0.08792837221926189"",""mean"":""0.09518229166666667"",""n"":""30""}}",5209b6b2f833ff958bc9320af9d577cef3453eb94ff185822028da80be7e5505,086034341ac0f852c2a6fcb69ec68e2113652b7c74c62a48ad7ff7f71f98ef48,summary_mean,sync_interval,1.0,0.09518229166666667,0.08792837221926189,0.10243621111407145,-,o,log,linear
fig5_sync_interval,4,edit_lines=16;metric=first_failures_per_time,Simulation,4,8e389ad71c19e48e,first_failures_per_time,"{""first_failures_per_time"":{""ci95_high"":""0.18806527601460132"",""ci95_low"":""0.165580557318732"",""mean"":""0.17682291666666666"",""n"":""30""}}",5209b6b2f833ff958bc9320af9d577cef3453eb94ff185822028da80be7e5505,086034341ac0f852c2a6fcb69ec68e2113652b7c74c62a48ad7ff7f71f98ef48,summary_mean,sync_interval,2.0,0.17682291666666666,0.165580557318732,0.18806527601460132,-,o,log,linear
fig5_sync_interval,4,edit_lines=16;metric=first_failures_per_time,Simulation,5,a7a47b831a79b459,first_failures_per_time,"{""first_failures_per_time"":{""ci95_high"":""0.5967837703485996"",""ci95_low"":""0.5552995629847337"",""mean"":""0.5760416666666667"",""n"":""30""}}",5209b6b2f833ff958bc9320af9d577cef3453eb94ff185822028da80be7e5505,086034341ac0f852c2a6fcb69ec68e2113652b7c74c62a48ad7ff7f71f98ef48,summary_mean,sync_interval,8.0,0.5760416666666667,0.5552995629847337,0.5967837703485996,-,o,log,linear
fig5_sync_interval,4,edit_lines=16;metric=first_failures_per_time,Simulation,6,eac6c4cb4c32c449,first_failures_per_time,"{""first_failures_per_time"":{""ci95_high"":""1.5703274333059374"",""ci95_low"":""1.4609225666940626"",""mean"":""1.515625"",""n"":""30""}}",5209b6b2f833ff958bc9320af9d577cef3453eb94ff185822028da80be7e5505,086034341ac0f852c2a6fcb69ec68e2113652b7c74c62a48ad7ff7f71f98ef48,summary_mean,sync_interval,32.0,1.515625,1.4609225666940626,1.5703274333059374,-,o,log,linear
fig5_sync_interval,5,edit_lines=64;metric=first_failures_per_time,Simulation,0,35cfc00159d6ed4f,first_failures_per_time,"{""first_failures_per_time"":{""ci95_high"":""0.06131497187946441"",""ci95_low"":""0.049101694787202256"",""mean"":""0.05520833333333333"",""n"":""30""}}",5209b6b2f833ff958bc9320af9d577cef3453eb94ff185822028da80be7e5505,086034341ac0f852c2a6fcb69ec68e2113652b7c74c62a48ad7ff7f71f98ef48,summary_mean,sync_interval,0.125,0.05520833333333333,0.049101694787202256,0.06131497187946441,-,o,log,linear
fig5_sync_interval,5,edit_lines=64;metric=first_failures_per_time,Simulation,1,c126fad2631a7e34,first_failures_per_time,"{""first_failures_per_time"":{""ci95_high"":""0.11981070906008638"",""ci95_low"":""0.10336637427324695"",""mean"":""0.11158854166666667"",""n"":""30""}}",5209b6b2f833ff958bc9320af9d577cef3453eb94ff185822028da80be7e5505,086034341ac0f852c2a6fcb69ec68e2113652b7c74c62a48ad7ff7f71f98ef48,summary_mean,sync_interval,0.25,0.11158854166666667,0.10336637427324695,0.11981070906008638,-,o,log,linear
fig5_sync_interval,5,edit_lines=64;metric=first_failures_per_time,Simulation,2,0efafcc7e8672070,first_failures_per_time,"{""first_failures_per_time"":{""ci95_high"":""0.2306531802096518"",""ci95_low"":""0.20736765312368155"",""mean"":""0.21901041666666668"",""n"":""30""}}",5209b6b2f833ff958bc9320af9d577cef3453eb94ff185822028da80be7e5505,086034341ac0f852c2a6fcb69ec68e2113652b7c74c62a48ad7ff7f71f98ef48,summary_mean,sync_interval,0.5,0.21901041666666668,0.20736765312368155,0.2306531802096518,-,o,log,linear
fig5_sync_interval,5,edit_lines=64;metric=first_failures_per_time,Simulation,3,a7bcd6b772a6a811,first_failures_per_time,"{""first_failures_per_time"":{""ci95_high"":""0.4097617501422021"",""ci95_low"":""0.37721741652446455"",""mean"":""0.39348958333333334"",""n"":""30""}}",5209b6b2f833ff958bc9320af9d577cef3453eb94ff185822028da80be7e5505,086034341ac0f852c2a6fcb69ec68e2113652b7c74c62a48ad7ff7f71f98ef48,summary_mean,sync_interval,1.0,0.39348958333333334,0.37721741652446455,0.4097617501422021,-,o,log,linear
fig5_sync_interval,5,edit_lines=64;metric=first_failures_per_time,Simulation,4,0573c77147ccd4ce,first_failures_per_time,"{""first_failures_per_time"":{""ci95_high"":""0.6855326135046913"",""ci95_low"":""0.654050719828642"",""mean"":""0.6697916666666667"",""n"":""30""}}",5209b6b2f833ff958bc9320af9d577cef3453eb94ff185822028da80be7e5505,086034341ac0f852c2a6fcb69ec68e2113652b7c74c62a48ad7ff7f71f98ef48,summary_mean,sync_interval,2.0,0.6697916666666667,0.654050719828642,0.6855326135046913,-,o,log,linear
fig5_sync_interval,5,edit_lines=64;metric=first_failures_per_time,Simulation,5,2eff6cd450e5fa76,first_failures_per_time,"{""first_failures_per_time"":{""ci95_high"":""1.6732575323032728"",""ci95_low"":""1.5973153843633938"",""mean"":""1.6352864583333333"",""n"":""30""}}",5209b6b2f833ff958bc9320af9d577cef3453eb94ff185822028da80be7e5505,086034341ac0f852c2a6fcb69ec68e2113652b7c74c62a48ad7ff7f71f98ef48,summary_mean,sync_interval,8.0,1.6352864583333333,1.5973153843633938,1.6732575323032728,-,o,log,linear
fig5_sync_interval,5,edit_lines=64;metric=first_failures_per_time,Simulation,6,21dd4162be8984ff,first_failures_per_time,"{""first_failures_per_time"":{""ci95_high"":""2.1731709606427616"",""ci95_low"":""2.102089456023905"",""mean"":""2.1376302083333334"",""n"":""30""}}",5209b6b2f833ff958bc9320af9d577cef3453eb94ff185822028da80be7e5505,086034341ac0f852c2a6fcb69ec68e2113652b7c74c62a48ad7ff7f71f98ef48,summary_mean,sync_interval,32.0,2.1376302083333334,2.102089456023905,2.1731709606427616,-,o,log,linear
fig5_sync_interval,6,edit_lines=4;metric=mean_first_failure_overlap_lines,Simulation,0,b6b215524f557569,mean_first_failure_overlap_lines,"{""mean_first_failure_overlap_lines"":{""ci95_high"":""2.8673454474956435"",""ci95_low"":""1.9868212191710237"",""mean"":""2.4270833333333335"",""n"":""16""}}",5209b6b2f833ff958bc9320af9d577cef3453eb94ff185822028da80be7e5505,086034341ac0f852c2a6fcb69ec68e2113652b7c74c62a48ad7ff7f71f98ef48,summary_mean,sync_interval,0.125,2.4270833333333335,1.9868212191710237,2.8673454474956435,-,o,log,linear
fig5_sync_interval,6,edit_lines=4;metric=mean_first_failure_overlap_lines,Simulation,1,1b2a85e65f1c4823,mean_first_failure_overlap_lines,"{""mean_first_failure_overlap_lines"":{""ci95_high"":""2.823817589298451"",""ci95_low"":""2.154443280266767"",""mean"":""2.489130434782609"",""n"":""23""}}",5209b6b2f833ff958bc9320af9d577cef3453eb94ff185822028da80be7e5505,086034341ac0f852c2a6fcb69ec68e2113652b7c74c62a48ad7ff7f71f98ef48,summary_mean,sync_interval,0.25,2.489130434782609,2.154443280266767,2.823817589298451,-,o,log,linear
fig5_sync_interval,6,edit_lines=4;metric=mean_first_failure_overlap_lines,Simulation,2,d1ddb50b0a791d87,mean_first_failure_overlap_lines,"{""mean_first_failure_overlap_lines"":{""ci95_high"":""2.5351292382161663"",""ci95_low"":""2.1430316813240635"",""mean"":""2.339080459770115"",""n"":""29""}}",5209b6b2f833ff958bc9320af9d577cef3453eb94ff185822028da80be7e5505,086034341ac0f852c2a6fcb69ec68e2113652b7c74c62a48ad7ff7f71f98ef48,summary_mean,sync_interval,0.5,2.339080459770115,2.1430316813240635,2.5351292382161663,-,o,log,linear
fig5_sync_interval,6,edit_lines=4;metric=mean_first_failure_overlap_lines,Simulation,3,3a21c8a4cd992bd8,mean_first_failure_overlap_lines,"{""mean_first_failure_overlap_lines"":{""ci95_high"":""2.4991853762398266"",""ci95_low"":""2.1342574261684932"",""mean"":""2.31672140120416"",""n"":""29""}}",5209b6b2f833ff958bc9320af9d577cef3453eb94ff185822028da80be7e5505,086034341ac0f852c2a6fcb69ec68e2113652b7c74c62a48ad7ff7f71f98ef48,summary_mean,sync_interval,1.0,2.31672140120416,2.1342574261684932,2.4991853762398266,-,o,log,linear
fig5_sync_interval,6,edit_lines=4;metric=mean_first_failure_overlap_lines,Simulation,4,38f8c3ac8f6eb58e,mean_first_failure_overlap_lines,"{""mean_first_failure_overlap_lines"":{""ci95_high"":""2.404900682236057"",""ci95_low"":""2.186359539024164"",""mean"":""2.2956301106301105"",""n"":""30""}}",5209b6b2f833ff958bc9320af9d577cef3453eb94ff185822028da80be7e5505,086034341ac0f852c2a6fcb69ec68e2113652b7c74c62a48ad7ff7f71f98ef48,summary_mean,sync_interval,2.0,2.2956301106301105,2.186359539024164,2.404900682236057,-,o,log,linear
fig5_sync_interval,6,edit_lines=4;metric=mean_first_failure_overlap_lines,Simulation,5,cc3faf54a13c1e38,mean_first_failure_overlap_lines,"{""mean_first_failure_overlap_lines"":{""ci95_high"":""2.3728218633048184"",""ci95_low"":""2.226605133222788"",""mean"":""2.2997134982638032"",""n"":""30""}}",5209b6b2f833ff958bc9320af9d577cef3453eb94ff185822028da80be7e5505,086034341ac0f852c2a6fcb69ec68e2113652b7c74c62a48ad7ff7f71f98ef48,summary_mean,sync_interval,8.0,2.2997134982638032,2.226605133222788,2.3728218633048184,-,o,log,linear
fig5_sync_interval,6,edit_lines=4;metric=mean_first_failure_overlap_lines,Simulation,6,e2d2846d32941999,mean_first_failure_overlap_lines,"{""mean_first_failure_overlap_lines"":{""ci95_high"":""2.435678796904086"",""ci95_low"":""2.3690657572615006"",""mean"":""2.4023722770827933"",""n"":""30""}}",5209b6b2f833ff958bc9320af9d577cef3453eb94ff185822028da80be7e5505,086034341ac0f852c2a6fcb69ec68e2113652b7c74c62a48ad7ff7f71f98ef48,summary_mean,sync_interval,32.0,2.4023722770827933,2.3690657572615006,2.435678796904086,-,o,log,linear
fig5_sync_interval,7,edit_lines=16;metric=mean_first_failure_overlap_lines,Simulation,0,8f430b3e192ebef5,mean_first_failure_overlap_lines,"{""mean_first_failure_overlap_lines"":{""ci95_high"":""9.980032510281234"",""ci95_low"":""7.916969253387197"",""mean"":""8.948500881834216"",""n"":""27""}}",5209b6b2f833ff958bc9320af9d577cef3453eb94ff185822028da80be7e5505,086034341ac0f852c2a6fcb69ec68e2113652b7c74c62a48ad7ff7f71f98ef48,summary_mean,sync_interval,0.125,8.948500881834216,7.916969253387197,9.980032510281234,-,o,log,linear
fig5_sync_interval,7,edit_lines=16;metric=mean_first_failure_overlap_lines,Simulation,1,08cc50fc52a30529,mean_first_failure_overlap_lines,"{""mean_first_failure_overlap_lines"":{""ci95_high"":""9.29639281935785"",""ci95_low"":""7.8857805628155315"",""mean"":""8.59108669108669"",""n"":""30""}}",5209b6b2f833ff958bc9320af9d577cef3453eb94ff185822028da80be7e5505,086034341ac0f852c2a6fcb69ec68e2113652b7c74c62a48ad7ff7f71f98ef48,summary_mean,sync_interval,0.25,8.59108669108669,7.8857805628155315,9.29639281935785,-,o,log,linear
fig5_sync_interval,7,edit_lines=16;metric=mean_first_failure_overlap_lines,Simulation,2,9d16bc137d8d2c3c,mean_first_failure_overlap_lines,"{""mean_first_failure_overlap_lines"":{""ci95_high"":""8.984651503908339"",""ci95_low"":""8.015339231477135"",""mean"":""8.499995367692737"",""n"":""30""}}",5209b6b2f833ff958bc9320af9d577cef3453eb94ff185822028da80be7e5505,086034341ac0f852c2a6fcb69ec68e2113652b7c74c62a48ad7ff7f71f98ef48,summary_mean,sync_interval,0.5,8.499995367692737,8.015339231477135,8.984651503908339,-,o,log,linear
fig5_sync_interval,7,edit_lines=16;metric=mean_first_failure_overlap_lines,Simulation,3,113039f88ca6a69d,mean_first_failure_overlap_lines,"{""mean_first_failure_overlap_lines"":{""ci95_high"":""8.518143845772517"",""ci95_low"":""7.753651492995754"",""mean"":""8.135897669384136"",""n"":""30""}}",5209b6b2f833ff958bc9320af9d577cef3453eb94ff185822028da80be7e5505,086034341ac0f852c2a6fcb69ec68e2113652b7c74c62a48ad7ff7f71f98ef48,summary_mean,sync_interval,1.0,8.135897669384136,7.753651492995754,8.518143845772517,-,o,log,linear
fig5_sync_interval,7,edit_lines=16;metric=mean_first_failure_overlap_lines,Simulation,4,8e389ad71c19e48e,mean_first_failure_overlap_lines,"{""mean_first_failure_overlap_lines"":{""ci95_high"":""8.559148115982671"",""ci95_low"":""8.032224803940673"",""mean"":""8.295686459961672"",""n"":""30""}}",5209b6b2f833ff958bc9320af9d577cef3453eb94ff185822028da80be7e5505,086034341ac0f852c2a6fcb69ec68e2113652b7c74c62a48ad7ff7f71f98ef48,summary_mean,sync_interval,2.0,8.295686459961672,8.032224803940673,8.559148115982671,-,o,log,linear
fig5_sync_interval,7,edit_lines=16;metric=mean_first_failure_overlap_lines,Simulation,5,a7a47b831a79b459,mean_first_failure_overlap_lines,"{""mean_first_failure_overlap_lines"":{""ci95_high"":""8.812385061665791"",""ci95_low"":""8.532248942719415"",""mean"":""8.672317002192603"",""n"":""30""}}",5209b6b2f833ff958bc9320af9d577cef3453eb94ff185822028da80be7e5505,086034341ac0f852c2a6fcb69ec68e2113652b7c74c62a48ad7ff7f71f98ef48,summary_mean,sync_interval,8.0,8.672317002192603,8.532248942719415,8.812385061665791,-,o,log,linear
fig5_sync_interval,7,edit_lines=16;metric=mean_first_failure_overlap_lines,Simulation,6,eac6c4cb4c32c449,mean_first_failure_overlap_lines,"{""mean_first_failure_overlap_lines"":{""ci95_high"":""11.06177195687405"",""ci95_low"":""10.789139134446238"",""mean"":""10.925455545660144"",""n"":""30""}}",5209b6b2f833ff958bc9320af9d577cef3453eb94ff185822028da80be7e5505,086034341ac0f852c2a6fcb69ec68e2113652b7c74c62a48ad7ff7f71f98ef48,summary_mean,sync_interval,32.0,10.925455545660144,10.789139134446238,11.06177195687405,-,o,log,linear
fig5_sync_interval,8,edit_lines=64;metric=mean_first_failure_overlap_lines,Simulation,0,35cfc00159d6ed4f,mean_first_failure_overlap_lines,"{""mean_first_failure_overlap_lines"":{""ci95_high"":""35.92939132506744"",""ci95_low"":""31.6396827793627"",""mean"":""33.78453705221507"",""n"":""30""}}",5209b6b2f833ff958bc9320af9d577cef3453eb94ff185822028da80be7e5505,086034341ac0f852c2a6fcb69ec68e2113652b7c74c62a48ad7ff7f71f98ef48,summary_mean,sync_interval,0.125,33.78453705221507,31.6396827793627,35.92939132506744,-,o,log,linear
fig5_sync_interval,8,edit_lines=64;metric=mean_first_failure_overlap_lines,Simulation,1,c126fad2631a7e34,mean_first_failure_overlap_lines,"{""mean_first_failure_overlap_lines"":{""ci95_high"":""35.58013938818699"",""ci95_low"":""33.248246800257434"",""mean"":""34.41419309422221"",""n"":""30""}}",5209b6b2f833ff958bc9320af9d577cef3453eb94ff185822028da80be7e5505,086034341ac0f852c2a6fcb69ec68e2113652b7c74c62a48ad7ff7f71f98ef48,summary_mean,sync_interval,0.25,34.41419309422221,33.248246800257434,35.58013938818699,-,o,log,linear
fig5_sync_interval,8,edit_lines=64;metric=mean_first_failure_overlap_lines,Simulation,2,0efafcc7e8672070,mean_first_failure_overlap_lines,"{""mean_first_failure_overlap_lines"":{""ci95_high"":""35.37779247236685"",""ci95_low"":""33.70108909464348"",""mean"":""34.539440783505164"",""n"":""30""}}",5209b6b2f833ff958bc9320af9d577cef3453eb94ff185822028da80be7e5505,086034341ac0f852c2a6fcb69ec68e2113652b7c74c62a48ad7ff7f71f98ef48,summary_mean,sync_interval,0.5,34.539440783505164,33.70108909464348,35.37779247236685,-,o,log,linear
fig5_sync_interval,8,edit_lines=64;metric=mean_first_failure_overlap_lines,Simulation,3,a7bcd6b772a6a811,mean_first_failure_overlap_lines,"{""mean_first_failure_overlap_lines"":{""ci95_high"":""36.25697211108048"",""ci95_low"":""34.860341647658736"",""mean"":""35.55865687936961"",""n"":""30""}}",5209b6b2f833ff958bc9320af9d577cef3453eb94ff185822028da80be7e5505,086034341ac0f852c2a6fcb69ec68e2113652b7c74c62a48ad7ff7f71f98ef48,summary_mean,sync_interval,1.0,35.55865687936961,34.860341647658736,36.25697211108048,-,o,log,linear
fig5_sync_interval,8,edit_lines=64;metric=mean_first_failure_overlap_lines,Simulation,4,0573c77147ccd4ce,mean_first_failure_overlap_lines,"{""mean_first_failure_overlap_lines"":{""ci95_high"":""37.124333704879184"",""ci95_low"":""36.24424734206571"",""mean"":""36.68429052347245"",""n"":""30""}}",5209b6b2f833ff958bc9320af9d577cef3453eb94ff185822028da80be7e5505,086034341ac0f852c2a6fcb69ec68e2113652b7c74c62a48ad7ff7f71f98ef48,summary_mean,sync_interval,2.0,36.68429052347245,36.24424734206571,37.124333704879184,-,o,log,linear
fig5_sync_interval,8,edit_lines=64;metric=mean_first_failure_overlap_lines,Simulation,5,2eff6cd450e5fa76,mean_first_failure_overlap_lines,"{""mean_first_failure_overlap_lines"":{""ci95_high"":""44.92348273460801"",""ci95_low"":""44.02294561960931"",""mean"":""44.47321417710866"",""n"":""30""}}",5209b6b2f833ff958bc9320af9d577cef3453eb94ff185822028da80be7e5505,086034341ac0f852c2a6fcb69ec68e2113652b7c74c62a48ad7ff7f71f98ef48,summary_mean,sync_interval,8.0,44.47321417710866,44.02294561960931,44.92348273460801,-,o,log,linear
fig5_sync_interval,8,edit_lines=64;metric=mean_first_failure_overlap_lines,Simulation,6,21dd4162be8984ff,mean_first_failure_overlap_lines,"{""mean_first_failure_overlap_lines"":{""ci95_high"":""57.044900493775174"",""ci95_low"":""56.4569392273322"",""mean"":""56.75091986055369"",""n"":""30""}}",5209b6b2f833ff958bc9320af9d577cef3453eb94ff185822028da80be7e5505,086034341ac0f852c2a6fcb69ec68e2113652b7c74c62a48ad7ff7f71f98ef48,summary_mean,sync_interval,32.0,56.75091986055369,56.4569392273322,57.044900493775174,-,o,log,linear
fig6_wait_resolved,0,edit_lines=4,Bartender (immediate dispatch; δ does not apply),0,02b20d8006444bf2,author_repair_completions|failed_repair_completions|conflict_cohort_n,"{""author_repair_completions"":{""ci95_high"":""35.01291254133706"",""ci95_low"":""31.187087458662944"",""mean"":""33.1"",""n"":""30""},""conflict_cohort_n"":{""ci95_high"":""35.01291254133706"",""ci95_low"":""31.187087458662944"",""mean"":""33.1"",""n"":""30""},""failed_repair_completions"":{""ci95_high"":""0.0"",""ci95_low"":""0.0"",""mean"":""0"",""n"":""30""}}",5209b6b2f833ff958bc9320af9d577cef3453eb94ff185822028da80be7e5505,086034341ac0f852c2a6fcb69ec68e2113652b7c74c62a48ad7ff7f71f98ef48,zero_wait_reference:completed_minus_failed_over_initial,comparator_wait_characteristic_units,0.0,1.0,,,-,o,linear,linear
fig6_wait_resolved,0,edit_lines=4,Bartender (immediate dispatch; δ does not apply),1,02b20d8006444bf2,author_repair_completions|failed_repair_completions|conflict_cohort_n,"{""author_repair_completions"":{""ci95_high"":""35.01291254133706"",""ci95_low"":""31.187087458662944"",""mean"":""33.1"",""n"":""30""},""conflict_cohort_n"":{""ci95_high"":""35.01291254133706"",""ci95_low"":""31.187087458662944"",""mean"":""33.1"",""n"":""30""},""failed_repair_completions"":{""ci95_high"":""0.0"",""ci95_low"":""0.0"",""mean"":""0"",""n"":""30""}}",5209b6b2f833ff958bc9320af9d577cef3453eb94ff185822028da80be7e5505,086034341ac0f852c2a6fcb69ec68e2113652b7c74c62a48ad7ff7f71f98ef48,zero_wait_reference:completed_minus_failed_over_initial,comparator_wait_characteristic_units,4.0,1.0,,,-,o,linear,linear
fig6_wait_resolved,0,edit_lines=4,Kick-back: base at dispatch,0,02b20d8006444bf2,author_repair_completions|failed_repair_completions|conflict_cohort_n,"{""author_repair_completions"":{""ci95_high"":""35.01291254133706"",""ci95_low"":""31.187087458662944"",""mean"":""33.1"",""n"":""30""},""conflict_cohort_n"":{""ci95_high"":""35.01291254133706"",""ci95_low"":""31.187087458662944"",""mean"":""33.1"",""n"":""30""},""failed_repair_completions"":{""ci95_high"":""0.0"",""ci95_low"":""0.0"",""mean"":""0"",""n"":""30""}}",5209b6b2f833ff958bc9320af9d577cef3453eb94ff185822028da80be7e5505,086034341ac0f852c2a6fcb69ec68e2113652b7c74c62a48ad7ff7f71f98ef48,completed_minus_failed_over_initial,wait_in_characteristic_units,0.0,1.0,,,--,o,linear,linear
fig6_wait_resolved,0,edit_lines=4,Kick-back: base at dispatch,1,3707cb5b5d32215d,author_repair_completions|failed_repair_completions|conflict_cohort_n,"{""author_repair_completions"":{""ci95_high"":""124.34587607469325"",""ci95_low"":""121.52079059197342"",""mean"":""122.93333333333334"",""n"":""30""},""conflict_cohort_n"":{""ci95_high"":""115.47916410962445"",""ci95_low"":""111.58750255704221"",""mean"":""113.53333333333333"",""n"":""30""},""failed_repair_completions"":{""ci95_high"":""13.779862528551721"",""ci95_low"":""11.02013747144828"",""mean"":""12.4"",""n"":""30""}}",5209b6b2f833ff958bc9320af9d577cef3453eb94ff185822028da80be7e5505,086034341ac0f852c2a6fcb69ec68e2113652b7c74c62a48ad7ff7f71f98ef48,completed_minus_failed_over_initial,wait_in_characteristic_units,0.25,0.9735760422783324,,,--,o,linear,linear
fig6_wait_resolved,0,edit_lines=4,Kick-back: base at dispatch,2,87fe399ab241af87,author_repair_completions|failed_repair_completions|conflict_cohort_n,"{""author_repair_completions"":{""ci95_high"":""62.16191089454524"",""ci95_low"":""60.7714224387881"",""mean"":""61.46666666666667"",""n"":""30""},""conflict_cohort_n"":{""ci95_high"":""54.56123052749685"",""ci95_low"":""51.57210280583649"",""mean"":""53.06666666666667"",""n"":""30""},""failed_repair_completions"":{""ci95_high"":""12.502352927610525"",""ci95_low"":""10.297647072389475"",""mean"":""11.4"",""n"":""30""}}",5209b6b2f833ff958bc9320af9d577cef3453eb94ff185822028da80be7e5505,086034341ac0f852c2a6fcb69ec68e2113652b7c74c62a48ad7ff7f71f98ef48,completed_minus_failed_over_initial,wait_in_characteristic_units,0.5,0.9434673366834171,,,--,o,linear,linear
fig6_wait_resolved,0,edit_lines=4,Kick-back: base at dispatch,3,cfc00d9707027260,author_repair_completions|failed_repair_completions|conflict_cohort_n,"{""author_repair_completions"":{""ci95_high"":""30.926767206054535"",""ci95_low"":""30.206566127278798"",""mean"":""30.566666666666666"",""n"":""30""},""conflict_cohort_n"":{""ci95_high"":""24.09164574690578"",""ci95_low"":""22.108354253094223"",""mean"":""23.1"",""n"":""30""},""failed_repair_completions"":{""ci95_high"":""11.414524230695053"",""ci95_low"":""9.518809102638281"",""mean"":""10.466666666666667"",""n"":""30""}}",5209b6b2f833ff958bc9320af9d577cef3453eb94ff185822028da80be7e5505,086034341ac0f852c2a6fcb69ec68e2113652b7c74c62a48ad7ff7f71f98ef48,completed_minus_failed_over_initial,wait_in_characteristic_units,1.0,0.8701298701298701,,,--,o,linear,linear
fig6_wait_resolved,0,edit_lines=4,Kick-back: base at dispatch,4,da826101a53572f3,author_repair_completions|failed_repair_completions|conflict_cohort_n,"{""author_repair_completions"":{""ci95_high"":""15.044060651339525"",""ci95_low"":""14.755939348660476"",""mean"":""14.9"",""n"":""30""},""conflict_cohort_n"":{""ci95_high"":""10.416675969619495"",""ci95_low"":""8.84999069704717"",""mean"":""9.633333333333333"",""n"":""30""},""failed_repair_completions"":{""ci95_high"":""9.058140620222366"",""ci95_low"":""7.475192713110969"",""mean"":""8.266666666666667"",""n"":""30""}}",5209b6b2f833ff958bc9320af9d577cef3453eb94ff185822028da80be7e5505,086034341ac0f852c2a6fcb69ec68e2113652b7c74c62a48ad7ff7f71f98ef48,completed_minus_failed_over_initial,wait_in_characteristic_units,2.0,0.6885813148788927,,,--,o,linear,linear
fig6_wait_resolved,0,edit_lines=4,Kick-back: base at dispatch,5,de6fe7be801f0b4c,author_repair_completions|failed_repair_completions|conflict_cohort_n,"{""author_repair_completions"":{""ci95_high"":""7.032"",""ci95_low"":""6.9013333333333335"",""mean"":""6.966666666666667"",""n"":""30""},""conflict_cohort_n"":{""ci95_high"":""4.441211400454978"",""ci95_low"":""3.82545526621169"",""mean"":""4.133333333333334"",""n"":""30""},""failed_repair_completions"":{""ci95_high"":""6.146190883575124"",""ci95_low"":""5.520475783091542"",""mean"":""5.833333333333333"",""n"":""30""}}",5209b6b2f833ff958bc9320af9d577cef3453eb94ff185822028da80be7e5505,086034341ac0f852c2a6fcb69ec68e2113652b7c74c62a48ad7ff7f71f98ef48,completed_minus_failed_over_initial,wait_in_characteristic_units,4.0,0.27419354838709686,,,--,o,linear,linear
fig6_wait_resolved,0,edit_lines=4,Kick-back: re-read at repair start,0,d8d14b4e07c89637,author_repair_completions|failed_repair_completions|conflict_cohort_n,"{""author_repair_completions"":{""ci95_high"":""35.01291254133706"",""ci95_low"":""31.187087458662944"",""mean"":""33.1"",""n"":""30""},""conflict_cohort_n"":{""ci95_high"":""35.01291254133706"",""ci95_low"":""31.187087458662944"",""mean"":""33.1"",""n"":""30""},""failed_repair_completions"":{""ci95_high"":""0.0"",""ci95_low"":""0.0"",""mean"":""0"",""n"":""30""}}",5209b6b2f833ff958bc9320af9d577cef3453eb94ff185822028da80be7e5505,086034341ac0f852c2a6fcb69ec68e2113652b7c74c62a48ad7ff7f71f98ef48,completed_minus_failed_over_initial,wait_in_characteristic_units,0.0,1.0,,,--,s,linear,linear
fig6_wait_resolved,0,edit_lines=4,Kick-back: re-read at repair start,1,8c1d6df6dd5658a5,author_repair_completions|failed_repair_completions|conflict_cohort_n,"{""author_repair_completions"":{""ci95_high"":""124.34587607469325"",""ci95_low"":""121.52079059197342"",""mean"":""122.93333333333334"",""n"":""30""},""conflict_cohort_n"":{""ci95_high"":""127.12656709438153"",""ci95_low"":""124.14009957228515"",""mean"":""125.63333333333334"",""n"":""30""},""failed_repair_completions"":{""ci95_high"":""0.49144123674495205"",""ci95_low"":""0.10855876325504793"",""mean"":""0.3"",""n"":""30""}}",5209b6b2f833ff958bc9320af9d577cef3453eb94ff185822028da80be7e5505,086034341ac0f852c2a6fcb69ec68e2113652b7c74c62a48ad7ff7f71f98ef48,completed_minus_failed_over_initial,wait_in_characteristic_units,0.25,0.976120986999204,,,--,s,linear,linear
fig6_wait_resolved,0,edit_lines=4,Kick-back: re-read at repair start,2,3fcd2dbee09e2e1b,author_repair_completions|failed_repair_completions|conflict_cohort_n,"{""author_repair_completions"":{""ci95_high"":""62.16191089454524"",""ci95_low"":""60.7714224387881"",""mean"":""61.46666666666667"",""n"":""30""},""conflict_cohort_n"":{""ci95_high"":""65.0603212783478"",""ci95_low"":""63.67301205498552"",""mean"":""64.36666666666666"",""n"":""30""},""failed_repair_completions"":{""ci95_high"":""0.2091888588481065"",""ci95_low"":""-0.009188858848106482"",""mean"":""0.1"",""n"":""30""}}",5209b6b2f833ff958bc9320af9d577cef3453eb94ff185822028da80be7e5505,086034341ac0f852c2a6fcb69ec68e2113652b7c74c62a48ad7ff7f71f98ef48,completed_minus_failed_over_initial,wait_in_characteristic_units,0.5,0.9533920248575869,,,--,s,linear,linear
fig6_wait_resolved,0,edit_lines=4,Kick-back: re-read at repair start,3,cfc9652c78eaf652,author_repair_completions|failed_repair_completions|conflict_cohort_n,"{""author_repair_completions"":{""ci95_high"":""30.926767206054535"",""ci95_low"":""30.206566127278798"",""mean"":""30.566666666666666"",""n"":""30""},""conflict_cohort_n"":{""ci95_high"":""33.860917094947425"",""ci95_low"":""33.139082905052575"",""mean"":""33.5"",""n"":""30""},""failed_repair_completions"":{""ci95_high"":""0.1574549556138744"",""ci95_low"":""-0.024121622280541086"",""mean"":""0.06666666666666667"",""n"":""30""}}",5209b6b2f833ff958bc9320af9d577cef3453eb94ff185822028da80be7e5505,086034341ac0f852c2a6fcb69ec68e2113652b7c74c62a48ad7ff7f71f98ef48,completed_minus_failed_over_initial,wait_in_characteristic_units,1.0,0.9104477611940298,,,--,s,linear,linear
fig6_wait_resolved,0,edit_lines=4,Kick-back: re-read at repair start,4,f787499fc07184e2,author_repair_completions|failed_repair_completions|conflict_cohort_n,"{""author_repair_completions"":{""ci95_high"":""15.044060651339525"",""ci95_low"":""14.755939348660476"",""mean"":""14.9"",""n"":""30""},""conflict_cohort_n"":{""ci95_high"":""18.04406065133952"",""ci95_low"":""17.755939348660476"",""mean"":""17.9"",""n"":""30""},""failed_repair_completions"":{""ci95_high"":""0.0"",""ci95_low"":""0.0"",""mean"":""0"",""n"":""30""}}",5209b6b2f833ff958bc9320af9d577cef3453eb94ff185822028da80be7e5505,086034341ac0f852c2a6fcb69ec68e2113652b7c74c62a48ad7ff7f71f98ef48,completed_minus_failed_over_initial,wait_in_characteristic_units,2.0,0.8324022346368716,,,--,s,linear,linear
fig6_wait_resolved,0,edit_lines=4,Kick-back: re-read at repair start,5,32317f42642bca58,author_repair_completions|failed_repair_completions|conflict_cohort_n,"{""author_repair_completions"":{""ci95_high"":""7.032"",""ci95_low"":""6.9013333333333335"",""mean"":""6.966666666666667"",""n"":""30""},""conflict_cohort_n"":{""ci95_high"":""10.024121622280541"",""ci95_low"":""9.842545044386126"",""mean"":""9.933333333333334"",""n"":""30""},""failed_repair_completions"":{""ci95_high"":""0.09866666666666665"",""ci95_low"":""-0.031999999999999994"",""mean"":""0.03333333333333333"",""n"":""30""}}",5209b6b2f833ff958bc9320af9d577cef3453eb94ff185822028da80be7e5505,086034341ac0f852c2a6fcb69ec68e2113652b7c74c62a48ad7ff7f71f98ef48,completed_minus_failed_over_initial,wait_in_characteristic_units,4.0,0.697986577181208,,,--,s,linear,linear
fig6_wait_resolved,1,edit_lines=16,Bartender (immediate dispatch; δ does not apply),0,7ffbca498ce8f21a,author_repair_completions|failed_repair_completions|conflict_cohort_n,"{""author_repair_completions"":{""ci95_high"":""36.222000895030966"",""ci95_low"":""31.4446657716357"",""mean"":""33.833333333333336"",""n"":""30""},""conflict_cohort_n"":{""ci95_high"":""36.222000895030966"",""ci95_low"":""31.4446657716357"",""mean"":""33.833333333333336"",""n"":""30""},""failed_repair_completions"":{""ci95_high"":""0.0"",""ci95_low"":""0.0"",""mean"":""0"",""n"":""30""}}",5209b6b2f833ff958bc9320af9d577cef3453eb94ff185822028da80be7e5505,086034341ac0f852c2a6fcb69ec68e2113652b7c74c62a48ad7ff7f71f98ef48,zero_wait_reference:completed_minus_failed_over_initial,comparator_wait_characteristic_units,0.0,1.0,,,-,o,linear,linear
fig6_wait_resolved,1,edit_lines=16,Bartender (immediate dispatch; δ does not apply),1,7ffbca498ce8f21a,author_repair_completions|failed_repair_completions|conflict_cohort_n,"{""author_repair_completions"":{""ci95_high"":""36.222000895030966"",""ci95_low"":""31.4446657716357"",""mean"":""33.833333333333336"",""n"":""30""},""conflict_cohort_n"":{""ci95_high"":""36.222000895030966"",""ci95_low"":""31.4446657716357"",""mean"":""33.833333333333336"",""n"":""30""},""failed_repair_completions"":{""ci95_high"":""0.0"",""ci95_low"":""0.0"",""mean"":""0"",""n"":""30""}}",5209b6b2f833ff958bc9320af9d577cef3453eb94ff185822028da80be7e5505,086034341ac0f852c2a6fcb69ec68e2113652b7c74c62a48ad7ff7f71f98ef48,zero_wait_reference:completed_minus_failed_over_initial,comparator_wait_characteristic_units,4.0,1.0,,,-,o,linear,linear
fig6_wait_resolved,1,edit_lines=16,Kick-back: base at dispatch,0,7ffbca498ce8f21a,author_repair_completions|failed_repair_completions|conflict_cohort_n,"{""author_repair_completions"":{""ci95_high"":""36.222000895030966"",""ci95_low"":""31.4446657716357"",""mean"":""33.833333333333336"",""n"":""30""},""conflict_cohort_n"":{""ci95_high"":""36.222000895030966"",""ci95_low"":""31.4446657716357"",""mean"":""33.833333333333336"",""n"":""30""},""failed_repair_completions"":{""ci95_high"":""0.0"",""ci95_low"":""0.0"",""mean"":""0"",""n"":""30""}}",5209b6b2f833ff958bc9320af9d577cef3453eb94ff185822028da80be7e5505,086034341ac0f852c2a6fcb69ec68e2113652b7c74c62a48ad7ff7f71f98ef48,completed_minus_failed_over_initial,wait_in_characteristic_units,0.0,1.0,,,--,o,linear,linear
fig6_wait_resolved,1,edit_lines=16,Kick-back: base at dispatch,1,10d3547ed2a37f76,author_repair_completions|failed_repair_completions|conflict_cohort_n,"{""author_repair_completions"":{""ci95_high"":""118.84086075416127"",""ci95_low"":""114.35913924583872"",""mean"":""116.6"",""n"":""30""},""conflict_cohort_n"":{""ci95_high"":""111.03866244578259"",""ci95_low"":""106.02800422088407"",""mean"":""108.53333333333333"",""n"":""30""},""failed_repair_completions"":{""ci95_high"":""12.16292198120917"",""ci95_low"":""9.903744685457497"",""mean"":""11.033333333333333"",""n"":""30""}}",5209b6b2f833ff958bc9320af9d577cef3453eb94ff185822028da80be7e5505,086034341ac0f852c2a6fcb69ec68e2113652b7c74c62a48ad7ff7f71f98ef48,completed_minus_failed_over_initial,wait_in_characteristic_units,0.25,0.9726658476658476,,,--,o,linear,linear
fig6_wait_resolved,1,edit_lines=16,Kick-back: base at dispatch,2,fdae7268df4944dc,author_repair_completions|failed_repair_completions|conflict_cohort_n,"{""author_repair_completions"":{""ci95_high"":""60.95747631359126"",""ci95_low"":""58.77585701974208"",""mean"":""59.86666666666667"",""n"":""30""},""conflict_cohort_n"":{""ci95_high"":""53.214025378389294"",""ci95_low"":""49.71930795494404"",""mean"":""51.46666666666667"",""n"":""30""},""failed_repair_completions"":{""ci95_high"":""12.601996194076634"",""ci95_low"":""10.198003805923367"",""mean"":""11.4"",""n"":""30""}}",5209b6b2f833ff958bc9320af9d577cef3453eb94ff185822028da80be7e5505,086034341ac0f852c2a6fcb69ec68e2113652b7c74c62a48ad7ff7f71f98ef48,completed_minus_failed_over_initial,wait_in_characteristic_units,0.5,0.9417098445595855,,,--,o,linear,linear
fig6_wait_resolved,1,edit_lines=16,Kick-back: base at dispatch,3,6b8c21b4615cc392,author_repair_completions|failed_repair_completions|conflict_cohort_n,"{""author_repair_completions"":{""ci95_high"":""30.60095465224747"",""ci95_low"":""29.4657120144192"",""mean"":""30.033333333333335"",""n"":""30""},""conflict_cohort_n"":{""ci95_high"":""24.325790012344285"",""ci95_low"":""22.274209987655716"",""mean"":""23.3"",""n"":""30""},""failed_repair_completions"":{""ci95_high"":""10.695465536711291"",""ci95_low"":""8.837867796622044"",""mean"":""9.766666666666667"",""n"":""30""}}",5209b6b2f833ff958bc9320af9d577cef3453eb94ff185822028da80be7e5505,086034341ac0f852c2a6fcb69ec68e2113652b7c74c62a48ad7ff7f71f98ef48,completed_minus_failed_over_initial,wait_in_characteristic_units,1.0,0.8698140200286122,,,--,o,linear,linear
fig6_wait_resolved,1,edit_lines=16,Kick-back: base at dispatch,4,9d9e9e0c0aa33826,author_repair_completions|failed_repair_completions|conflict_cohort_n,"{""author_repair_completions"":{""ci95_high"":""14.980780498637076"",""ci95_low"":""14.48588616802959"",""mean"":""14.733333333333333"",""n"":""30""},""conflict_cohort_n"":{""ci95_high"":""10.113218639399033"",""ci95_low"":""8.686781360600968"",""mean"":""9.4"",""n"":""30""},""failed_repair_completions"":{""ci95_high"":""9.02603242431826"",""ci95_low"":""7.640634242348409"",""mean"":""8.333333333333334"",""n"":""30""}}",5209b6b2f833ff958bc9320af9d577cef3453eb94ff185822028da80be7e5505,086034341ac0f852c2a6fcb69ec68e2113652b7c74c62a48ad7ff7f71f98ef48,completed_minus_failed_over_initial,wait_in_characteristic_units,2.0,0.6808510638297871,,,--,o,linear,linear
fig6_wait_resolved,1,edit_lines=16,Kick-back: base at dispatch,5,9e253da13fdcf05d,author_repair_completions|failed_repair_completions|conflict_cohort_n,"{""author_repair_completions"":{""ci95_high"":""7.024121622280541"",""ci95_low"":""6.842545044386126"",""mean"":""6.933333333333334"",""n"":""30""},""conflict_cohort_n"":{""ci95_high"":""4.895922899727631"",""ci95_low"":""4.104077100272369"",""mean"":""4.5"",""n"":""30""},""failed_repair_completions"":{""ci95_high"":""5.828512016426035"",""ci95_low"":""5.0381546502406325"",""mean"":""5.433333333333334"",""n"":""30""}}",5209b6b2f833ff958bc9320af9d577cef3453eb94ff185822028da80be7e5505,086034341ac0f852c2a6fcb69ec68e2113652b7c74c62a48ad7ff7f71f98ef48,completed_minus_failed_over_initial,wait_in_characteristic_units,4.0,0.3333333333333333,,,--,o,linear,linear
fig6_wait_resolved,1,edit_lines=16,Kick-back: re-read at repair start,0,8c43ef60ff809e72,author_repair_completions|failed_repair_completions|conflict_cohort_n,"{""author_repair_completions"":{""ci95_high"":""36.222000895030966"",""ci95_low"":""31.4446657716357"",""mean"":""33.833333333333336"",""n"":""30""},""conflict_cohort_n"":{""ci95_high"":""36.222000895030966"",""ci95_low"":""31.4446657716357"",""mean"":""33.833333333333336"",""n"":""30""},""failed_repair_completions"":{""ci95_high"":""0.0"",""ci95_low"":""0.0"",""mean"":""0"",""n"":""30""}}",5209b6b2f833ff958bc9320af9d577cef3453eb94ff185822028da80be7e5505,086034341ac0f852c2a6fcb69ec68e2113652b7c74c62a48ad7ff7f71f98ef48,completed_minus_failed_over_initial,wait_in_characteristic_units,0.0,1.0,,,--,s,linear,linear
fig6_wait_resolved,1,edit_lines=16,Kick-back: re-read at repair start,1,032c0619b8f3f009,author_repair_completions|failed_repair_completions|conflict_cohort_n,"{""author_repair_completions"":{""ci95_high"":""118.84086075416127"",""ci95_low"":""114.35913924583872"",""mean"":""116.6"",""n"":""30""},""conflict_cohort_n"":{""ci95_high"":""121.1994007636636"",""ci95_low"":""116.73393256966973"",""mean"":""118.96666666666667"",""n"":""30""},""failed_repair_completions"":{""ci95_high"":""0.8911702902616173"",""ci95_low"":""0.30882970973838264"",""mean"":""0.6"",""n"":""30""}}",5209b6b2f833ff958bc9320af9d577cef3453eb94ff185822028da80be7e5505,086034341ac0f852c2a6fcb69ec68e2113652b7c74c62a48ad7ff7f71f98ef48,completed_minus_failed_over_initial,wait_in_characteristic_units,0.25,0.975063042869151,,,--,s,linear,linear
fig6_wait_resolved,1,edit_lines=16,Kick-back: re-read at repair start,2,239187bc9ecf2ed4,author_repair_completions|failed_repair_completions|conflict_cohort_n,"{""author_repair_completions"":{""ci95_high"":""60.95747631359126"",""ci95_low"":""58.77585701974208"",""mean"":""59.86666666666667"",""n"":""30""},""conflict_cohort_n"":{""ci95_high"":""63.74672734437148"",""ci95_low"":""61.38660598896186"",""mean"":""62.56666666666667"",""n"":""30""},""failed_repair_completions"":{""ci95_high"":""0.49144123674495205"",""ci95_low"":""0.10855876325504793"",""mean"":""0.3"",""n"":""30""}}",5209b6b2f833ff958bc9320af9d577cef3453eb94ff185822028da80be7e5505,086034341ac0f852c2a6fcb69ec68e2113652b7c74c62a48ad7ff7f71f98ef48,completed_minus_failed_over_initial,wait_in_characteristic_units,0.5,0.9520511454448588,,,--,s,linear,linear
fig6_wait_resolved,1,edit_lines=16,Kick-back: re-read at repair start,3,c721de96820cdbc1,author_repair_completions|failed_repair_completions|conflict_cohort_n,"{""author_repair_completions"":{""ci95_high"":""30.60095465224747"",""ci95_low"":""29.4657120144192"",""mean"":""30.033333333333335"",""n"":""30""},""conflict_cohort_n"":{""ci95_high"":""33.532848985999394"",""ci95_low"":""32.2671510140006"",""mean"":""32.9"",""n"":""30""},""failed_repair_completions"":{""ci95_high"":""0.25705691598520514"",""ci95_low"":""0.009609750681461526"",""mean"":""0.13333333333333333"",""n"":""30""}}",5209b6b2f833ff958bc9320af9d577cef3453eb94ff185822028da80be7e5505,086034341ac0f852c2a6fcb69ec68e2113652b7c74c62a48ad7ff7f71f98ef48,completed_minus_failed_over_initial,wait_in_characteristic_units,1.0,0.9088145896656536,,,--,s,linear,linear
fig6_wait_resolved,1,edit_lines=16,Kick-back: re-read at repair start,4,c4659f8f06dc7b92,author_repair_completions|failed_repair_completions|conflict_cohort_n,"{""author_repair_completions"":{""ci95_high"":""14.980780498637076"",""ci95_low"":""14.48588616802959"",""mean"":""14.733333333333333"",""n"":""30""},""conflict_cohort_n"":{""ci95_high"":""17.93794856752222"",""ci95_low"":""17.395384765811116"",""mean"":""17.666666666666668"",""n"":""30""},""failed_repair_completions"":{""ci95_high"":""0.1574549556138744"",""ci95_low"":""-0.024121622280541086"",""mean"":""0.06666666666666667"",""n"":""30""}}",5209b6b2f833ff958bc9320af9d577cef3453eb94ff185822028da80be7e5505,086034341ac0f852c2a6fcb69ec68e2113652b7c74c62a48ad7ff7f71f98ef48,completed_minus_failed_over_initial,wait_in_characteristic_units,2.0,0.830188679245283,,,--,s,linear,linear
fig6_wait_resolved,1,edit_lines=16,Kick-back: re-read at repair start,5,aa685c470f857ca4,author_repair_completions|failed_repair_completions|conflict_cohort_n,"{""author_repair_completions"":{""ci95_high"":""7.024121622280541"",""ci95_low"":""6.842545044386126"",""mean"":""6.933333333333334"",""n"":""30""},""conflict_cohort_n"":{""ci95_high"":""9.990390249318539"",""ci95_low"":""9.742943084014795"",""mean"":""9.866666666666667"",""n"":""30""},""failed_repair_completions"":{""ci95_high"":""0.1574549556138744"",""ci95_low"":""-0.024121622280541086"",""mean"":""0.06666666666666667"",""n"":""30""}}",5209b6b2f833ff958bc9320af9d577cef3453eb94ff185822028da80be7e5505,086034341ac0f852c2a6fcb69ec68e2113652b7c74c62a48ad7ff7f71f98ef48,completed_minus_failed_over_initial,wait_in_characteristic_units,4.0,0.6959459459459459,,,--,s,linear,linear
fig6_wait_resolved,2,edit_lines=64,Bartender (immediate dispatch; δ does not apply),0,0a5f08c55f41e3dc,author_repair_completions|failed_repair_completions|conflict_cohort_n,"{""author_repair_completions"":{""ci95_high"":""58.91980085542969"",""ci95_low"":""52.94686581123697"",""mean"":""55.93333333333333"",""n"":""30""},""conflict_cohort_n"":{""ci95_high"":""59.04721413367086"",""ci95_low"":""53.08611919966248"",""mean"":""56.06666666666667"",""n"":""30""},""failed_repair_completions"":{""ci95_high"":""0.0"",""ci95_low"":""0.0"",""mean"":""0"",""n"":""30""}}",5209b6b2f833ff958bc9320af9d577cef3453eb94ff185822028da80be7e5505,086034341ac0f852c2a6fcb69ec68e2113652b7c74c62a48ad7ff7f71f98ef48,zero_wait_reference:completed_minus_failed_over_initial,comparator_wait_characteristic_units,0.0,0.9976218787158144,,,-,o,linear,linear
fig6_wait_resolved,2,edit_lines=64,Bartender (immediate dispatch; δ does not apply),1,0a5f08c55f41e3dc,author_repair_completions|failed_repair_completions|conflict_cohort_n,"{""author_repair_completions"":{""ci95_high"":""58.91980085542969"",""ci95_low"":""52.94686581123697"",""mean"":""55.93333333333333"",""n"":""30""},""conflict_cohort_n"":{""ci95_high"":""59.04721413367086"",""ci95_low"":""53.08611919966248"",""mean"":""56.06666666666667"",""n"":""30""},""failed_repair_completions"":{""ci95_high"":""0.0"",""ci95_low"":""0.0"",""mean"":""0"",""n"":""30""}}",5209b6b2f833ff958bc9320af9d577cef3453eb94ff185822028da80be7e5505,086034341ac0f852c2a6fcb69ec68e2113652b7c74c62a48ad7ff7f71f98ef48,zero_wait_reference:completed_minus_failed_over_initial,comparator_wait_characteristic_units,4.0,0.9976218787158144,,,-,o,linear,linear
fig6_wait_resolved,2,edit_lines=64,Kick-back: base at dispatch,0,0a5f08c55f41e3dc,author_repair_completions|failed_repair_completions|conflict_cohort_n,"{""author_repair_completions"":{""ci95_high"":""58.91980085542969"",""ci95_low"":""52.94686581123697"",""mean"":""55.93333333333333"",""n"":""30""},""conflict_cohort_n"":{""ci95_high"":""59.04721413367086"",""ci95_low"":""53.08611919966248"",""mean"":""56.06666666666667"",""n"":""30""},""failed_repair_completions"":{""ci95_high"":""0.0"",""ci95_low"":""0.0"",""mean"":""0"",""n"":""30""}}",5209b6b2f833ff958bc9320af9d577cef3453eb94ff185822028da80be7e5505,086034341ac0f852c2a6fcb69ec68e2113652b7c74c62a48ad7ff7f71f98ef48,completed_minus_failed_over_initial,wait_in_characteristic_units,0.0,0.9976218787158144,,,--,o,linear,linear
fig6_wait_resolved,2,edit_lines=64,Kick-back: base at dispatch,1,5169b70191430273,author_repair_completions|failed_repair_completions|conflict_cohort_n,"{""author_repair_completions"":{""ci95_high"":""171.37997801475984"",""ci95_low"":""166.5533553185735"",""mean"":""168.96666666666667"",""n"":""30""},""conflict_cohort_n"":{""ci95_high"":""153.53199004587762"",""ci95_low"":""147.6013432874557"",""mean"":""150.56666666666666"",""n"":""30""},""failed_repair_completions"":{""ci95_high"":""23.150474347177383"",""ci95_low"":""19.116192319489283"",""mean"":""21.133333333333333"",""n"":""30""}}",5209b6b2f833ff958bc9320af9d577cef3453eb94ff185822028da80be7e5505,086034341ac0f852c2a6fcb69ec68e2113652b7c74c62a48ad7ff7f71f98ef48,completed_minus_failed_over_initial,wait_in_characteristic_units,0.25,0.9818463582023468,,,--,o,linear,linear
fig6_wait_resolved,2,edit_lines=64,Kick-back: base at dispatch,2,4a94f3bf96ccc231,author_repair_completions|failed_repair_completions|conflict_cohort_n,"{""author_repair_completions"":{""ci95_high"":""94.02532489379922"",""ci95_low"":""92.84134177286745"",""mean"":""93.43333333333334"",""n"":""30""},""conflict_cohort_n"":{""ci95_high"":""80.47906228344088"",""ci95_low"":""77.7209377165591"",""mean"":""79.1"",""n"":""30""},""failed_repair_completions"":{""ci95_high"":""18.595304545761003"",""ci95_low"":""16.07136212090566"",""mean"":""17.333333333333332"",""n"":""30""}}",5209b6b2f833ff958bc9320af9d577cef3453eb94ff185822028da80be7e5505,086034341ac0f852c2a6fcb69ec68e2113652b7c74c62a48ad7ff7f71f98ef48,completed_minus_failed_over_initial,wait_in_characteristic_units,0.5,0.9620733249051835,,,--,o,linear,linear
fig6_wait_resolved,2,edit_lines=64,Kick-back: base at dispatch,3,f4a4a5e023b3e44d,author_repair_completions|failed_repair_completions|conflict_cohort_n,"{""author_repair_completions"":{""ci95_high"":""49.023230663932225"",""ci95_low"":""48.64343600273445"",""mean"":""48.833333333333336"",""n"":""30""},""conflict_cohort_n"":{""ci95_high"":""37.59026457177196"",""ci95_low"":""34.4764020948947"",""mean"":""36.03333333333333"",""n"":""30""},""failed_repair_completions"":{""ci95_high"":""17.345787540492392"",""ci95_low"":""14.387545792840942"",""mean"":""15.866666666666667"",""n"":""30""}}",5209b6b2f833ff958bc9320af9d577cef3453eb94ff185822028da80be7e5505,086034341ac0f852c2a6fcb69ec68e2113652b7c74c62a48ad7ff7f71f98ef48,completed_minus_failed_over_initial,wait_in_characteristic_units,1.0,0.9148936170212767,,,--,o,linear,linear
fig6_wait_resolved,2,edit_lines=64,Kick-back: base at dispatch,4,c1003e4f1a8f1834,author_repair_completions|failed_repair_completions|conflict_cohort_n,"{""author_repair_completions"":{""ci95_high"":""24.920605700227487"",""ci95_low"":""24.612727633105845"",""mean"":""24.766666666666666"",""n"":""30""},""conflict_cohort_n"":{""ci95_high"":""17.175561643550143"",""ci95_low"":""14.75777168978319"",""mean"":""15.966666666666667"",""n"":""30""},""failed_repair_completions"":{""ci95_high"":""12.99388695820229"",""ci95_low"":""10.60611304179771"",""mean"":""11.8"",""n"":""30""}}",5209b6b2f833ff958bc9320af9d577cef3453eb94ff185822028da80be7e5505,086034341ac0f852c2a6fcb69ec68e2113652b7c74c62a48ad7ff7f71f98ef48,completed_minus_failed_over_initial,wait_in_characteristic_units,2.0,0.812108559498956,,,--,o,linear,linear
fig6_wait_resolved,2,edit_lines=64,Kick-back: base at dispatch,5,e4b07b52afea2143,author_repair_completions|failed_repair_completions|conflict_cohort_n,"{""author_repair_completions"":{""ci95_high"":""12.157454955613874"",""ci95_low"":""11.975878377719459"",""mean"":""12.066666666666666"",""n"":""30""},""conflict_cohort_n"":{""ci95_high"":""7.063278274310553"",""ci95_low"":""5.603388392356113"",""mean"":""6.333333333333333"",""n"":""30""},""failed_repair_completions"":{""ci95_high"":""9.493123929473796"",""ci95_low"":""8.106876070526205"",""mean"":""8.8"",""n"":""30""}}",5209b6b2f833ff958bc9320af9d577cef3453eb94ff185822028da80be7e5505,086034341ac0f852c2a6fcb69ec68e2113652b7c74c62a48ad7ff7f71f98ef48,completed_minus_failed_over_initial,wait_in_characteristic_units,4.0,0.5157894736842104,,,--,o,linear,linear
fig6_wait_resolved,2,edit_lines=64,Kick-back: re-read at repair start,0,8c76adf39dfb1324,author_repair_completions|failed_repair_completions|conflict_cohort_n,"{""author_repair_completions"":{""ci95_high"":""58.91980085542969"",""ci95_low"":""52.94686581123697"",""mean"":""55.93333333333333"",""n"":""30""},""conflict_cohort_n"":{""ci95_high"":""59.04721413367086"",""ci95_low"":""53.08611919966248"",""mean"":""56.06666666666667"",""n"":""30""},""failed_repair_completions"":{""ci95_high"":""0.0"",""ci95_low"":""0.0"",""mean"":""0"",""n"":""30""}}",5209b6b2f833ff958bc9320af9d577cef3453eb94ff185822028da80be7e5505,086034341ac0f852c2a6fcb69ec68e2113652b7c74c62a48ad7ff7f71f98ef48,completed_minus_failed_over_initial,wait_in_characteristic_units,0.0,0.9976218787158144,,,--,s,linear,linear
fig6_wait_resolved,2,edit_lines=64,Kick-back: re-read at repair start,1,f76c05fdb93e3ded,author_repair_completions|failed_repair_completions|conflict_cohort_n,"{""author_repair_completions"":{""ci95_high"":""170.08923789063905"",""ci95_low"":""163.11076210936093"",""mean"":""166.6"",""n"":""30""},""conflict_cohort_n"":{""ci95_high"":""168.5817635166526"",""ci95_low"":""162.15156981668076"",""mean"":""165.36666666666667"",""n"":""30""},""failed_repair_completions"":{""ci95_high"":""4.738653167253382"",""ci95_low"":""3.1946801660799515"",""mean"":""3.966666666666667"",""n"":""30""}}",5209b6b2f833ff958bc9320af9d577cef3453eb94ff185822028da80be7e5505,086034341ac0f852c2a6fcb69ec68e2113652b7c74c62a48ad7ff7f71f98ef48,completed_minus_failed_over_initial,wait_in_characteristic_units,0.25,0.9834710743801652,,,--,s,linear,linear
fig6_wait_resolved,2,edit_lines=64,Kick-back: re-read at repair start,2,72974c27a05194da,author_repair_completions|failed_repair_completions|conflict_cohort_n,"{""author_repair_completions"":{""ci95_high"":""94.02532489379922"",""ci95_low"":""92.84134177286745"",""mean"":""93.43333333333334"",""n"":""30""},""conflict_cohort_n"":{""ci95_high"":""95.35114815841453"",""ci95_low"":""93.71551850825213"",""mean"":""94.53333333333333"",""n"":""30""},""failed_repair_completions"":{""ci95_high"":""2.617715050547324"",""ci95_low"":""1.582284949452676"",""mean"":""2.1"",""n"":""30""}}",5209b6b2f833ff958bc9320af9d577cef3453eb94ff185822028da80be7e5505,086034341ac0f852c2a6fcb69ec68e2113652b7c74c62a48ad7ff7f71f98ef48,completed_minus_failed_over_initial,wait_in_characteristic_units,0.5,0.9661495063469677,,,--,s,linear,linear
fig6_wait_resolved,2,edit_lines=64,Kick-back: re-read at repair start,3,e18fc695c3c57c56,author_repair_completions|failed_repair_completions|conflict_cohort_n,"{""author_repair_completions"":{""ci95_high"":""49.023230663932225"",""ci95_low"":""48.64343600273445"",""mean"":""48.833333333333336"",""n"":""30""},""conflict_cohort_n"":{""ci95_high"":""51.42026811365641"",""ci95_low"":""50.57973188634359"",""mean"":""51"",""n"":""30""},""failed_repair_completions"":{""ci95_high"":""1.28411667129506"",""ci95_low"":""0.5825499953716068"",""mean"":""0.9333333333333333"",""n"":""30""}}",5209b6b2f833ff958bc9320af9d577cef3453eb94ff185822028da80be7e5505,086034341ac0f852c2a6fcb69ec68e2113652b7c74c62a48ad7ff7f71f98ef48,completed_minus_failed_over_initial,wait_in_characteristic_units,1.0,0.9392156862745099,,,--,s,linear,linear
fig6_wait_resolved,2,edit_lines=64,Kick-back: re-read at repair start,4,2a417fe1a5021765,author_repair_completions|failed_repair_completions|conflict_cohort_n,"{""author_repair_completions"":{""ci95_high"":""24.920605700227487"",""ci95_low"":""24.612727633105845"",""mean"":""24.766666666666666"",""n"":""30""},""conflict_cohort_n"":{""ci95_high"":""27.933577473811532"",""ci95_low"":""27.26642252618847"",""mean"":""27.6"",""n"":""30""},""failed_repair_completions"":{""ci95_high"":""0.5132627756882407"",""ci95_low"":""0.08673722431175926"",""mean"":""0.3"",""n"":""30""}}",5209b6b2f833ff958bc9320af9d577cef3453eb94ff185822028da80be7e5505,086034341ac0f852c2a6fcb69ec68e2113652b7c74c62a48ad7ff7f71f98ef48,completed_minus_failed_over_initial,wait_in_characteristic_units,2.0,0.8864734299516908,,,--,s,linear,linear
fig6_wait_resolved,2,edit_lines=64,Kick-back: re-read at repair start,5,0bdc708316cf1285,author_repair_completions|failed_repair_completions|conflict_cohort_n,"{""author_repair_completions"":{""ci95_high"":""12.157454955613874"",""ci95_low"":""11.975878377719459"",""mean"":""12.066666666666666"",""n"":""30""},""conflict_cohort_n"":{""ci95_high"":""15.230190326049764"",""ci95_low"":""14.769809673950236"",""mean"":""15"",""n"":""30""},""failed_repair_completions"":{""ci95_high"":""0.373280982368449"",""ci95_low"":""0.026719017631551073"",""mean"":""0.2"",""n"":""30""}}",5209b6b2f833ff958bc9320af9d577cef3453eb94ff185822028da80be7e5505,086034341ac0f852c2a6fcb69ec68e2113652b7c74c62a48ad7ff7f71f98ef48,completed_minus_failed_over_initial,wait_in_characteristic_units,4.0,0.7911111111111111,,,--,s,linear,linear
fig7_wait_failures,0,edit_lines=4,Bartender (immediate dispatch; δ does not apply),0,02b20d8006444bf2,failed_repair_completions|author_repair_completions,"{""author_repair_completions"":{""ci95_high"":""35.01291254133706"",""ci95_low"":""31.187087458662944"",""mean"":""33.1"",""n"":""30""},""failed_repair_completions"":{""ci95_high"":""0.0"",""ci95_low"":""0.0"",""mean"":""0"",""n"":""30""}}",5209b6b2f833ff958bc9320af9d577cef3453eb94ff185822028da80be7e5505,086034341ac0f852c2a6fcb69ec68e2113652b7c74c62a48ad7ff7f71f98ef48,zero_wait_reference:failed_over_completed,comparator_wait_characteristic_units,0.0,0.0,,,-,o,linear,linear
fig7_wait_failures,0,edit_lines=4,Bartender (immediate dispatch; δ does not apply),1,02b20d8006444bf2,failed_repair_completions|author_repair_completions,"{""author_repair_completions"":{""ci95_high"":""35.01291254133706"",""ci95_low"":""31.187087458662944"",""mean"":""33.1"",""n"":""30""},""failed_repair_completions"":{""ci95_high"":""0.0"",""ci95_low"":""0.0"",""mean"":""0"",""n"":""30""}}",5209b6b2f833ff958bc9320af9d577cef3453eb94ff185822028da80be7e5505,086034341ac0f852c2a6fcb69ec68e2113652b7c74c62a48ad7ff7f71f98ef48,zero_wait_reference:failed_over_completed,comparator_wait_characteristic_units,4.0,0.0,,,-,o,linear,linear
fig7_wait_failures,0,edit_lines=4,Kick-back: base at dispatch,0,02b20d8006444bf2,failed_repair_completions|author_repair_completions,"{""author_repair_completions"":{""ci95_high"":""35.01291254133706"",""ci95_low"":""31.187087458662944"",""mean"":""33.1"",""n"":""30""},""failed_repair_completions"":{""ci95_high"":""0.0"",""ci95_low"":""0.0"",""mean"":""0"",""n"":""30""}}",5209b6b2f833ff958bc9320af9d577cef3453eb94ff185822028da80be7e5505,086034341ac0f852c2a6fcb69ec68e2113652b7c74c62a48ad7ff7f71f98ef48,failed_over_completed,wait_in_characteristic_units,0.0,0.0,,,--,o,linear,linear
fig7_wait_failures,0,edit_lines=4,Kick-back: base at dispatch,1,3707cb5b5d32215d,failed_repair_completions|author_repair_completions,"{""author_repair_completions"":{""ci95_high"":""124.34587607469325"",""ci95_low"":""121.52079059197342"",""mean"":""122.93333333333334"",""n"":""30""},""failed_repair_completions"":{""ci95_high"":""13.779862528551721"",""ci95_low"":""11.02013747144828"",""mean"":""12.4"",""n"":""30""}}",5209b6b2f833ff958bc9320af9d577cef3453eb94ff185822028da80be7e5505,086034341ac0f852c2a6fcb69ec68e2113652b7c74c62a48ad7ff7f71f98ef48,failed_over_completed,wait_in_characteristic_units,0.25,0.10086767895878525,,,--,o,linear,linear
fig7_wait_failures,0,edit_lines=4,Kick-back: base at dispatch,2,87fe399ab241af87,failed_repair_completions|author_repair_completions,"{""author_repair_completions"":{""ci95_high"":""62.16191089454524"",""ci95_low"":""60.7714224387881"",""mean"":""61.46666666666667"",""n"":""30""},""failed_repair_completions"":{""ci95_high"":""12.502352927610525"",""ci95_low"":""10.297647072389475"",""mean"":""11.4"",""n"":""30""}}",5209b6b2f833ff958bc9320af9d577cef3453eb94ff185822028da80be7e5505,086034341ac0f852c2a6fcb69ec68e2113652b7c74c62a48ad7ff7f71f98ef48,failed_over_completed,wait_in_characteristic_units,0.5,0.18546637744034708,,,--,o,linear,linear
fig7_wait_failures,0,edit_lines=4,Kick-back: base at dispatch,3,cfc00d9707027260,failed_repair_completions|author_repair_completions,"{""author_repair_completions"":{""ci95_high"":""30.926767206054535"",""ci95_low"":""30.206566127278798"",""mean"":""30.566666666666666"",""n"":""30""},""failed_repair_completions"":{""ci95_high"":""11.414524230695053"",""ci95_low"":""9.518809102638281"",""mean"":""10.466666666666667"",""n"":""30""}}",5209b6b2f833ff958bc9320af9d577cef3453eb94ff185822028da80be7e5505,086034341ac0f852c2a6fcb69ec68e2113652b7c74c62a48ad7ff7f71f98ef48,failed_over_completed,wait_in_characteristic_units,1.0,0.3424209378407852,,,--,o,linear,linear
fig7_wait_failures,0,edit_lines=4,Kick-back: base at dispatch,4,da826101a53572f3,failed_repair_completions|author_repair_completions,"{""author_repair_completions"":{""ci95_high"":""15.044060651339525"",""ci95_low"":""14.755939348660476"",""mean"":""14.9"",""n"":""30""},""failed_repair_completions"":{""ci95_high"":""9.058140620222366"",""ci95_low"":""7.475192713110969"",""mean"":""8.266666666666667"",""n"":""30""}}",5209b6b2f833ff958bc9320af9d577cef3453eb94ff185822028da80be7e5505,086034341ac0f852c2a6fcb69ec68e2113652b7c74c62a48ad7ff7f71f98ef48,failed_over_completed,wait_in_characteristic_units,2.0,0.5548098434004475,,,--,o,linear,linear
fig7_wait_failures,0,edit_lines=4,Kick-back: base at dispatch,5,de6fe7be801f0b4c,failed_repair_completions|author_repair_completions,"{""author_repair_completions"":{""ci95_high"":""7.032"",""ci95_low"":""6.9013333333333335"",""mean"":""6.966666666666667"",""n"":""30""},""failed_repair_completions"":{""ci95_high"":""6.146190883575124"",""ci95_low"":""5.520475783091542"",""mean"":""5.833333333333333"",""n"":""30""}}",5209b6b2f833ff958bc9320af9d577cef3453eb94ff185822028da80be7e5505,086034341ac0f852c2a6fcb69ec68e2113652b7c74c62a48ad7ff7f71f98ef48,failed_over_completed,wait_in_characteristic_units,4.0,0.8373205741626794,,,--,o,linear,linear
fig7_wait_failures,0,edit_lines=4,First-order theory: dispatch,0,02b20d8006444bf2,,{},,086034341ac0f852c2a6fcb69ec68e2113652b7c74c62a48ad7ff7f71f98ef48,nominal_failure_probability,comparator_wait_characteristic_units,0.0,0.0025729820571334544,,,:,None,linear,linear
fig7_wait_failures,0,edit_lines=4,First-order theory: dispatch,1,02b20d8006444bf2,,{},,086034341ac0f852c2a6fcb69ec68e2113652b7c74c62a48ad7ff7f71f98ef48,nominal_failure_probability,comparator_wait_characteristic_units,0.02,0.022323360292088996,,,:,None,linear,linear
fig7_wait_failures,0,edit_lines=4,First-order theory: dispatch,2,02b20d8006444bf2,,{},,086034341ac0f852c2a6fcb69ec68e2113652b7c74c62a48ad7ff7f71f98ef48,nominal_failure_probability,comparator_wait_characteristic_units,0.04,0.04168265483529903,,,:,None,linear,linear
fig7_wait_failures,0,edit_lines=4,First-order theory: dispatch,3,02b20d8006444bf2,,{},,086034341ac0f852c2a6fcb69ec68e2113652b7c74c62a48ad7ff7f71f98ef48,nominal_failure_probability,comparator_wait_characteristic_units,0.06,0.06065860966270822,,,:,None,linear,linear
fig7_wait_failures,0,edit_lines=4,First-order theory: dispatch,4,02b20d8006444bf2,,{},,086034341ac0f852c2a6fcb69ec68e2113652b7c74c62a48ad7ff7f71f98ef48,nominal_failure_probability,comparator_wait_characteristic_units,0.08,0.07925881540926362,,,:,None,linear,linear
fig7_wait_failures,0,edit_lines=4,First-order theory: dispatch,5,02b20d8006444bf2,,{},,086034341ac0f852c2a6fcb69ec68e2113652b7c74c62a48ad7ff7f71f98ef48,nominal_failure_probability,comparator_wait_characteristic_units,0.1,0.09749071240526992,,,:,None,linear,linear
fig7_wait_failures,0,edit_lines=4,First-order theory: dispatch,6,02b20d8006444bf2,,{},,086034341ac0f852c2a6fcb69ec68e2113652b7c74c62a48ad7ff7f71f98ef48,nominal_failure_probability,comparator_wait_characteristic_units,0.12,0.11536159365262069,,,:,None,linear,linear
fig7_wait_failures,0,edit_lines=4,First-order theory: dispatch,7,02b20d8006444bf2,,{},,086034341ac0f852c2a6fcb69ec68e2113652b7c74c62a48ad7ff7f71f98ef48,nominal_failure_probability,comparator_wait_characteristic_units,0.14,0.13287860774209653,,,:,None,linear,linear
fig7_wait_failures,0,edit_lines=4,First-order theory: dispatch,8,02b20d8006444bf2,,{},,086034341ac0f852c2a6fcb69ec68e2113652b7c74c62a48ad7ff7f71f98ef48,nominal_failure_probability,comparator_wait_characteristic_units,0.16,0.15004876171289647,,,:,None,linear,linear
fig7_wait_failures,0,edit_lines=4,First-order theory: dispatch,9,02b20d8006444bf2,,{},,086034341ac0f852c2a6fcb69ec68e2113652b7c74c62a48ad7ff7f71f98ef48,nominal_failure_probability,comparator_wait_characteristic_units,0.18,0.16687892385554726,,,:,None,linear,linear
fig7_wait_failures,0,edit_lines=4,First-order theory: dispatch,10,02b20d8006444bf2,,{},,086034341ac0f852c2a6fcb69ec68e2113652b7c74c62a48ad7ff7f71f98ef48,nominal_failure_probability,comparator_wait_characteristic_units,0.2,0.18337582645931116,,,:,None,linear,linear
fig7_wait_failures,0,edit_lines=4,First-order theory: dispatch,11,02b20d8006444bf2,,{},,086034341ac0f852c2a6fcb69ec68e2113652b7c74c62a48ad7ff7f71f98ef48,nominal_failure_probability,comparator_wait_characteristic_units,0.22,0.1995460685051913,,,:,None,linear,linear
fig7_wait_failures,0,edit_lines=4,First-order theory: dispatch,12,02b20d8006444bf2,,{},,086034341ac0f852c2a6fcb69ec68e2113652b7c74c62a48ad7ff7f71f98ef48,nominal_failure_probability,comparator_wait_characteristic_units,0.24,0.21539611830561212,,,:,None,linear,linear
fig7_wait_failures,0,edit_lines=4,First-order theory: dispatch,13,02b20d8006444bf2,,{},,086034341ac0f852c2a6fcb69ec68e2113652b7c74c62a48ad7ff7f71f98ef48,nominal_failure_probability,comparator_wait_characteristic_units,0.26,0.2309323160918306,,,:,None,linear,linear
fig7_wait_failures,0,edit_lines=4,First-order theory: dispatch,14,02b20d8006444bf2,,{},,086034341ac0f852c2a6fcb69ec68e2113652b7c74c62a48ad7ff7f71f98ef48,nominal_failure_probability,comparator_wait_characteristic_units,0.28,0.24616087655011332,,,:,None,linear,linear
fig7_wait_failures,0,edit_lines=4,First-order theory: dispatch,15,02b20d8006444bf2,,{},,086034341ac0f852c2a6fcb69ec68e2113652b7c74c62a48ad7ff7f71f98ef48,nominal_failure_probability,comparator_wait_characteristic_units,0.3,0.2610878913076937,,,:,None,linear,linear
fig7_wait_failures,0,edit_lines=4,First-order theory: dispatch,16,02b20d8006444bf2,,{},,086034341ac0f852c2a6fcb69ec68e2113652b7c74c62a48ad7ff7f71f98ef48,nominal_failure_probability,comparator_wait_characteristic_units,0.32,0.27571933136950444,,,:,None,linear,linear
fig7_wait_failures,0,edit_lines=4,First-order theory: dispatch,17,02b20d8006444bf2,,{},,086034341ac0f852c2a6fcb69ec68e2113652b7c74c62a48ad7ff7f71f98ef48,nominal_failure_probability,comparator_wait_characteristic_units,0.34,0.29006104950665856,,,:,None,linear,linear
fig7_wait_failures,0,edit_lines=4,First-order theory: dispatch,18,02b20d8006444bf2,,{},,086034341ac0f852c2a6fcb69ec68e2113652b7c74c62a48ad7ff7f71f98ef48,nominal_failure_probability,comparator_wait_characteristic_units,0.36,0.3041187825976365,,,:,None,linear,linear
fig7_wait_failures,0,edit_lines=4,First-order theory: dispatch,19,02b20d8006444bf2,,{},,086034341ac0f852c2a6fcb69ec68e2113652b7c74c62a48ad7ff7f71f98ef48,nominal_failure_probability,comparator_wait_characteristic_units,0.38,0.31789815392311355,,,:,None,linear,linear
fig7_wait_failures,0,edit_lines=4,First-order theory: dispatch,20,02b20d8006444bf2,,{},,086034341ac0f852c2a6fcb69ec68e2113652b7c74c62a48ad7ff7f71f98ef48,nominal_failure_probability,comparator_wait_characteristic_units,0.4,0.3314046754153473,,,:,None,linear,linear
fig7_wait_failures,0,edit_lines=4,First-order theory: dispatch,21,02b20d8006444bf2,,{},,086034341ac0f852c2a6fcb69ec68e2113652b7c74c62a48ad7ff7f71f98ef48,nominal_failure_probability,comparator_wait_characteristic_units,0.42,0.34464374986302393,,,:,None,linear,linear
fig7_wait_failures,0,edit_lines=4,First-order theory: dispatch,22,02b20d8006444bf2,,{},,086034341ac0f852c2a6fcb69ec68e2113652b7c74c62a48ad7ff7f71f98ef48,nominal_failure_probability,comparator_wait_characteristic_units,0.44,0.357620673072446,,,:,None,linear,linear
fig7_wait_failures,0,edit_lines=4,First-order theory: dispatch,23,02b20d8006444bf2,,{},,086034341ac0f852c2a6fcb69ec68e2113652b7c74c62a48ad7ff7f71f98ef48,nominal_failure_probability,comparator_wait_characteristic_units,0.46,0.37034063598592515,,,:,None,linear,linear
fig7_wait_failures,0,edit_lines=4,First-order theory: dispatch,24,02b20d8006444bf2,,{},,086034341ac0f852c2a6fcb69ec68e2113652b7c74c62a48ad7ff7f71f98ef48,nominal_failure_probability,comparator_wait_characteristic_units,0.48,0.3828087267582285,,,:,None,linear,linear
fig7_wait_failures,0,edit_lines=4,First-order theory: dispatch,25,02b20d8006444bf2,,{},,086034341ac0f852c2a6fcb69ec68e2113652b7c74c62a48ad7ff7f71f98ef48,nominal_failure_probability,comparator_wait_characteristic_units,0.5,0.3950299327919085,,,:,None,linear,linear
fig7_wait_failures,0,edit_lines=4,First-order theory: dispatch,26,02b20d8006444bf2,,{},,086034341ac0f852c2a6fcb69ec68e2113652b7c74c62a48ad7ff7f71f98ef48,nominal_failure_probability,comparator_wait_characteristic_units,0.52,0.40700914273233013,,,:,None,linear,linear
fig7_wait_failures,0,edit_lines=4,First-order theory: dispatch,27,02b20d8006444bf2,,{},,086034341ac0f852c2a6fcb69ec68e2113652b7c74c62a48ad7ff7f71f98ef48,nominal_failure_probability,comparator_wait_characteristic_units,0.54,0.41875114842319455,,,:,None,linear,linear
fig7_wait_failures,0,edit_lines=4,First-order theory: dispatch,28,02b20d8006444bf2,,{},,086034341ac0f852c2a6fcb69ec68e2113652b7c74c62a48ad7ff7f71f98ef48,nominal_failure_probability,comparator_wait_characteristic_units,0.56,0.43026064682334014,,,:,None,linear,linear
fig7_wait_failures,0,edit_lines=4,First-order theory: dispatch,29,02b20d8006444bf2,,{},,086034341ac0f852c2a6fcb69ec68e2113652b7c74c62a48ad7ff7f71f98ef48,nominal_failure_probability,comparator_wait_characteristic_units,0.58,0.4415422418855891,,,:,None,linear,linear
fig7_wait_failures,0,edit_lines=4,First-order theory: dispatch,30,02b20d8006444bf2,,{},,086034341ac0f852c2a6fcb69ec68e2113652b7c74c62a48ad7ff7f71f98ef48,nominal_failure_probability,comparator_wait_characteristic_units,0.6,0.4526004463983896,,,:,None,linear,linear
fig7_wait_failures,0,edit_lines=4,First-order theory: dispatch,31,02b20d8006444bf2,,{},,086034341ac0f852c2a6fcb69ec68e2113652b7c74c62a48ad7ff7f71f98ef48,nominal_failure_probability,comparator_wait_characteristic_units,0.62,0.4634396837909914,,,:,None,linear,linear
fig7_wait_failures,0,edit_lines=4,First-order theory: dispatch,32,02b20d8006444bf2,,{},,086034341ac0f852c2a6fcb69ec68e2113652b7c74c62a48ad7ff7f71f98ef48,nominal_failure_probability,comparator_wait_characteristic_units,0.64,0.47406428990287663,,,:,None,linear,linear
fig7_wait_failures,0,edit_lines=4,First-order theory: dispatch,33,02b20d8006444bf2,,{},,086034341ac0f852c2a6fcb69ec68e2113652b7c74c62a48ad7ff7f71f98ef48,nominal_failure_probability,comparator_wait_characteristic_units,0.66,0.4844785147181534,,,:,None,linear,linear
fig7_wait_failures,0,edit_lines=4,First-order theory: dispatch,34,02b20d8006444bf2,,{},,086034341ac0f852c2a6fcb69ec68e2113652b7c74c62a48ad7ff7f71f98ef48,nominal_failure_probability,comparator_wait_characteristic_units,0.68,0.49468652406560604,,,:,None,linear,linear
fig7_wait_failures,0,edit_lines=4,First-order theory: dispatch,35,02b20d8006444bf2,,{},,086034341ac0f852c2a6fcb69ec68e2113652b7c74c62a48ad7ff7f71f98ef48,nominal_failure_probability,comparator_wait_characteristic_units,0.7000000000000001,0.504692401285082,,,:,None,linear,linear
fig7_wait_failures,0,edit_lines=4,First-order theory: dispatch,36,02b20d8006444bf2,,{},,086034341ac0f852c2a6fcb69ec68e2113652b7c74c62a48ad7ff7f71f98ef48,nominal_failure_probability,comparator_wait_characteristic_units,0.72,0.5145001488608826,,,:,None,linear,linear
fig7_wait_failures,0,edit_lines=4,First-order theory: dispatch,37,02b20d8006444bf2,,{},,086034341ac0f852c2a6fcb69ec68e2113652b7c74c62a48ad7ff7f71f98ef48,nominal_failure_probability,comparator_wait_characteristic_units,0.74,0.5241136900228099,,,:,None,linear,linear
fig7_wait_failures,0,edit_lines=4,First-order theory: dispatch,38,02b20d8006444bf2,,{},,086034341ac0f852c2a6fcb69ec68e2113652b7c74c62a48ad7ff7f71f98ef48,nominal_failure_probability,comparator_wait_characteristic_units,0.76,0.533536870315511,,,:,None,linear,linear
fig7_wait_failures,0,edit_lines=4,First-order theory: dispatch,39,02b20d8006444bf2,,{},,086034341ac0f852c2a6fcb69ec68e2113652b7c74c62a48ad7ff7f71f98ef48,nominal_failure_probability,comparator_wait_characteristic_units,0.78,0.5427734591367469,,,:,None,linear,linear
fig7_wait_failures,0,edit_lines=4,First-order theory: dispatch,40,02b20d8006444bf2,,{},,086034341ac0f852c2a6fcb69ec68e2113652b7c74c62a48ad7ff7f71f98ef48,nominal_failure_probability,comparator_wait_characteristic_units,0.8,0.5518271512452024,,,:,None,linear,linear
fig7_wait_failures,0,edit_lines=4,First-order theory: dispatch,41,02b20d8006444bf2,,{},,086034341ac0f852c2a6fcb69ec68e2113652b7c74c62a48ad7ff7f71f98ef48,nominal_failure_probability,comparator_wait_characteristic_units,0.8200000000000001,0.5607015682384383,,,:,None,linear,linear
fig7_wait_failures,0,edit_lines=4,First-order theory: dispatch,42,02b20d8006444bf2,,{},,086034341ac0f852c2a6fcb69ec68e2113652b7c74c62a48ad7ff7f71f98ef48,nominal_failure_probability,comparator_wait_characteristic_units,0.84,0.5694002600015791,,,:,None,linear,linear
fig7_wait_failures,0,edit_lines=4,First-order theory: dispatch,43,02b20d8006444bf2,,{},,086034341ac0f852c2a6fcb69ec68e2113652b7c74c62a48ad7ff7f71f98ef48,nominal_failure_probability,comparator_wait_characteristic_units,0.86,0.577926706127314,,,:,None,linear,linear
fig7_wait_failures,0,edit_lines=4,First-order theory: dispatch,44,02b20d8006444bf2,,{},,086034341ac0f852c2a6fcb69ec68e2113652b7c74c62a48ad7ff7f71f98ef48,nominal_failure_probability,comparator_wait_characteristic_units,0.88,0.586284317307781,,,:,None,linear,linear
fig7_wait_failures,0,edit_lines=4,First-order theory: dispatch,45,02b20d8006444bf2,,{},,086034341ac0f852c2a6fcb69ec68e2113652b7c74c62a48ad7ff7f71f98ef48,nominal_failure_probability,comparator_wait_characteristic_units,0.9,0.5944764366988883,,,:,None,linear,linear
fig7_wait_failures,0,edit_lines=4,First-order theory: dispatch,46,02b20d8006444bf2,,{},,086034341ac0f852c2a6fcb69ec68e2113652b7c74c62a48ad7ff7f71f98ef48,nominal_failure_probability,comparator_wait_characteristic_units,0.92,0.6025063412576224,,,:,None,linear,linear
fig7_wait_failures,0,edit_lines=4,First-order theory: dispatch,47,02b20d8006444bf2,,{},,086034341ac0f852c2a6fcb69ec68e2113652b7c74c62a48ad7ff7f71f98ef48,nominal_failure_probability,comparator_wait_characteristic_units,0.9400000000000001,0.6103772430528733,,,:,None,linear,linear
fig7_wait_failures,0,edit_lines=4,First-order theory: dispatch,48,02b20d8006444bf2,,{},,086034341ac0f852c2a6fcb69ec68e2113652b7c74c62a48ad7ff7f71f98ef48,nominal_failure_probability,comparator_wait_characteristic_units,0.96,0.618092290550306,,,:,None,linear,linear
fig7_wait_failures,0,edit_lines=4,First-order theory: dispatch,49,02b20d8006444bf2,,{},,086034341ac0f852c2a6fcb69ec68e2113652b7c74c62a48ad7ff7f71f98ef48,nominal_failure_probability,comparator_wait_characteristic_units,0.98,0.6256545698717881,,,:,None,linear,linear
fig7_wait_failures,0,edit_lines=4,First-order theory: dispatch,50,02b20d8006444bf2,,{},,086034341ac0f852c2a6fcb69ec68e2113652b7c74c62a48ad7ff7f71f98ef48,nominal_failure_probability,comparator_wait_characteristic_units,1.0,0.6330671060298801,,,:,None,linear,linear
fig7_wait_failures,0,edit_lines=4,First-order theory: dispatch,51,02b20d8006444bf2,,{},,086034341ac0f852c2a6fcb69ec68e2113652b7c74c62a48ad7ff7f71f98ef48,nominal_failure_probability,comparator_wait_characteristic_units,1.02,0.6403328641378802,,,:,None,linear,linear
fig7_wait_failures,0,edit_lines=4,First-order theory: dispatch,52,02b20d8006444bf2,,{},,086034341ac0f852c2a6fcb69ec68e2113652b7c74c62a48ad7ff7f71f98ef48,nominal_failure_probability,comparator_wait_characteristic_units,1.04,0.6474547505959096,,,:,None,linear,linear
fig7_wait_failures,0,edit_lines=4,First-order theory: dispatch,53,02b20d8006444bf2,,{},,086034341ac0f852c2a6fcb69ec68e2113652b7c74c62a48ad7ff7f71f98ef48,nominal_failure_probability,comparator_wait_characteristic_units,1.06,0.6544356142535115,,,:,None,linear,linear
fig7_wait_failures,0,edit_lines=4,First-order theory: dispatch,54,02b20d8006444bf2,,{},,086034341ac0f852c2a6fcb69ec68e2113652b7c74c62a48ad7ff7f71f98ef48,nominal_failure_probability,comparator_wait_characteristic_units,1.08,0.6612782475492281,,,:,None,linear,linear
fig7_wait_failures,0,edit_lines=4,First-order theory: dispatch,55,02b20d8006444bf2,,{},,086034341ac0f852c2a6fcb69ec68e2113652b7c74c62a48ad7ff7f71f98ef48,nominal_failure_probability,comparator_wait_characteristic_units,1.1,0.6679853876276142,,,:,None,linear,linear
fig7_wait_failures,0,edit_lines=4,First-order theory: dispatch,56,02b20d8006444bf2,,{},,086034341ac0f852c2a6fcb69ec68e2113652b7c74c62a48ad7ff7f71f98ef48,nominal_failure_probability,comparator_wait_characteristic_units,1.12,0.6745597174341308,,,:,None,linear,linear
fig7_wait_failures,0,edit_lines=4,First-order theory: dispatch,57,02b20d8006444bf2,,{},,086034341ac0f852c2a6fcb69ec68e2113652b7c74c62a48ad7ff7f71f98ef48,nominal_failure_probability,comparator_wait_characteristic_units,1.1400000000000001,0.6810038667883594,,,:,None,linear,linear
fig7_wait_failures,0,edit_lines=4,First-order theory: dispatch,58,02b20d8006444bf2,,{},,086034341ac0f852c2a6fcb69ec68e2113652b7c74c62a48ad7ff7f71f98ef48,nominal_failure_probability,comparator_wait_characteristic_units,1.16,0.687320413435965,,,:,None,linear,linear
fig7_wait_failures,0,edit_lines=4,First-order theory: dispatch,59,02b20d8006444bf2,,{},,086034341ac0f852c2a6fcb69ec68e2113652b7c74c62a48ad7ff7f71f98ef48,nominal_failure_probability,comparator_wait_characteristic_units,1.18,0.6935118840798281,,,:,None,linear,linear
fig7_wait_failures,0,edit_lines=4,First-order theory: dispatch,60,02b20d8006444bf2,,{},,086034341ac0f852c2a6fcb69ec68e2113652b7c74c62a48ad7ff7f71f98ef48,nominal_failure_probability,comparator_wait_characteristic_units,1.2,0.6995807553907605,,,:,None,linear,linear
fig7_wait_failures,0,edit_lines=4,First-order theory: dispatch,61,02b20d8006444bf2,,{},,086034341ac0f852c2a6fcb69ec68e2113652b7c74c62a48ad7ff7f71f98ef48,nominal_failure_probability,comparator_wait_characteristic_units,1.22,0.7055294549982059,,,:,None,linear,linear
fig7_wait_failures,0,edit_lines=4,First-order theory: dispatch,62,02b20d8006444bf2,,{},,086034341ac0f852c2a6fcb69ec68e2113652b7c74c62a48ad7ff7f71f98ef48,nominal_failure_probability,comparator_wait_characteristic_units,1.24,0.7113603624613242,,,:,None,linear,linear
fig7_wait_failures,0,edit_lines=4,First-order theory: dispatch,63,02b20d8006444bf2,,{},,086034341ac0f852c2a6fcb69ec68e2113652b7c74c62a48ad7ff7f71f98ef48,nominal_failure_probability,comparator_wait_characteristic_units,1.26,0.7170758102208472,,,:,None,linear,linear
fig7_wait_failures,0,edit_lines=4,First-order theory: dispatch,64,02b20d8006444bf2,,{},,086034341ac0f852c2a6fcb69ec68e2113652b7c74c62a48ad7ff7f71f98ef48,nominal_failure_probability,comparator_wait_characteristic_units,1.28,0.7226780845320858,,,:,None,linear,linear
fig7_wait_failures,0,edit_lines=4,First-order theory: dispatch,65,02b20d8006444bf2,,{},,086034341ac0f852c2a6fcb69ec68e2113652b7c74c62a48ad7ff7f71f98ef48,nominal_failure_probability,comparator_wait_characteristic_units,1.3,0.7281694263794624,,,:,None,linear,linear
fig7_wait_failures,0,edit_lines=4,First-order theory: dispatch,66,02b20d8006444bf2,,{},,086034341ac0f852c2a6fcb69ec68e2113652b7c74c62a48ad7ff7f71f98ef48,nominal_failure_probability,comparator_wait_characteristic_units,1.32,0.7335520323729348,,,:,None,linear,linear
fig7_wait_failures,0,edit_lines=4,First-order theory: dispatch,67,02b20d8006444bf2,,{},,086034341ac0f852c2a6fcb69ec68e2113652b7c74c62a48ad7ff7f71f98ef48,nominal_failure_probability,comparator_wait_characteristic_units,1.34,0.7388280556266693,,,:,None,linear,linear
fig7_wait_failures,0,edit_lines=4,First-order theory: dispatch,68,02b20d8006444bf2,,{},,086034341ac0f852c2a6fcb69ec68e2113652b7c74c62a48ad7ff7f71f98ef48,nominal_failure_probability,comparator_wait_characteristic_units,1.36,0.7439996066203156,,,:,None,linear,linear
fig7_wait_failures,0,edit_lines=4,First-order theory: dispatch,69,02b20d8006444bf2,,{},,086034341ac0f852c2a6fcb69ec68e2113652b7c74c62a48ad7ff7f71f98ef48,nominal_failure_probability,comparator_wait_characteristic_units,1.3800000000000001,0.7490687540432259,,,:,None,linear,linear
fig7_wait_failures,0,edit_lines=4,First-order theory: dispatch,70,02b20d8006444bf2,,{},,086034341ac0f852c2a6fcb69ec68e2113652b7c74c62a48ad7ff7f71f98ef48,nominal_failure_probability,comparator_wait_characteristic_units,1.4000000000000001,0.7540375256219589,,,:,None,linear,linear
fig7_wait_failures,0,edit_lines=4,First-order theory: dispatch,71,02b20d8006444bf2,,{},,086034341ac0f852c2a6fcb69ec68e2113652b7c74c62a48ad7ff7f71f98ef48,nominal_failure_probability,comparator_wait_characteristic_units,1.42,0.7589079089313973,,,:,None,linear,linear
fig7_wait_failures,0,edit_lines=4,First-order theory: dispatch,72,02b20d8006444bf2,,{},,086034341ac0f852c2a6fcb69ec68e2113652b7c74c62a48ad7ff7f71f98ef48,nominal_failure_probability,comparator_wait_characteristic_units,1.44,0.7636818521898042,,,:,None,linear,linear
fig7_wait_failures,0,edit_lines=4,First-order theory: dispatch,73,02b20d8006444bf2,,{},,086034341ac0f852c2a6fcb69ec68e2113652b7c74c62a48ad7ff7f71f98ef48,nominal_failure_probability,comparator_wait_characteristic_units,1.46,0.7683612650381364,,,:,None,linear,linear
fig7_wait_failures,0,edit_lines=4,First-order theory: dispatch,74,02b20d8006444bf2,,{},,086034341ac0f852c2a6fcb69ec68e2113652b7c74c62a48ad7ff7f71f98ef48,nominal_failure_probability,comparator_wait_characteristic_units,1.48,0.7729480193039262,,,:,None,linear,linear
fig7_wait_failures,0,edit_lines=4,First-order theory: dispatch,75,02b20d8006444bf2,,{},,086034341ac0f852c2a6fcb69ec68e2113652b7c74c62a48ad7ff7f71f98ef48,nominal_failure_probability,comparator_wait_characteristic_units,1.5,0.7774439497500374,,,:,None,linear,linear
fig7_wait_failures,0,edit_lines=4,First-order theory: dispatch,76,02b20d8006444bf2,,{},,086034341ac0f852c2a6fcb69ec68e2113652b7c74c62a48ad7ff7f71f98ef48,nominal_failure_probability,comparator_wait_characteristic_units,1.52,0.7818508548085951,,,:,None,linear,linear
fig7_wait_failures,0,edit_lines=4,First-order theory: dispatch,77,02b20d8006444bf2,,{},,086034341ac0f852c2a6fcb69ec68e2113652b7c74c62a48ad7ff7f71f98ef48,nominal_failure_probability,comparator_wait_characteristic_units,1.54,0.7861704973003821,,,:,None,linear,linear
fig7_wait_failures,0,edit_lines=4,First-order theory: dispatch,78,02b20d8006444bf2,,{},,086034341ac0f852c2a6fcb69ec68e2113652b7c74c62a48ad7ff7f71f98ef48,nominal_failure_probability,comparator_wait_characteristic_units,1.56,0.7904046051399913,,,:,None,linear,linear
fig7_wait_failures,0,edit_lines=4,First-order theory: dispatch,79,02b20d8006444bf2,,{},,086034341ac0f852c2a6fcb69ec68e2113652b7c74c62a48ad7ff7f71f98ef48,nominal_failure_probability,comparator_wait_characteristic_units,1.58,0.794554872027014,,,:,None,linear,linear
fig7_wait_failures,0,edit_lines=4,First-order theory: dispatch,80,02b20d8006444bf2,,{},,086034341ac0f852c2a6fcb69ec68e2113652b7c74c62a48ad7ff7f71f98ef48,nominal_failure_probability,comparator_wait_characteristic_units,1.6,0.7986229581235426,,,:,None,linear,linear
fig7_wait_failures,0,edit_lines=4,First-order theory: dispatch,81,02b20d8006444bf2,,{},,086034341ac0f852c2a6fcb69ec68e2113652b7c74c62a48ad7ff7f71f98ef48,nominal_failure_probability,comparator_wait_characteristic_units,1.62,0.8026104907182575,,,:,None,linear,linear
fig7_wait_failures,0,edit_lines=4,First-order theory: dispatch,82,02b20d8006444bf2,,{},,086034341ac0f852c2a6fcb69ec68e2113652b7c74c62a48ad7ff7f71f98ef48,nominal_failure_probability,comparator_wait_characteristic_units,1.6400000000000001,0.8065190648773646,,,:,None,linear,linear
fig7_wait_failures,0,edit_lines=4,First-order theory: dispatch,83,02b20d8006444bf2,,{},,086034341ac0f852c2a6fcb69ec68e2113652b7c74c62a48ad7ff7f71f98ef48,nominal_failure_probability,comparator_wait_characteristic_units,1.6600000000000001,0.8103502440826423,,,:,None,linear,linear
fig7_wait_failures,0,edit_lines=4,First-order theory: dispatch,84,02b20d8006444bf2,,{},,086034341ac0f852c2a6fcb69ec68e2113652b7c74c62a48ad7ff7f71f98ef48,nominal_failure_probability,comparator_wait_characteristic_units,1.68,0.814105560856856,,,:,None,linear,linear
fig7_wait_failures,0,edit_lines=4,First-order theory: dispatch,85,02b20d8006444bf2,,{},,086034341ac0f852c2a6fcb69ec68e2113652b7c74c62a48ad7ff7f71f98ef48,nominal_failure_probability,comparator_wait_characteristic_units,1.7,0.817786517376787,,,:,None,linear,linear
fig7_wait_failures,0,edit_lines=4,First-order theory: dispatch,86,02b20d8006444bf2,,{},,086034341ac0f852c2a6fcb69ec68e2113652b7c74c62a48ad7ff7f71f98ef48,nominal_failure_probability,comparator_wait_characteristic_units,1.72,0.8213945860741231,,,:,None,linear,linear
fig7_wait_failures,0,edit_lines=4,First-order theory: dispatch,87,02b20d8006444bf2,,{},,086034341ac0f852c2a6fcb69ec68e2113652b7c74c62a48ad7ff7f71f98ef48,nominal_failure_probability,comparator_wait_characteristic_units,1.74,0.8249312102244516,,,:,None,linear,linear
fig7_wait_failures,0,edit_lines=4,First-order theory: dispatch,88,02b20d8006444bf2,,{},,086034341ac0f852c2a6fcb69ec68e2113652b7c74c62a48ad7ff7f71f98ef48,nominal_failure_probability,comparator_wait_characteristic_units,1.76,0.8283978045245881,,,:,None,linear,linear
fig7_wait_failures,0,edit_lines=4,First-order theory: dispatch,89,02b20d8006444bf2,,{},,086034341ac0f852c2a6fcb69ec68e2113652b7c74c62a48ad7ff7f71f98ef48,nominal_failure_probability,comparator_wait_characteristic_units,1.78,0.8317957556584749,,,:,None,linear,linear
fig7_wait_failures,0,edit_lines=4,First-order theory: dispatch,90,02b20d8006444bf2,,{},,086034341ac0f852c2a6fcb69ec68e2113652b7c74c62a48ad7ff7f71f98ef48,nominal_failure_probability,comparator_wait_characteristic_units,1.8,0.8351264228518718,,,:,None,linear,linear
fig7_wait_failures,0,edit_lines=4,First-order theory: dispatch,91,02b20d8006444bf2,,{},,086034341ac0f852c2a6fcb69ec68e2113652b7c74c62a48ad7ff7f71f98ef48,nominal_failure_probability,comparator_wait_characteristic_units,1.82,0.8383911384160657,,,:,None,linear,linear
fig7_wait_failures,0,edit_lines=4,First-order theory: dispatch,92,02b20d8006444bf2,,{},,086034341ac0f852c2a6fcb69ec68e2113652b7c74c62a48ad7ff7f71f98ef48,nominal_failure_probability,comparator_wait_characteristic_units,1.84,0.8415912082808126,,,:,None,linear,linear
fig7_wait_failures,0,edit_lines=4,First-order theory: dispatch,93,02b20d8006444bf2,,{},,086034341ac0f852c2a6fcb69ec68e2113652b7c74c62a48ad7ff7f71f98ef48,nominal_failure_probability,comparator_wait_characteristic_units,1.86,0.8447279125167263,,,:,None,linear,linear
fig7_wait_failures,0,edit_lines=4,First-order theory: dispatch,94,02b20d8006444bf2,,{},,086034341ac0f852c2a6fcb69ec68e2113652b7c74c62a48ad7ff7f71f98ef48,nominal_failure_probability,comparator_wait_characteristic_units,1.8800000000000001,0.8478025058473247,,,:,None,linear,linear
fig7_wait_failures,0,edit_lines=4,First-order theory: dispatch,95,02b20d8006444bf2,,{},,086034341ac0f852c2a6fcb69ec68e2113652b7c74c62a48ad7ff7f71f98ef48,nominal_failure_probability,comparator_wait_characteristic_units,1.9000000000000001,0.850816218150935,,,:,None,linear,linear
fig7_wait_failures,0,edit_lines=4,First-order theory: dispatch,96,02b20d8006444bf2,,{},,086034341ac0f852c2a6fcb69ec68e2113652b7c74c62a48ad7ff7f71f98ef48,nominal_failure_probability,comparator_wait_characteristic_units,1.92,0.8537702549526621,,,:,None,linear,linear
fig7_wait_failures,0,edit_lines=4,First-order theory: dispatch,97,02b20d8006444bf2,,{},,086034341ac0f852c2a6fcb69ec68e2113652b7c74c62a48ad7ff7f71f98ef48,nominal_failure_probability,comparator_wait_characteristic_units,1.94,0.8566657979066143,,,:,None,linear,linear
fig7_wait_failures,0,edit_lines=4,First-order theory: dispatch,98,02b20d8006444bf2,,{},,086034341ac0f852c2a6fcb69ec68e2113652b7c74c62a48ad7ff7f71f98ef48,nominal_failure_probability,comparator_wait_characteristic_units,1.96,0.859504005268581,,,:,None,linear,linear
fig7_wait_failures,0,edit_lines=4,First-order theory: dispatch,99,02b20d8006444bf2,,{},,086034341ac0f852c2a6fcb69ec68e2113652b7c74c62a48ad7ff7f71f98ef48,nominal_failure_probability,comparator_wait_characteristic_units,1.98,0.8622860123593502,,,:,None,linear,linear
fig7_wait_failures,0,edit_lines=4,First-order theory: dispatch,100,02b20d8006444bf2,,{},,086034341ac0f852c2a6fcb69ec68e2113652b7c74c62a48ad7ff7f71f98ef48,nominal_failure_probability,comparator_wait_characteristic_units,2.0,0.8650129320188522,,,:,None,linear,linear
fig7_wait_failures,0,edit_lines=4,First-order theory: dispatch,101,02b20d8006444bf2,,{},,086034341ac0f852c2a6fcb69ec68e2113652b7c74c62a48ad7ff7f71f98ef48,nominal_failure_probability,comparator_wait_characteristic_units,2.02,0.8676858550513101,,,:,None,linear,linear
fig7_wait_failures,0,edit_lines=4,First-order theory: dispatch,102,02b20d8006444bf2,,{},,086034341ac0f852c2a6fcb69ec68e2113652b7c74c62a48ad7ff7f71f98ef48,nominal_failure_probability,comparator_wait_characteristic_units,2.04,0.8703058506615765,,,:,None,linear,linear
fig7_wait_failures,0,edit_lines=4,First-order theory: dispatch,103,02b20d8006444bf2,,{},,086034341ac0f852c2a6fcb69ec68e2113652b7c74c62a48ad7ff7f71f98ef48,nominal_failure_probability,comparator_wait_characteristic_units,2.06,0.872873966882829,,,:,None,linear,linear
fig7_wait_failures,0,edit_lines=4,First-order theory: dispatch,104,02b20d8006444bf2,,{},,086034341ac0f852c2a6fcb69ec68e2113652b7c74c62a48ad7ff7f71f98ef48,nominal_failure_probability,comparator_wait_characteristic_units,2.08,0.8753912309957984,,,:,None,linear,linear
fig7_wait_failures,0,edit_lines=4,First-order theory: dispatch,105,02b20d8006444bf2,,{},,086034341ac0f852c2a6fcb69ec68e2113652b7c74c62a48ad7ff7f71f98ef48,nominal_failure_probability,comparator_wait_characteristic_units,2.1,0.8778586499396936,,,:,None,linear,linear
fig7_wait_failures,0,edit_lines=4,First-order theory: dispatch,106,02b20d8006444bf2,,{},,086034341ac0f852c2a6fcb69ec68e2113652b7c74c62a48ad7ff7f71f98ef48,nominal_failure_probability,comparator_wait_characteristic_units,2.12,0.8802772107149918,,,:,None,linear,linear
fig7_wait_failures,0,edit_lines=4,First-order theory: dispatch,107,02b20d8006444bf2,,{},,086034341ac0f852c2a6fcb69ec68e2113652b7c74c62a48ad7ff7f71f98ef48,nominal_failure_probability,comparator_wait_characteristic_units,2.14,0.8826478807782507,,,:,None,linear,linear
fig7_wait_failures,0,edit_lines=4,First-order theory: dispatch,108,02b20d8006444bf2,,{},,086034341ac0f852c2a6fcb69ec68e2113652b7c74c62a48ad7ff7f71f98ef48,nominal_failure_probability,comparator_wait_characteristic_units,2.16,0.8849716084291052,,,:,None,linear,linear
fig7_wait_failures,0,edit_lines=4,First-order theory: dispatch,109,02b20d8006444bf2,,{},,086034341ac0f852c2a6fcb69ec68e2113652b7c74c62a48ad7ff7f71f98ef48,nominal_failure_probability,comparator_wait_characteristic_units,2.18,0.8872493231895989,,,:,None,linear,linear
fig7_wait_failures,0,edit_lines=4,First-order theory: dispatch,110,02b20d8006444bf2,,{},,086034341ac0f852c2a6fcb69ec68e2113652b7c74c62a48ad7ff7f71f98ef48,nominal_failure_probability,comparator_wait_characteristic_units,2.2,0.8894819361760061,,,:,None,linear,linear
fig7_wait_failures,0,edit_lines=4,First-order theory: dispatch,111,02b20d8006444bf2,,{},,086034341ac0f852c2a6fcb69ec68e2113652b7c74c62a48ad7ff7f71f98ef48,nominal_failure_probability,comparator_wait_characteristic_units,2.22,0.89167034046329,,,:,None,linear,linear
fig7_wait_failures,0,edit_lines=4,First-order theory: dispatch,112,02b20d8006444bf2,,{},,086034341ac0f852c2a6fcb69ec68e2113652b7c74c62a48ad7ff7f71f98ef48,nominal_failure_probability,comparator_wait_characteristic_units,2.24,0.8938154114423443,,,:,None,linear,linear
fig7_wait_failures,0,edit_lines=4,First-order theory: dispatch,113,02b20d8006444bf2,,{},,086034341ac0f852c2a6fcb69ec68e2113652b7c74c62a48ad7ff7f71f98ef48,nominal_failure_probability,comparator_wait_characteristic_units,2.2600000000000002,0.8959180071701622,,,:,None,linear,linear
fig7_wait_failures,0,edit_lines=4,First-order theory: dispatch,114,02b20d8006444bf2,,{},,086034341ac0f852c2a6fcb69ec68e2113652b7c74c62a48ad7ff7f71f98ef48,nominal_failure_probability,comparator_wait_characteristic_units,2.2800000000000002,0.8979789687130698,,,:,None,linear,linear
fig7_wait_failures,0,edit_lines=4,First-order theory: dispatch,115,02b20d8006444bf2,,{},,086034341ac0f852c2a6fcb69ec68e2113652b7c74c62a48ad7ff7f71f98ef48,nominal_failure_probability,comparator_wait_characteristic_units,2.3000000000000003,0.899999120483164,,,:,None,linear,linear
fig7_wait_failures,0,edit_lines=4,First-order theory: dispatch,116,02b20d8006444bf2,,{},,086034341ac0f852c2a6fcb69ec68e2113652b7c74c62a48ad7ff7f71f98ef48,nominal_failure_probability,comparator_wait_characteristic_units,2.32,0.9019792705680887,,,:,None,linear,linear
fig7_wait_failures,0,edit_lines=4,First-order theory: dispatch,117,02b20d8006444bf2,,{},,086034341ac0f852c2a6fcb69ec68e2113652b7c74c62a48ad7ff7f71f98ef48,nominal_failure_probability,comparator_wait_characteristic_units,2.34,0.9039202110542801,,,:,None,linear,linear
fig7_wait_failures,0,edit_lines=4,First-order theory: dispatch,118,02b20d8006444bf2,,{},,086034341ac0f852c2a6fcb69ec68e2113652b7c74c62a48ad7ff7f71f98ef48,nominal_failure_probability,comparator_wait_characteristic_units,2.36,0.9058227183438122,,,:,None,linear,linear
fig7_wait_failures,0,edit_lines=4,First-order theory: dispatch,119,02b20d8006444bf2,,{},,086034341ac0f852c2a6fcb69ec68e2113652b7c74c62a48ad7ff7f71f98ef48,nominal_failure_probability,comparator_wait_characteristic_units,2.38,0.9076875534649682,,,:,None,linear,linear
fig7_wait_failures,0,edit_lines=4,First-order theory: dispatch,120,02b20d8006444bf2,,{},,086034341ac0f852c2a6fcb69ec68e2113652b7c74c62a48ad7ff7f71f98ef48,nominal_failure_probability,comparator_wait_characteristic_units,2.4,0.909515462376661,,,:,None,linear,linear
fig7_wait_failures,0,edit_lines=4,First-order theory: dispatch,121,02b20d8006444bf2,,{},,086034341ac0f852c2a6fcb69ec68e2113652b7c74c62a48ad7ff7f71f98ef48,nominal_failure_probability,comparator_wait_characteristic_units,2.42,0.911307176266828,,,:,None,linear,linear
fig7_wait_failures,0,edit_lines=4,First-order theory: dispatch,122,02b20d8006444bf2,,{},,086034341ac0f852c2a6fcb69ec68e2113652b7c74c62a48ad7ff7f71f98ef48,nominal_failure_probability,comparator_wait_characteristic_units,2.44,0.9130634118449149,,,:,None,linear,linear
fig7_wait_failures,0,edit_lines=4,First-order theory: dispatch,123,02b20d8006444bf2,,{},,086034341ac0f852c2a6fcb69ec68e2113652b7c74c62a48ad7ff7f71f98ef48,nominal_failure_probability,comparator_wait_characteristic_units,2.46,0.9147848716285698,,,:,None,linear,linear
fig7_wait_failures,0,edit_lines=4,First-order theory: dispatch,124,02b20d8006444bf2,,{},,086034341ac0f852c2a6fcb69ec68e2113652b7c74c62a48ad7ff7f71f98ef48,nominal_failure_probability,comparator_wait_characteristic_units,2.48,0.9164722442246592,,,:,None,linear,linear
fig7_wait_failures,0,edit_lines=4,First-order theory: dispatch,125,02b20d8006444bf2,,{},,086034341ac0f852c2a6fcb69ec68e2113652b7c74c62a48ad7ff7f71f98ef48,nominal_failure_probability,comparator_wait_characteristic_units,2.5,0.9181262046047203,,,:,None,linear,linear
fig7_wait_failures,0,edit_lines=4,First-order theory: dispatch,126,02b20d8006444bf2,,{},,086034341ac0f852c2a6fcb69ec68e2113652b7c74c62a48ad7ff7f71f98ef48,nominal_failure_probability,comparator_wait_characteristic_units,2.52,0.9197474143749581,,,:,None,linear,linear
fig7_wait_failures,0,edit_lines=4,First-order theory: dispatch,127,02b20d8006444bf2,,{},,086034341ac0f852c2a6fcb69ec68e2113652b7c74c62a48ad7ff7f71f98ef48,nominal_failure_probability,comparator_wait_characteristic_units,2.54,0.9213365220408972,,,:,None,linear,linear
fig7_wait_failures,0,edit_lines=4,First-order theory: dispatch,128,02b20d8006444bf2,,{},,086034341ac0f852c2a6fcb69ec68e2113652b7c74c62a48ad7ff7f71f98ef48,nominal_failure_probability,comparator_wait_characteristic_units,2.56,0.9228941632667922,,,:,None,linear,linear
fig7_wait_failures,0,edit_lines=4,First-order theory: dispatch,129,02b20d8006444bf2,,{},,086034341ac0f852c2a6fcb69ec68e2113652b7c74c62a48ad7ff7f71f98ef48,nominal_failure_probability,comparator_wait_characteristic_units,2.58,0.9244209611299025,,,:,None,linear,linear
fig7_wait_failures,0,edit_lines=4,First-order theory: dispatch,130,02b20d8006444bf2,,{},,086034341ac0f852c2a6fcb69ec68e2113652b7c74c62a48ad7ff7f71f98ef48,nominal_failure_probability,comparator_wait_characteristic_units,2.6,0.9259175263697307,,,:,None,linear,linear
fig7_wait_failures,0,edit_lines=4,First-order theory: dispatch,131,02b20d8006444bf2,,{},,086034341ac0f852c2a6fcb69ec68e2113652b7c74c62a48ad7ff7f71f98ef48,nominal_failure_probability,comparator_wait_characteristic_units,2.62,0.9273844576323274,,,:,None,linear,linear
fig7_wait_failures,0,edit_lines=4,First-order theory: dispatch,132,02b20d8006444bf2,,{},,086034341ac0f852c2a6fcb69ec68e2113652b7c74c62a48ad7ff7f71f98ef48,nominal_failure_probability,comparator_wait_characteristic_units,2.64,0.9288223417097567,,,:,None,linear,linear
fig7_wait_failures,0,edit_lines=4,First-order theory: dispatch,133,02b20d8006444bf2,,{},,086034341ac0f852c2a6fcb69ec68e2113652b7c74c62a48ad7ff7f71f98ef48,nominal_failure_probability,comparator_wait_characteristic_units,2.66,0.930231753774822,,,:,None,linear,linear
fig7_wait_failures,0,edit_lines=4,First-order theory: dispatch,134,02b20d8006444bf2,,{},,086034341ac0f852c2a6fcb69ec68e2113652b7c74c62a48ad7ff7f71f98ef48,nominal_failure_probability,comparator_wait_characteristic_units,2.68,0.9316132576111416,,,:,None,linear,linear
fig7_wait_failures,0,edit_lines=4,First-order theory: dispatch,135,02b20d8006444bf2,,{},,086034341ac0f852c2a6fcb69ec68e2113652b7c74c62a48ad7ff7f71f98ef48,nominal_failure_probability,comparator_wait_characteristic_units,2.7,0.9329674058386701,,,:,None,linear,linear
fig7_wait_failures,0,edit_lines=4,First-order theory: dispatch,136,02b20d8006444bf2,,{},,086034341ac0f852c2a6fcb69ec68e2113652b7c74c62a48ad7ff7f71f98ef48,nominal_failure_probability,comparator_wait_characteristic_units,2.72,0.9342947401347542,,,:,None,linear,linear
fig7_wait_failures,0,edit_lines=4,First-order theory: dispatch,137,02b20d8006444bf2,,{},,086034341ac0f852c2a6fcb69ec68e2113652b7c74c62a48ad7ff7f71f98ef48,nominal_failure_probability,comparator_wait_characteristic_units,2.74,0.9355957914508105,,,:,None,linear,linear
fig7_wait_failures,0,edit_lines=4,First-order theory: dispatch,138,02b20d8006444bf2,,{},,086034341ac0f852c2a6fcb69ec68e2113652b7c74c62a48ad7ff7f71f98ef48,nominal_failure_probability,comparator_wait_characteristic_units,2.7600000000000002,0.9368710802247129,,,:,None,linear,linear
fig7_wait_failures,0,edit_lines=4,First-order theory: dispatch,139,02b20d8006444bf2,,{},,086034341ac0f852c2a6fcb69ec68e2113652b7c74c62a48ad7ff7f71f98ef48,nominal_failure_probability,comparator_wait_characteristic_units,2.7800000000000002,0.938121116588975,,,:,None,linear,linear
fig7_wait_failures,0,edit_lines=4,First-order theory: dispatch,140,02b20d8006444bf2,,{},,086034341ac0f852c2a6fcb69ec68e2113652b7c74c62a48ad7ff7f71f98ef48,nominal_failure_probability,comparator_wait_characteristic_units,2.8000000000000003,0.9393464005748099,,,:,None,linear,linear
fig7_wait_failures,0,edit_lines=4,First-order theory: dispatch,141,02b20d8006444bf2,,{},,086034341ac0f852c2a6fcb69ec68e2113652b7c74c62a48ad7ff7f71f98ef48,nominal_failure_probability,comparator_wait_characteristic_units,2.82,0.9405474223121493,,,:,None,linear,linear
fig7_wait_failures,0,edit_lines=4,First-order theory: dispatch,142,02b20d8006444bf2,,{},,086034341ac0f852c2a6fcb69ec68e2113652b7c74c62a48ad7ff7f71f98ef48,nominal_failure_probability,comparator_wait_characteristic_units,2.84,0.941724662225702,,,:,None,linear,linear
fig7_wait_failures,0,edit_lines=4,First-order theory: dispatch,143,02b20d8006444bf2,,{},,086034341ac0f852c2a6fcb69ec68e2113652b7c74c62a48ad7ff7f71f98ef48,nominal_failure_probability,comparator_wait_characteristic_units,2.86,0.9428785912271299,,,:,None,linear,linear
fig7_wait_failures,0,edit_lines=4,First-order theory: dispatch,144,02b20d8006444bf2,,{},,086034341ac0f852c2a6fcb69ec68e2113652b7c74c62a48ad7ff7f71f98ef48,nominal_failure_probability,comparator_wait_characteristic_units,2.88,0.9440096709034199,,,:,None,linear,linear
fig7_wait_failures,0,edit_lines=4,First-order theory: dispatch,145,02b20d8006444bf2,,{},,086034341ac0f852c2a6fcb69ec68e2113652b7c74c62a48ad7ff7f71f98ef48,nominal_failure_probability,comparator_wait_characteristic_units,2.9,0.9451183537015236,,,:,None,linear,linear
fig7_wait_failures,0,edit_lines=4,First-order theory: dispatch,146,02b20d8006444bf2,,{},,086034341ac0f852c2a6fcb69ec68e2113652b7c74c62a48ad7ff7f71f98ef48,nominal_failure_probability,comparator_wait_characteristic_units,2.92,0.9462050831093428,,,:,None,linear,linear
fig7_wait_failures,0,edit_lines=4,First-order theory: dispatch,147,02b20d8006444bf2,,{},,086034341ac0f852c2a6fcb69ec68e2113652b7c74c62a48ad7ff7f71f98ef48,nominal_failure_probability,comparator_wait_characteristic_units,2.94,0.9472702938331307,,,:,None,linear,linear
fig7_wait_failures,0,edit_lines=4,First-order theory: dispatch,148,02b20d8006444bf2,,{},,086034341ac0f852c2a6fcb69ec68e2113652b7c74c62a48ad7ff7f71f98ef48,nominal_failure_probability,comparator_wait_characteristic_units,2.96,0.9483144119713797,,,:,None,linear,linear
fig7_wait_failures,0,edit_lines=4,First-order theory: dispatch,149,02b20d8006444bf2,,{},,086034341ac0f852c2a6fcb69ec68e2113652b7c74c62a48ad7ff7f71f98ef48,nominal_failure_probability,comparator_wait_characteristic_units,2.98,0.9493378551852668,,,:,None,linear,linear
fig7_wait_failures,0,edit_lines=4,First-order theory: dispatch,150,02b20d8006444bf2,,{},,086034341ac0f852c2a6fcb69ec68e2113652b7c74c62a48ad7ff7f71f98ef48,nominal_failure_probability,comparator_wait_characteristic_units,3.0,0.9503410328657238,,,:,None,linear,linear
fig7_wait_failures,0,edit_lines=4,First-order theory: dispatch,151,02b20d8006444bf2,,{},,086034341ac0f852c2a6fcb69ec68e2113652b7c74c62a48ad7ff7f71f98ef48,nominal_failure_probability,comparator_wait_characteristic_units,3.02,0.9513243462971988,,,:,None,linear,linear
fig7_wait_failures,0,edit_lines=4,First-order theory: dispatch,152,02b20d8006444bf2,,{},,086034341ac0f852c2a6fcb69ec68e2113652b7c74c62a48ad7ff7f71f98ef48,nominal_failure_probability,comparator_wait_characteristic_units,3.04,0.9522881888181751,,,:,None,linear,linear
fig7_wait_failures,0,edit_lines=4,First-order theory: dispatch,153,02b20d8006444bf2,,{},,086034341ac0f852c2a6fcb69ec68e2113652b7c74c62a48ad7ff7f71f98ef48,nominal_failure_probability,comparator_wait_characteristic_units,3.06,0.9532329459785129,,,:,None,linear,linear
fig7_wait_failures,0,edit_lines=4,First-order theory: dispatch,154,02b20d8006444bf2,,{},,086034341ac0f852c2a6fcb69ec68e2113652b7c74c62a48ad7ff7f71f98ef48,nominal_failure_probability,comparator_wait_characteristic_units,3.08,0.954158995693673,,,:,None,linear,linear
fig7_wait_failures,0,edit_lines=4,First-order theory: dispatch,155,02b20d8006444bf2,,{},,086034341ac0f852c2a6fcb69ec68e2113652b7c74c62a48ad7ff7f71f98ef48,nominal_failure_probability,comparator_wait_characteristic_units,3.1,0.955066708395889,,,:,None,linear,linear
fig7_wait_failures,0,edit_lines=4,First-order theory: dispatch,156,02b20d8006444bf2,,{},,086034341ac0f852c2a6fcb69ec68e2113652b7c74c62a48ad7ff7f71f98ef48,nominal_failure_probability,comparator_wait_characteristic_units,3.12,0.9559564471823448,,,:,None,linear,linear
fig7_wait_failures,0,edit_lines=4,First-order theory: dispatch,157,02b20d8006444bf2,,{},,086034341ac0f852c2a6fcb69ec68e2113652b7c74c62a48ad7ff7f71f98ef48,nominal_failure_probability,comparator_wait_characteristic_units,3.14,0.9568285679604184,,,:,None,linear,linear
fig7_wait_failures,0,edit_lines=4,First-order theory: dispatch,158,02b20d8006444bf2,,{},,086034341ac0f852c2a6fcb69ec68e2113652b7c74c62a48ad7ff7f71f98ef48,nominal_failure_probability,comparator_wait_characteristic_units,3.16,0.9576834195900493,,,:,None,linear,linear
fig7_wait_failures,0,edit_lines=4,First-order theory: dispatch,159,02b20d8006444bf2,,{},,086034341ac0f852c2a6fcb69ec68e2113652b7c74c62a48ad7ff7f71f98ef48,nominal_failure_probability,comparator_wait_characteristic_units,3.18,0.9585213440232877,,,:,None,linear,linear
fig7_wait_failures,0,edit_lines=4,First-order theory: dispatch,160,02b20d8006444bf2,,{},,086034341ac0f852c2a6fcb69ec68e2113652b7c74c62a48ad7ff7f71f98ef48,nominal_failure_probability,comparator_wait_characteristic_units,3.2,0.9593426764410793,,,:,None,linear,linear
fig7_wait_failures,0,edit_lines=4,First-order theory: dispatch,161,02b20d8006444bf2,,{},,086034341ac0f852c2a6fcb69ec68e2113652b7c74c62a48ad7ff7f71f98ef48,nominal_failure_probability,comparator_wait_characteristic_units,3.22,0.9601477453873425,,,:,None,linear,linear
fig7_wait_failures,0,edit_lines=4,First-order theory: dispatch,162,02b20d8006444bf2,,{},,086034341ac0f852c2a6fcb69ec68e2113652b7c74c62a48ad7ff7f71f98ef48,nominal_failure_probability,comparator_wait_characteristic_units,3.24,0.9609368729003901,,,:,None,linear,linear
fig7_wait_failures,0,edit_lines=4,First-order theory: dispatch,163,02b20d8006444bf2,,{},,086034341ac0f852c2a6fcb69ec68e2113652b7c74c62a48ad7ff7f71f98ef48,nominal_failure_probability,comparator_wait_characteristic_units,3.2600000000000002,0.9617103746417492,,,:,None,linear,linear
fig7_wait_failures,0,edit_lines=4,First-order theory: dispatch,164,02b20d8006444bf2,,{},,086034341ac0f852c2a6fcb69ec68e2113652b7c74c62a48ad7ff7f71f98ef48,nominal_failure_probability,comparator_wait_characteristic_units,3.2800000000000002,0.9624685600224299,,,:,None,linear,linear
fig7_wait_failures,0,edit_lines=4,First-order theory: dispatch,165,02b20d8006444bf2,,{},,086034341ac0f852c2a6fcb69ec68e2113652b7c74c62a48ad7ff7f71f98ef48,nominal_failure_probability,comparator_wait_characteristic_units,3.3000000000000003,0.9632117323266937,,,:,None,linear,linear
fig7_wait_failures,0,edit_lines=4,First-order theory: dispatch,166,02b20d8006444bf2,,{},,086034341ac0f852c2a6fcb69ec68e2113652b7c74c62a48ad7ff7f71f98ef48,nominal_failure_probability,comparator_wait_characteristic_units,3.3200000000000003,0.9639401888333713,,,:,None,linear,linear
fig7_wait_failures,0,edit_lines=4,First-order theory: dispatch,167,02b20d8006444bf2,,{},,086034341ac0f852c2a6fcb69ec68e2113652b7c74c62a48ad7ff7f71f98ef48,nominal_failure_probability,comparator_wait_characteristic_units,3.34,0.9646542209347785,,,:,None,linear,linear
fig7_wait_failures,0,edit_lines=4,First-order theory: dispatch,168,02b20d8006444bf2,,{},,086034341ac0f852c2a6fcb69ec68e2113652b7c74c62a48ad7ff7f71f98ef48,nominal_failure_probability,comparator_wait_characteristic_units,3.36,0.9653541142532761,,,:,None,linear,linear
fig7_wait_failures,0,edit_lines=4,First-order theory: dispatch,169,02b20d8006444bf2,,{},,086034341ac0f852c2a6fcb69ec68e2113652b7c74c62a48ad7ff7f71f98ef48,nominal_failure_probability,comparator_wait_characteristic_units,3.38,0.9660401487555238,,,:,None,linear,linear
fig7_wait_failures,0,edit_lines=4,First-order theory: dispatch,170,02b20d8006444bf2,,{},,086034341ac0f852c2a6fcb69ec68e2113652b7c74c62a48ad7ff7f71f98ef48,nominal_failure_probability,comparator_wait_characteristic_units,3.4,0.9667125988644697,,,:,None,linear,linear
fig7_wait_failures,0,edit_lines=4,First-order theory: dispatch,171,02b20d8006444bf2,,{},,086034341ac0f852c2a6fcb69ec68e2113652b7c74c62a48ad7ff7f71f98ef48,nominal_failure_probability,comparator_wait_characteristic_units,3.42,0.9673717335691234,,,:,None,linear,linear
fig7_wait_failures,0,edit_lines=4,First-order theory: dispatch,172,02b20d8006444bf2,,{},,086034341ac0f852c2a6fcb69ec68e2113652b7c74c62a48ad7ff7f71f98ef48,nominal_failure_probability,comparator_wait_characteristic_units,3.44,0.9680178165321555,,,:,None,linear,linear
fig7_wait_failures,0,edit_lines=4,First-order theory: dispatch,173,02b20d8006444bf2,,{},,086034341ac0f852c2a6fcb69ec68e2113652b7c74c62a48ad7ff7f71f98ef48,nominal_failure_probability,comparator_wait_characteristic_units,3.46,0.9686511061953655,,,:,None,linear,linear
fig7_wait_failures,0,edit_lines=4,First-order theory: dispatch,174,02b20d8006444bf2,,{},,086034341ac0f852c2a6fcb69ec68e2113652b7c74c62a48ad7ff7f71f98ef48,nominal_failure_probability,comparator_wait_characteristic_units,3.48,0.969271855883063,,,:,None,linear,linear
fig7_wait_failures,0,edit_lines=4,First-order theory: dispatch,175,02b20d8006444bf2,,{},,086034341ac0f852c2a6fcb69ec68e2113652b7c74c62a48ad7ff7f71f98ef48,nominal_failure_probability,comparator_wait_characteristic_units,3.5,0.9698803139033995,,,:,None,linear,linear
fig7_wait_failures,0,edit_lines=4,First-order theory: dispatch,176,02b20d8006444bf2,,{},,086034341ac0f852c2a6fcb69ec68e2113652b7c74c62a48ad7ff7f71f98ef48,nominal_failure_probability,comparator_wait_characteristic_units,3.52,0.9704767236476963,,,:,None,linear,linear
fig7_wait_failures,0,edit_lines=4,First-order theory: dispatch,177,02b20d8006444bf2,,{},,086034341ac0f852c2a6fcb69ec68e2113652b7c74c62a48ad7ff7f71f98ef48,nominal_failure_probability,comparator_wait_characteristic_units,3.54,0.9710613236878032,,,:,None,linear,linear
fig7_wait_failures,0,edit_lines=4,First-order theory: dispatch,178,02b20d8006444bf2,,{},,086034341ac0f852c2a6fcb69ec68e2113652b7c74c62a48ad7ff7f71f98ef48,nominal_failure_probability,comparator_wait_characteristic_units,3.56,0.971634347871531,,,:,None,linear,linear
fig7_wait_failures,0,edit_lines=4,First-order theory: dispatch,179,02b20d8006444bf2,,{},,086034341ac0f852c2a6fcb69ec68e2113652b7c74c62a48ad7ff7f71f98ef48,nominal_failure_probability,comparator_wait_characteristic_units,3.58,0.9721960254161938,,,:,None,linear,linear
fig7_wait_failures,0,edit_lines=4,First-order theory: dispatch,180,02b20d8006444bf2,,{},,086034341ac0f852c2a6fcb69ec68e2113652b7c74c62a48ad7ff7f71f98ef48,nominal_failure_probability,comparator_wait_characteristic_units,3.6,0.9727465810002984,,,:,None,linear,linear
fig7_wait_failures,0,edit_lines=4,First-order theory: dispatch,181,02b20d8006444bf2,,{},,086034341ac0f852c2a6fcb69ec68e2113652b7c74c62a48ad7ff7f71f98ef48,nominal_failure_probability,comparator_wait_characteristic_units,3.62,0.9732862348534194,,,:,None,linear,linear
fig7_wait_failures,0,edit_lines=4,First-order theory: dispatch,182,02b20d8006444bf2,,{},,086034341ac0f852c2a6fcb69ec68e2113652b7c74c62a48ad7ff7f71f98ef48,nominal_failure_probability,comparator_wait_characteristic_units,3.64,0.9738152028442935,,,:,None,linear,linear
fig7_wait_failures,0,edit_lines=4,First-order theory: dispatch,183,02b20d8006444bf2,,{},,086034341ac0f852c2a6fcb69ec68e2113652b7c74c62a48ad7ff7f71f98ef48,nominal_failure_probability,comparator_wait_characteristic_units,3.66,0.97433369656717,,,:,None,linear,linear
fig7_wait_failures,0,edit_lines=4,First-order theory: dispatch,184,02b20d8006444bf2,,{},,086034341ac0f852c2a6fcb69ec68e2113652b7c74c62a48ad7ff7f71f98ef48,nominal_failure_probability,comparator_wait_characteristic_units,3.68,0.9748419234264514,,,:,None,linear,linear
fig7_wait_failures,0,edit_lines=4,First-order theory: dispatch,185,02b20d8006444bf2,,{},,086034341ac0f852c2a6fcb69ec68e2113652b7c74c62a48ad7ff7f71f98ef48,nominal_failure_probability,comparator_wait_characteristic_units,3.7,0.9753400867196579,,,:,None,linear,linear
fig7_wait_failures,0,edit_lines=4,First-order theory: dispatch,186,02b20d8006444bf2,,{},,086034341ac0f852c2a6fcb69ec68e2113652b7c74c62a48ad7ff7f71f98ef48,nominal_failure_probability,comparator_wait_characteristic_units,3.72,0.975828385718749,,,:,None,linear,linear
fig7_wait_failures,0,edit_lines=4,First-order theory: dispatch,187,02b20d8006444bf2,,{},,086034341ac0f852c2a6fcb69ec68e2113652b7c74c62a48ad7ff7f71f98ef48,nominal_failure_probability,comparator_wait_characteristic_units,3.74,0.9763070157498351,,,:,None,linear,linear
fig7_wait_failures,0,edit_lines=4,First-order theory: dispatch,188,02b20d8006444bf2,,{},,086034341ac0f852c2a6fcb69ec68e2113652b7c74c62a48ad7ff7f71f98ef48,nominal_failure_probability,comparator_wait_characteristic_units,3.7600000000000002,0.9767761682713105,,,:,None,linear,linear
fig7_wait_failures,0,edit_lines=4,First-order theory: dispatch,189,02b20d8006444bf2,,{},,086034341ac0f852c2a6fcb69ec68e2113652b7c74c62a48ad7ff7f71f98ef48,nominal_failure_probability,comparator_wait_characteristic_units,3.7800000000000002,0.9772360309504393,,,:,None,linear,linear
fig7_wait_failures,0,edit_lines=4,First-order theory: dispatch,190,02b20d8006444bf2,,{},,086034341ac0f852c2a6fcb69ec68e2113652b7c74c62a48ad7ff7f71f98ef48,nominal_failure_probability,comparator_wait_characteristic_units,3.8000000000000003,0.9776867877384245,,,:,None,linear,linear
fig7_wait_failures,0,edit_lines=4,First-order theory: dispatch,191,02b20d8006444bf2,,{},,086034341ac0f852c2a6fcb69ec68e2113652b7c74c62a48ad7ff7f71f98ef48,nominal_failure_probability,comparator_wait_characteristic_units,3.8200000000000003,0.9781286189439917,,,:,None,linear,linear
fig7_wait_failures,0,edit_lines=4,First-order theory: dispatch,192,02b20d8006444bf2,,{},,086034341ac0f852c2a6fcb69ec68e2113652b7c74c62a48ad7ff7f71f98ef48,nominal_failure_probability,comparator_wait_characteristic_units,3.84,0.9785617013055141,,,:,None,linear,linear
fig7_wait_failures,0,edit_lines=4,First-order theory: dispatch,193,02b20d8006444bf2,,{},,086034341ac0f852c2a6fcb69ec68e2113652b7c74c62a48ad7ff7f71f98ef48,nominal_failure_probability,comparator_wait_characteristic_units,3.86,0.9789862080617111,,,:,None,linear,linear
fig7_wait_failures,0,edit_lines=4,First-order theory: dispatch,194,02b20d8006444bf2,,{},,086034341ac0f852c2a6fcb69ec68e2113652b7c74c62a48ad7ff7f71f98ef48,nominal_failure_probability,comparator_wait_characteristic_units,3.88,0.9794023090209449,,,:,None,linear,linear
fig7_wait_failures,0,edit_lines=4,First-order theory: dispatch,195,02b20d8006444bf2,,{},,086034341ac0f852c2a6fcb69ec68e2113652b7c74c62a48ad7ff7f71f98ef48,nominal_failure_probability,comparator_wait_characteristic_units,3.9,0.9798101706291478,,,:,None,linear,linear
fig7_wait_failures,0,edit_lines=4,First-order theory: dispatch,196,02b20d8006444bf2,,{},,086034341ac0f852c2a6fcb69ec68e2113652b7c74c62a48ad7ff7f71f98ef48,nominal_failure_probability,comparator_wait_characteristic_units,3.92,0.9802099560364008,,,:,None,linear,linear
fig7_wait_failures,0,edit_lines=4,First-order theory: dispatch,197,02b20d8006444bf2,,{},,086034341ac0f852c2a6fcb69ec68e2113652b7c74c62a48ad7ff7f71f98ef48,nominal_failure_probability,comparator_wait_characteristic_units,3.94,0.9806018251621977,,,:,None,linear,linear
fig7_wait_failures,0,edit_lines=4,First-order theory: dispatch,198,02b20d8006444bf2,,{},,086034341ac0f852c2a6fcb69ec68e2113652b7c74c62a48ad7ff7f71f98ef48,nominal_failure_probability,comparator_wait_characteristic_units,3.96,0.9809859347594138,,,:,None,linear,linear
fig7_wait_failures,0,edit_lines=4,First-order theory: dispatch,199,02b20d8006444bf2,,{},,086034341ac0f852c2a6fcb69ec68e2113652b7c74c62a48ad7ff7f71f98ef48,nominal_failure_probability,comparator_wait_characteristic_units,3.98,0.9813624384770093,,,:,None,linear,linear
fig7_wait_failures,0,edit_lines=4,First-order theory: dispatch,200,02b20d8006444bf2,,{},,086034341ac0f852c2a6fcb69ec68e2113652b7c74c62a48ad7ff7f71f98ef48,nominal_failure_probability,comparator_wait_characteristic_units,4.0,0.9817314869214915,,,:,None,linear,linear
fig7_wait_failures,0,edit_lines=4,Kick-back: re-read at repair start,0,d8d14b4e07c89637,failed_repair_completions|author_repair_completions,"{""author_repair_completions"":{""ci95_high"":""35.01291254133706"",""ci95_low"":""31.187087458662944"",""mean"":""33.1"",""n"":""30""},""failed_repair_completions"":{""ci95_high"":""0.0"",""ci95_low"":""0.0"",""mean"":""0"",""n"":""30""}}",5209b6b2f833ff958bc9320af9d577cef3453eb94ff185822028da80be7e5505,086034341ac0f852c2a6fcb69ec68e2113652b7c74c62a48ad7ff7f71f98ef48,failed_over_completed,wait_in_characteristic_units,0.0,0.0,,,--,s,linear,linear
fig7_wait_failures,0,edit_lines=4,Kick-back: re-read at repair start,1,8c1d6df6dd5658a5,failed_repair_completions|author_repair_completions,"{""author_repair_completions"":{""ci95_high"":""124.34587607469325"",""ci95_low"":""121.52079059197342"",""mean"":""122.93333333333334"",""n"":""30""},""failed_repair_completions"":{""ci95_high"":""0.49144123674495205"",""ci95_low"":""0.10855876325504793"",""mean"":""0.3"",""n"":""30""}}",5209b6b2f833ff958bc9320af9d577cef3453eb94ff185822028da80be7e5505,086034341ac0f852c2a6fcb69ec68e2113652b7c74c62a48ad7ff7f71f98ef48,failed_over_completed,wait_in_characteristic_units,0.25,0.002440347071583514,,,--,s,linear,linear
fig7_wait_failures,0,edit_lines=4,Kick-back: re-read at repair start,2,3fcd2dbee09e2e1b,failed_repair_completions|author_repair_completions,"{""author_repair_completions"":{""ci95_high"":""62.16191089454524"",""ci95_low"":""60.7714224387881"",""mean"":""61.46666666666667"",""n"":""30""},""failed_repair_completions"":{""ci95_high"":""0.2091888588481065"",""ci95_low"":""-0.009188858848106482"",""mean"":""0.1"",""n"":""30""}}",5209b6b2f833ff958bc9320af9d577cef3453eb94ff185822028da80be7e5505,086034341ac0f852c2a6fcb69ec68e2113652b7c74c62a48ad7ff7f71f98ef48,failed_over_completed,wait_in_characteristic_units,0.5,0.0016268980477223427,,,--,s,linear,linear
fig7_wait_failures,0,edit_lines=4,Kick-back: re-read at repair start,3,cfc9652c78eaf652,failed_repair_completions|author_repair_completions,"{""author_repair_completions"":{""ci95_high"":""30.926767206054535"",""ci95_low"":""30.206566127278798"",""mean"":""30.566666666666666"",""n"":""30""},""failed_repair_completions"":{""ci95_high"":""0.1574549556138744"",""ci95_low"":""-0.024121622280541086"",""mean"":""0.06666666666666667"",""n"":""30""}}",5209b6b2f833ff958bc9320af9d577cef3453eb94ff185822028da80be7e5505,086034341ac0f852c2a6fcb69ec68e2113652b7c74c62a48ad7ff7f71f98ef48,failed_over_completed,wait_in_characteristic_units,1.0,0.0021810250817884407,,,--,s,linear,linear
fig7_wait_failures,0,edit_lines=4,Kick-back: re-read at repair start,4,f787499fc07184e2,failed_repair_completions|author_repair_completions,"{""author_repair_completions"":{""ci95_high"":""15.044060651339525"",""ci95_low"":""14.755939348660476"",""mean"":""14.9"",""n"":""30""},""failed_repair_completions"":{""ci95_high"":""0.0"",""ci95_low"":""0.0"",""mean"":""0"",""n"":""30""}}",5209b6b2f833ff958bc9320af9d577cef3453eb94ff185822028da80be7e5505,086034341ac0f852c2a6fcb69ec68e2113652b7c74c62a48ad7ff7f71f98ef48,failed_over_completed,wait_in_characteristic_units,2.0,0.0,,,--,s,linear,linear
fig7_wait_failures,0,edit_lines=4,Kick-back: re-read at repair start,5,32317f42642bca58,failed_repair_completions|author_repair_completions,"{""author_repair_completions"":{""ci95_high"":""7.032"",""ci95_low"":""6.9013333333333335"",""mean"":""6.966666666666667"",""n"":""30""},""failed_repair_completions"":{""ci95_high"":""0.09866666666666665"",""ci95_low"":""-0.031999999999999994"",""mean"":""0.03333333333333333"",""n"":""30""}}",5209b6b2f833ff958bc9320af9d577cef3453eb94ff185822028da80be7e5505,086034341ac0f852c2a6fcb69ec68e2113652b7c74c62a48ad7ff7f71f98ef48,failed_over_completed,wait_in_characteristic_units,4.0,0.004784688995215311,,,--,s,linear,linear
fig7_wait_failures,0,edit_lines=4,First-order theory: repair start,0,d8d14b4e07c89637,,{},,086034341ac0f852c2a6fcb69ec68e2113652b7c74c62a48ad7ff7f71f98ef48,nominal_failure_probability,comparator_wait_characteristic_units,0.0,0.0025729820571334544,,,:,None,linear,linear
fig7_wait_failures,0,edit_lines=4,First-order theory: repair start,1,d8d14b4e07c89637,,{},,086034341ac0f852c2a6fcb69ec68e2113652b7c74c62a48ad7ff7f71f98ef48,nominal_failure_probability,comparator_wait_characteristic_units,0.02,0.0025729820571334544,,,:,None,linear,linear
fig7_wait_failures,0,edit_lines=4,First-order theory: repair start,2,d8d14b4e07c89637,,{},,086034341ac0f852c2a6fcb69ec68e2113652b7c74c62a48ad7ff7f71f98ef48,nominal_failure_probability,comparator_wait_characteristic_units,0.04,0.0025729820571334544,,,:,None,linear,linear
fig7_wait_failures,0,edit_lines=4,First-order theory: repair start,3,d8d14b4e07c89637,,{},,086034341ac0f852c2a6fcb69ec68e2113652b7c74c62a48ad7ff7f71f98ef48,nominal_failure_probability,comparator_wait_characteristic_units,0.06,0.0025729820571334544,,,:,None,linear,linear
fig7_wait_failures,0,edit_lines=4,First-order theory: repair start,4,d8d14b4e07c89637,,{},,086034341ac0f852c2a6fcb69ec68e2113652b7c74c62a48ad7ff7f71f98ef48,nominal_failure_probability,comparator_wait_characteristic_units,0.08,0.0025729820571334544,,,:,None,linear,linear
fig7_wait_failures,0,edit_lines=4,First-order theory: repair start,5,d8d14b4e07c89637,,{},,086034341ac0f852c2a6fcb69ec68e2113652b7c74c62a48ad7ff7f71f98ef48,nominal_failure_probability,comparator_wait_characteristic_units,0.1,0.0025729820571334544,,,:,None,linear,linear
fig7_wait_failures,0,edit_lines=4,First-order theory: repair start,6,d8d14b4e07c89637,,{},,086034341ac0f852c2a6fcb69ec68e2113652b7c74c62a48ad7ff7f71f98ef48,nominal_failure_probability,comparator_wait_characteristic_units,0.12,0.0025729820571334544,,,:,None,linear,linear
fig7_wait_failures,0,edit_lines=4,First-order theory: repair start,7,d8d14b4e07c89637,,{},,086034341ac0f852c2a6fcb69ec68e2113652b7c74c62a48ad7ff7f71f98ef48,nominal_failure_probability,comparator_wait_characteristic_units,0.14,0.0025729820571334544,,,:,None,linear,linear
fig7_wait_failures,0,edit_lines=4,First-order theory: repair start,8,d8d14b4e07c89637,,{},,086034341ac0f852c2a6fcb69ec68e2113652b7c74c62a48ad7ff7f71f98ef48,nominal_failure_probability,comparator_wait_characteristic_units,0.16,0.0025729820571334544,,,:,None,linear,linear
fig7_wait_failures,0,edit_lines=4,First-order theory: repair start,9,d8d14b4e07c89637,,{},,086034341ac0f852c2a6fcb69ec68e2113652b7c74c62a48ad7ff7f71f98ef48,nominal_failure_probability,comparator_wait_characteristic_units,0.18,0.0025729820571334544,,,:,None,linear,linear
fig7_wait_failures,0,edit_lines=4,First-order theory: repair start,10,d8d14b4e07c89637,,{},,086034341ac0f852c2a6fcb69ec68e2113652b7c74c62a48ad7ff7f71f98ef48,nominal_failure_probability,comparator_wait_characteristic_units,0.2,0.0025729820571334544,,,:,None,linear,linear
fig7_wait_failures,0,edit_lines=4,First-order theory: repair start,11,d8d14b4e07c89637,,{},,086034341ac0f852c2a6fcb69ec68e2113652b7c74c62a48ad7ff7f71f98ef48,nominal_failure_probability,comparator_wait_characteristic_units,0.22,0.0025729820571334544,,,:,None,linear,linear
fig7_wait_failures,0,edit_lines=4,First-order theory: repair start,12,d8d14b4e07c89637,,{},,086034341ac0f852c2a6fcb69ec68e2113652b7c74c62a48ad7ff7f71f98ef48,nominal_failure_probability,comparator_wait_characteristic_units,0.24,0.0025729820571334544,,,:,None,linear,linear
fig7_wait_failures,0,edit_lines=4,First-order theory: repair start,13,d8d14b4e07c89637,,{},,086034341ac0f852c2a6fcb69ec68e2113652b7c74c62a48ad7ff7f71f98ef48,nominal_failure_probability,comparator_wait_characteristic_units,0.26,0.0025729820571334544,,,:,None,linear,linear
fig7_wait_failures,0,edit_lines=4,First-order theory: repair start,14,d8d14b4e07c89637,,{},,086034341ac0f852c2a6fcb69ec68e2113652b7c74c62a48ad7ff7f71f98ef48,nominal_failure_probability,comparator_wait_characteristic_units,0.28,0.0025729820571334544,,,:,None,linear,linear
fig7_wait_failures,0,edit_lines=4,First-order theory: repair start,15,d8d14b4e07c89637,,{},,086034341ac0f852c2a6fcb69ec68e2113652b7c74c62a48ad7ff7f71f98ef48,nominal_failure_probability,comparator_wait_characteristic_units,0.3,0.0025729820571334544,,,:,None,linear,linear
fig7_wait_failures,0,edit_lines=4,First-order theory: repair start,16,d8d14b4e07c89637,,{},,086034341ac0f852c2a6fcb69ec68e2113652b7c74c62a48ad7ff7f71f98ef48,nominal_failure_probability,comparator_wait_characteristic_units,0.32,0.0025729820571334544,,,:,None,linear,linear
fig7_wait_failures,0,edit_lines=4,First-order theory: repair start,17,d8d14b4e07c89637,,{},,086034341ac0f852c2a6fcb69ec68e2113652b7c74c62a48ad7ff7f71f98ef48,nominal_failure_probability,comparator_wait_characteristic_units,0.34,0.0025729820571334544,,,:,None,linear,linear
fig7_wait_failures,0,edit_lines=4,First-order theory: repair start,18,d8d14b4e07c89637,,{},,086034341ac0f852c2a6fcb69ec68e2113652b7c74c62a48ad7ff7f71f98ef48,nominal_failure_probability,comparator_wait_characteristic_units,0.36,0.0025729820571334544,,,:,None,linear,linear
fig7_wait_failures,0,edit_lines=4,First-order theory: repair start,19,d8d14b4e07c89637,,{},,086034341ac0f852c2a6fcb69ec68e2113652b7c74c62a48ad7ff7f71f98ef48,nominal_failure_probability,comparator_wait_characteristic_units,0.38,0.0025729820571334544,,,:,None,linear,linear
fig7_wait_failures,0,edit_lines=4,First-order theory: repair start,20,d8d14b4e07c89637,,{},,086034341ac0f852c2a6fcb69ec68e2113652b7c74c62a48ad7ff7f71f98ef48,nominal_failure_probability,comparator_wait_characteristic_units,0.4,0.0025729820571334544,,,:,None,linear,linear
fig7_wait_failures,0,edit_lines=4,First-order theory: repair start,21,d8d14b4e07c89637,,{},,086034341ac0f852c2a6fcb69ec68e2113652b7c74c62a48ad7ff7f71f98ef48,nominal_failure_probability,comparator_wait_characteristic_units,0.42,0.0025729820571334544,,,:,None,linear,linear
fig7_wait_failures,0,edit_lines=4,First-order theory: repair start,22,d8d14b4e07c89637,,{},,086034341ac0f852c2a6fcb69ec68e2113652b7c74c62a48ad7ff7f71f98ef48,nominal_failure_probability,comparator_wait_characteristic_units,0.44,0.0025729820571334544,,,:,None,linear,linear
fig7_wait_failures,0,edit_lines=4,First-order theory: repair start,23,d8d14b4e07c89637,,{},,086034341ac0f852c2a6fcb69ec68e2113652b7c74c62a48ad7ff7f71f98ef48,nominal_failure_probability,comparator_wait_characteristic_units,0.46,0.0025729820571334544,,,:,None,linear,linear
fig7_wait_failures,0,edit_lines=4,First-order theory: repair start,24,d8d14b4e07c89637,,{},,086034341ac0f852c2a6fcb69ec68e2113652b7c74c62a48ad7ff7f71f98ef48,nominal_failure_probability,comparator_wait_characteristic_units,0.48,0.0025729820571334544,,,:,None,linear,linear
fig7_wait_failures,0,edit_lines=4,First-order theory: repair start,25,d8d14b4e07c89637,,{},,086034341ac0f852c2a6fcb69ec68e2113652b7c74c62a48ad7ff7f71f98ef48,nominal_failure_probability,comparator_wait_characteristic_units,0.5,0.0025729820571334544,,,:,None,linear,linear
fig7_wait_failures,0,edit_lines=4,First-order theory: repair start,26,d8d14b4e07c89637,,{},,086034341ac0f852c2a6fcb69ec68e2113652b7c74c62a48ad7ff7f71f98ef48,nominal_failure_probability,comparator_wait_characteristic_units,0.52,0.0025729820571334544,,,:,None,linear,linear
fig7_wait_failures,0,edit_lines=4,First-order theory: repair start,27,d8d14b4e07c89637,,{},,086034341ac0f852c2a6fcb69ec68e2113652b7c74c62a48ad7ff7f71f98ef48,nominal_failure_probability,comparator_wait_characteristic_units,0.54,0.0025729820571334544,,,:,None,linear,linear
fig7_wait_failures,0,edit_lines=4,First-order theory: repair start,28,d8d14b4e07c89637,,{},,086034341ac0f852c2a6fcb69ec68e2113652b7c74c62a48ad7ff7f71f98ef48,nominal_failure_probability,comparator_wait_characteristic_units,0.56,0.0025729820571334544,,,:,None,linear,linear
fig7_wait_failures,0,edit_lines=4,First-order theory: repair start,29,d8d14b4e07c89637,,{},,086034341ac0f852c2a6fcb69ec68e2113652b7c74c62a48ad7ff7f71f98ef48,nominal_failure_probability,comparator_wait_characteristic_units,0.58,0.0025729820571334544,,,:,None,linear,linear
fig7_wait_failures,0,edit_lines=4,First-order theory: repair start,30,d8d14b4e07c89637,,{},,086034341ac0f852c2a6fcb69ec68e2113652b7c74c62a48ad7ff7f71f98ef48,nominal_failure_probability,comparator_wait_characteristic_units,0.6,0.0025729820571334544,,,:,None,linear,linear
fig7_wait_failures,0,edit_lines=4,First-order theory: repair start,31,d8d14b4e07c89637,,{},,086034341ac0f852c2a6fcb69ec68e2113652b7c74c62a48ad7ff7f71f98ef48,nominal_failure_probability,comparator_wait_characteristic_units,0.62,0.0025729820571334544,,,:,None,linear,linear
fig7_wait_failures,0,edit_lines=4,First-order theory: repair start,32,d8d14b4e07c89637,,{},,086034341ac0f852c2a6fcb69ec68e2113652b7c74c62a48ad7ff7f71f98ef48,nominal_failure_probability,comparator_wait_characteristic_units,0.64,0.0025729820571334544,,,:,None,linear,linear
fig7_wait_failures,0,edit_lines=4,First-order theory: repair start,33,d8d14b4e07c89637,,{},,086034341ac0f852c2a6fcb69ec68e2113652b7c74c62a48ad7ff7f71f98ef48,nominal_failure_probability,comparator_wait_characteristic_units,0.66,0.0025729820571334544,,,:,None,linear,linear
fig7_wait_failures,0,edit_lines=4,First-order theory: repair start,34,d8d14b4e07c89637,,{},,086034341ac0f852c2a6fcb69ec68e2113652b7c74c62a48ad7ff7f71f98ef48,nominal_failure_probability,comparator_wait_characteristic_units,0.68,0.0025729820571334544,,,:,None,linear,linear
fig7_wait_failures,0,edit_lines=4,First-order theory: repair start,35,d8d14b4e07c89637,,{},,086034341ac0f852c2a6fcb69ec68e2113652b7c74c62a48ad7ff7f71f98ef48,nominal_failure_probability,comparator_wait_characteristic_units,0.7000000000000001,0.0025729820571334544,,,:,None,linear,linear
fig7_wait_failures,0,edit_lines=4,First-order theory: repair start,36,d8d14b4e07c89637,,{},,086034341ac0f852c2a6fcb69ec68e2113652b7c74c62a48ad7ff7f71f98ef48,nominal_failure_probability,comparator_wait_characteristic_units,0.72,0.0025729820571334544,,,:,None,linear,linear
fig7_wait_failures,0,edit_lines=4,First-order theory: repair start,37,d8d14b4e07c89637,,{},,086034341ac0f852c2a6fcb69ec68e2113652b7c74c62a48ad7ff7f71f98ef48,nominal_failure_probability,comparator_wait_characteristic_units,0.74,0.0025729820571334544,,,:,None,linear,linear
fig7_wait_failures,0,edit_lines=4,First-order theory: repair start,38,d8d14b4e07c89637,,{},,086034341ac0f852c2a6fcb69ec68e2113652b7c74c62a48ad7ff7f71f98ef48,nominal_failure_probability,comparator_wait_characteristic_units,0.76,0.0025729820571334544,,,:,None,linear,linear
fig7_wait_failures,0,edit_lines=4,First-order theory: repair start,39,d8d14b4e07c89637,,{},,086034341ac0f852c2a6fcb69ec68e2113652b7c74c62a48ad7ff7f71f98ef48,nominal_failure_probability,comparator_wait_characteristic_units,0.78,0.0025729820571334544,,,:,None,linear,linear
fig7_wait_failures,0,edit_lines=4,First-order theory: repair start,40,d8d14b4e07c89637,,{},,086034341ac0f852c2a6fcb69ec68e2113652b7c74c62a48ad7ff7f71f98ef48,nominal_failure_probability,comparator_wait_characteristic_units,0.8,0.0025729820571334544,,,:,None,linear,linear
fig7_wait_failures,0,edit_lines=4,First-order theory: repair start,41,d8d14b4e07c89637,,{},,086034341ac0f852c2a6fcb69ec68e2113652b7c74c62a48ad7ff7f71f98ef48,nominal_failure_probability,comparator_wait_characteristic_units,0.8200000000000001,0.0025729820571334544,,,:,None,linear,linear
fig7_wait_failures,0,edit_lines=4,First-order theory: repair start,42,d8d14b4e07c89637,,{},,086034341ac0f852c2a6fcb69ec68e2113652b7c74c62a48ad7ff7f71f98ef48,nominal_failure_probability,comparator_wait_characteristic_units,0.84,0.0025729820571334544,,,:,None,linear,linear
fig7_wait_failures,0,edit_lines=4,First-order theory: repair start,43,d8d14b4e07c89637,,{},,086034341ac0f852c2a6fcb69ec68e2113652b7c74c62a48ad7ff7f71f98ef48,nominal_failure_probability,comparator_wait_characteristic_units,0.86,0.0025729820571334544,,,:,None,linear,linear
fig7_wait_failures,0,edit_lines=4,First-order theory: repair start,44,d8d14b4e07c89637,,{},,086034341ac0f852c2a6fcb69ec68e2113652b7c74c62a48ad7ff7f71f98ef48,nominal_failure_probability,comparator_wait_characteristic_units,0.88,0.0025729820571334544,,,:,None,linear,linear
fig7_wait_failures,0,edit_lines=4,First-order theory: repair start,45,d8d14b4e07c89637,,{},,086034341ac0f852c2a6fcb69ec68e2113652b7c74c62a48ad7ff7f71f98ef48,nominal_failure_probability,comparator_wait_characteristic_units,0.9,0.0025729820571334544,,,:,None,linear,linear
fig7_wait_failures,0,edit_lines=4,First-order theory: repair start,46,d8d14b4e07c89637,,{},,086034341ac0f852c2a6fcb69ec68e2113652b7c74c62a48ad7ff7f71f98ef48,nominal_failure_probability,comparator_wait_characteristic_units,0.92,0.0025729820571334544,,,:,None,linear,linear
fig7_wait_failures,0,edit_lines=4,First-order theory: repair start,47,d8d14b4e07c89637,,{},,086034341ac0f852c2a6fcb69ec68e2113652b7c74c62a48ad7ff7f71f98ef48,nominal_failure_probability,comparator_wait_characteristic_units,0.9400000000000001,0.0025729820571334544,,,:,None,linear,linear
fig7_wait_failures,0,edit_lines=4,First-order theory: repair start,48,d8d14b4e07c89637,,{},,086034341ac0f852c2a6fcb69ec68e2113652b7c74c62a48ad7ff7f71f98ef48,nominal_failure_probability,comparator_wait_characteristic_units,0.96,0.0025729820571334544,,,:,None,linear,linear
fig7_wait_failures,0,edit_lines=4,First-order theory: repair start,49,d8d14b4e07c89637,,{},,086034341ac0f852c2a6fcb69ec68e2113652b7c74c62a48ad7ff7f71f98ef48,nominal_failure_probability,comparator_wait_characteristic_units,0.98,0.0025729820571334544,,,:,None,linear,linear
fig7_wait_failures,0,edit_lines=4,First-order theory: repair start,50,d8d14b4e07c89637,,{},,086034341ac0f852c2a6fcb69ec68e2113652b7c74c62a48ad7ff7f71f98ef48,nominal_failure_probability,comparator_wait_characteristic_units,1.0,0.0025729820571334544,,,:,None,linear,linear
fig7_wait_failures,0,edit_lines=4,First-order theory: repair start,51,d8d14b4e07c89637,,{},,086034341ac0f852c2a6fcb69ec68e2113652b7c74c62a48ad7ff7f71f98ef48,nominal_failure_probability,comparator_wait_characteristic_units,1.02,0.0025729820571334544,,,:,None,linear,linear
fig7_wait_failures,0,edit_lines=4,First-order theory: repair start,52,d8d14b4e07c89637,,{},,086034341ac0f852c2a6fcb69ec68e2113652b7c74c62a48ad7ff7f71f98ef48,nominal_failure_probability,comparator_wait_characteristic_units,1.04,0.0025729820571334544,,,:,None,linear,linear
fig7_wait_failures,0,edit_lines=4,First-order theory: repair start,53,d8d14b4e07c89637,,{},,086034341ac0f852c2a6fcb69ec68e2113652b7c74c62a48ad7ff7f71f98ef48,nominal_failure_probability,comparator_wait_characteristic_units,1.06,0.0025729820571334544,,,:,None,linear,linear
fig7_wait_failures,0,edit_lines=4,First-order theory: repair start,54,d8d14b4e07c89637,,{},,086034341ac0f852c2a6fcb69ec68e2113652b7c74c62a48ad7ff7f71f98ef48,nominal_failure_probability,comparator_wait_characteristic_units,1.08,0.0025729820571334544,,,:,None,linear,linear
fig7_wait_failures,0,edit_lines=4,First-order theory: repair start,55,d8d14b4e07c89637,,{},,086034341ac0f852c2a6fcb69ec68e2113652b7c74c62a48ad7ff7f71f98ef48,nominal_failure_probability,comparator_wait_characteristic_units,1.1,0.0025729820571334544,,,:,None,linear,linear
fig7_wait_failures,0,edit_lines=4,First-order theory: repair start,56,d8d14b4e07c89637,,{},,086034341ac0f852c2a6fcb69ec68e2113652b7c74c62a48ad7ff7f71f98ef48,nominal_failure_probability,comparator_wait_characteristic_units,1.12,0.0025729820571334544,,,:,None,linear,linear
fig7_wait_failures,0,edit_lines=4,First-order theory: repair start,57,d8d14b4e07c89637,,{},,086034341ac0f852c2a6fcb69ec68e2113652b7c74c62a48ad7ff7f71f98ef48,nominal_failure_probability,comparator_wait_characteristic_units,1.1400000000000001,0.0025729820571334544,,,:,None,linear,linear
fig7_wait_failures,0,edit_lines=4,First-order theory: repair start,58,d8d14b4e07c89637,,{},,086034341ac0f852c2a6fcb69ec68e2113652b7c74c62a48ad7ff7f71f98ef48,nominal_failure_probability,comparator_wait_characteristic_units,1.16,0.0025729820571334544,,,:,None,linear,linear
fig7_wait_failures,0,edit_lines=4,First-order theory: repair start,59,d8d14b4e07c89637,,{},,086034341ac0f852c2a6fcb69ec68e2113652b7c74c62a48ad7ff7f71f98ef48,nominal_failure_probability,comparator_wait_characteristic_units,1.18,0.0025729820571334544,,,:,None,linear,linear
fig7_wait_failures,0,edit_lines=4,First-order theory: repair start,60,d8d14b4e07c89637,,{},,086034341ac0f852c2a6fcb69ec68e2113652b7c74c62a48ad7ff7f71f98ef48,nominal_failure_probability,comparator_wait_characteristic_units,1.2,0.0025729820571334544,,,:,None,linear,linear
fig7_wait_failures,0,edit_lines=4,First-order theory: repair start,61,d8d14b4e07c89637,,{},,086034341ac0f852c2a6fcb69ec68e2113652b7c74c62a48ad7ff7f71f98ef48,nominal_failure_probability,comparator_wait_characteristic_units,1.22,0.0025729820571334544,,,:,None,linear,linear
fig7_wait_failures,0,edit_lines=4,First-order theory: repair start,62,d8d14b4e07c89637,,{},,086034341ac0f852c2a6fcb69ec68e2113652b7c74c62a48ad7ff7f71f98ef48,nominal_failure_probability,comparator_wait_characteristic_units,1.24,0.0025729820571334544,,,:,None,linear,linear
fig7_wait_failures,0,edit_lines=4,First-order theory: repair start,63,d8d14b4e07c89637,,{},,086034341ac0f852c2a6fcb69ec68e2113652b7c74c62a48ad7ff7f71f98ef48,nominal_failure_probability,comparator_wait_characteristic_units,1.26,0.0025729820571334544,,,:,None,linear,linear
fig7_wait_failures,0,edit_lines=4,First-order theory: repair start,64,d8d14b4e07c89637,,{},,086034341ac0f852c2a6fcb69ec68e2113652b7c74c62a48ad7ff7f71f98ef48,nominal_failure_probability,comparator_wait_characteristic_units,1.28,0.0025729820571334544,,,:,None,linear,linear
fig7_wait_failures,0,edit_lines=4,First-order theory: repair start,65,d8d14b4e07c89637,,{},,086034341ac0f852c2a6fcb69ec68e2113652b7c74c62a48ad7ff7f71f98ef48,nominal_failure_probability,comparator_wait_characteristic_units,1.3,0.0025729820571334544,,,:,None,linear,linear
fig7_wait_failures,0,edit_lines=4,First-order theory: repair start,66,d8d14b4e07c89637,,{},,086034341ac0f852c2a6fcb69ec68e2113652b7c74c62a48ad7ff7f71f98ef48,nominal_failure_probability,comparator_wait_characteristic_units,1.32,0.0025729820571334544,,,:,None,linear,linear
fig7_wait_failures,0,edit_lines=4,First-order theory: repair start,67,d8d14b4e07c89637,,{},,086034341ac0f852c2a6fcb69ec68e2113652b7c74c62a48ad7ff7f71f98ef48,nominal_failure_probability,comparator_wait_characteristic_units,1.34,0.0025729820571334544,,,:,None,linear,linear
fig7_wait_failures,0,edit_lines=4,First-order theory: repair start,68,d8d14b4e07c89637,,{},,086034341ac0f852c2a6fcb69ec68e2113652b7c74c62a48ad7ff7f71f98ef48,nominal_failure_probability,comparator_wait_characteristic_units,1.36,0.0025729820571334544,,,:,None,linear,linear
fig7_wait_failures,0,edit_lines=4,First-order theory: repair start,69,d8d14b4e07c89637,,{},,086034341ac0f852c2a6fcb69ec68e2113652b7c74c62a48ad7ff7f71f98ef48,nominal_failure_probability,comparator_wait_characteristic_units,1.3800000000000001,0.0025729820571334544,,,:,None,linear,linear
fig7_wait_failures,0,edit_lines=4,First-order theory: repair start,70,d8d14b4e07c89637,,{},,086034341ac0f852c2a6fcb69ec68e2113652b7c74c62a48ad7ff7f71f98ef48,nominal_failure_probability,comparator_wait_characteristic_units,1.4000000000000001,0.0025729820571334544,,,:,None,linear,linear
fig7_wait_failures,0,edit_lines=4,First-order theory: repair start,71,d8d14b4e07c89637,,{},,086034341ac0f852c2a6fcb69ec68e2113652b7c74c62a48ad7ff7f71f98ef48,nominal_failure_probability,comparator_wait_characteristic_units,1.42,0.0025729820571334544,,,:,None,linear,linear
fig7_wait_failures,0,edit_lines=4,First-order theory: repair start,72,d8d14b4e07c89637,,{},,086034341ac0f852c2a6fcb69ec68e2113652b7c74c62a48ad7ff7f71f98ef48,nominal_failure_probability,comparator_wait_characteristic_units,1.44,0.0025729820571334544,,,:,None,linear,linear
fig7_wait_failures,0,edit_lines=4,First-order theory: repair start,73,d8d14b4e07c89637,,{},,086034341ac0f852c2a6fcb69ec68e2113652b7c74c62a48ad7ff7f71f98ef48,nominal_failure_probability,comparator_wait_characteristic_units,1.46,0.0025729820571334544,,,:,None,linear,linear
fig7_wait_failures,0,edit_lines=4,First-order theory: repair start,74,d8d14b4e07c89637,,{},,086034341ac0f852c2a6fcb69ec68e2113652b7c74c62a48ad7ff7f71f98ef48,nominal_failure_probability,comparator_wait_characteristic_units,1.48,0.0025729820571334544,,,:,None,linear,linear
fig7_wait_failures,0,edit_lines=4,First-order theory: repair start,75,d8d14b4e07c89637,,{},,086034341ac0f852c2a6fcb69ec68e2113652b7c74c62a48ad7ff7f71f98ef48,nominal_failure_probability,comparator_wait_characteristic_units,1.5,0.0025729820571334544,,,:,None,linear,linear
fig7_wait_failures,0,edit_lines=4,First-order theory: repair start,76,d8d14b4e07c89637,,{},,086034341ac0f852c2a6fcb69ec68e2113652b7c74c62a48ad7ff7f71f98ef48,nominal_failure_probability,comparator_wait_characteristic_units,1.52,0.0025729820571334544,,,:,None,linear,linear
fig7_wait_failures,0,edit_lines=4,First-order theory: repair start,77,d8d14b4e07c89637,,{},,086034341ac0f852c2a6fcb69ec68e2113652b7c74c62a48ad7ff7f71f98ef48,nominal_failure_probability,comparator_wait_characteristic_units,1.54,0.0025729820571334544,,,:,None,linear,linear
fig7_wait_failures,0,edit_lines=4,First-order theory: repair start,78,d8d14b4e07c89637,,{},,086034341ac0f852c2a6fcb69ec68e2113652b7c74c62a48ad7ff7f71f98ef48,nominal_failure_probability,comparator_wait_characteristic_units,1.56,0.0025729820571334544,,,:,None,linear,linear
fig7_wait_failures,0,edit_lines=4,First-order theory: repair start,79,d8d14b4e07c89637,,{},,086034341ac0f852c2a6fcb69ec68e2113652b7c74c62a48ad7ff7f71f98ef48,nominal_failure_probability,comparator_wait_characteristic_units,1.58,0.0025729820571334544,,,:,None,linear,linear
fig7_wait_failures,0,edit_lines=4,First-order theory: repair start,80,d8d14b4e07c89637,,{},,086034341ac0f852c2a6fcb69ec68e2113652b7c74c62a48ad7ff7f71f98ef48,nominal_failure_probability,comparator_wait_characteristic_units,1.6,0.0025729820571334544,,,:,None,linear,linear
fig7_wait_failures,0,edit_lines=4,First-order theory: repair start,81,d8d14b4e07c89637,,{},,086034341ac0f852c2a6fcb69ec68e2113652b7c74c62a48ad7ff7f71f98ef48,nominal_failure_probability,comparator_wait_characteristic_units,1.62,0.0025729820571334544,,,:,None,linear,linear
fig7_wait_failures,0,edit_lines=4,First-order theory: repair start,82,d8d14b4e07c89637,,{},,086034341ac0f852c2a6fcb69ec68e2113652b7c74c62a48ad7ff7f71f98ef48,nominal_failure_probability,comparator_wait_characteristic_units,1.6400000000000001,0.0025729820571334544,,,:,None,linear,linear
fig7_wait_failures,0,edit_lines=4,First-order theory: repair start,83,d8d14b4e07c89637,,{},,086034341ac0f852c2a6fcb69ec68e2113652b7c74c62a48ad7ff7f71f98ef48,nominal_failure_probability,comparator_wait_characteristic_units,1.6600000000000001,0.0025729820571334544,,,:,None,linear,linear
fig7_wait_failures,0,edit_lines=4,First-order theory: repair start,84,d8d14b4e07c89637,,{},,086034341ac0f852c2a6fcb69ec68e2113652b7c74c62a48ad7ff7f71f98ef48,nominal_failure_probability,comparator_wait_characteristic_units,1.68,0.0025729820571334544,,,:,None,linear,linear
fig7_wait_failures,0,edit_lines=4,First-order theory: repair start,85,d8d14b4e07c89637,,{},,086034341ac0f852c2a6fcb69ec68e2113652b7c74c62a48ad7ff7f71f98ef48,nominal_failure_probability,comparator_wait_characteristic_units,1.7,0.0025729820571334544,,,:,None,linear,linear
fig7_wait_failures,0,edit_lines=4,First-order theory: repair start,86,d8d14b4e07c89637,,{},,086034341ac0f852c2a6fcb69ec68e2113652b7c74c62a48ad7ff7f71f98ef48,nominal_failure_probability,comparator_wait_characteristic_units,1.72,0.0025729820571334544,,,:,None,linear,linear
fig7_wait_failures,0,edit_lines=4,First-order theory: repair start,87,d8d14b4e07c89637,,{},,086034341ac0f852c2a6fcb69ec68e2113652b7c74c62a48ad7ff7f71f98ef48,nominal_failure_probability,comparator_wait_characteristic_units,1.74,0.0025729820571334544,,,:,None,linear,linear
fig7_wait_failures,0,edit_lines=4,First-order theory: repair start,88,d8d14b4e07c89637,,{},,086034341ac0f852c2a6fcb69ec68e2113652b7c74c62a48ad7ff7f71f98ef48,nominal_failure_probability,comparator_wait_characteristic_units,1.76,0.0025729820571334544,,,:,None,linear,linear
fig7_wait_failures,0,edit_lines=4,First-order theory: repair start,89,d8d14b4e07c89637,,{},,086034341ac0f852c2a6fcb69ec68e2113652b7c74c62a48ad7ff7f71f98ef48,nominal_failure_probability,comparator_wait_characteristic_units,1.78,0.0025729820571334544,,,:,None,linear,linear
fig7_wait_failures,0,edit_lines=4,First-order theory: repair start,90,d8d14b4e07c89637,,{},,086034341ac0f852c2a6fcb69ec68e2113652b7c74c62a48ad7ff7f71f98ef48,nominal_failure_probability,comparator_wait_characteristic_units,1.8,0.0025729820571334544,,,:,None,linear,linear
fig7_wait_failures,0,edit_lines=4,First-order theory: repair start,91,d8d14b4e07c89637,,{},,086034341ac0f852c2a6fcb69ec68e2113652b7c74c62a48ad7ff7f71f98ef48,nominal_failure_probability,comparator_wait_characteristic_units,1.82,0.0025729820571334544,,,:,None,linear,linear
fig7_wait_failures,0,edit_lines=4,First-order theory: repair start,92,d8d14b4e07c89637,,{},,086034341ac0f852c2a6fcb69ec68e2113652b7c74c62a48ad7ff7f71f98ef48,nominal_failure_probability,comparator_wait_characteristic_units,1.84,0.0025729820571334544,,,:,None,linear,linear
fig7_wait_failures,0,edit_lines=4,First-order theory: repair start,93,d8d14b4e07c89637,,{},,086034341ac0f852c2a6fcb69ec68e2113652b7c74c62a48ad7ff7f71f98ef48,nominal_failure_probability,comparator_wait_characteristic_units,1.86,0.0025729820571334544,,,:,None,linear,linear
fig7_wait_failures,0,edit_lines=4,First-order theory: repair start,94,d8d14b4e07c89637,,{},,086034341ac0f852c2a6fcb69ec68e2113652b7c74c62a48ad7ff7f71f98ef48,nominal_failure_probability,comparator_wait_characteristic_units,1.8800000000000001,0.0025729820571334544,,,:,None,linear,linear
fig7_wait_failures,0,edit_lines=4,First-order theory: repair start,95,d8d14b4e07c89637,,{},,086034341ac0f852c2a6fcb69ec68e2113652b7c74c62a48ad7ff7f71f98ef48,nominal_failure_probability,comparator_wait_characteristic_units,1.9000000000000001,0.0025729820571334544,,,:,None,linear,linear
fig7_wait_failures,0,edit_lines=4,First-order theory: repair start,96,d8d14b4e07c89637,,{},,086034341ac0f852c2a6fcb69ec68e2113652b7c74c62a48ad7ff7f71f98ef48,nominal_failure_probability,comparator_wait_characteristic_units,1.92,0.0025729820571334544,,,:,None,linear,linear
fig7_wait_failures,0,edit_lines=4,First-order theory: repair start,97,d8d14b4e07c89637,,{},,086034341ac0f852c2a6fcb69ec68e2113652b7c74c62a48ad7ff7f71f98ef48,nominal_failure_probability,comparator_wait_characteristic_units,1.94,0.0025729820571334544,,,:,None,linear,linear
fig7_wait_failures,0,edit_lines=4,First-order theory: repair start,98,d8d14b4e07c89637,,{},,086034341ac0f852c2a6fcb69ec68e2113652b7c74c62a48ad7ff7f71f98ef48,nominal_failure_probability,comparator_wait_characteristic_units,1.96,0.0025729820571334544,,,:,None,linear,linear
fig7_wait_failures,0,edit_lines=4,First-order theory: repair start,99,d8d14b4e07c89637,,{},,086034341ac0f852c2a6fcb69ec68e2113652b7c74c62a48ad7ff7f71f98ef48,nominal_failure_probability,comparator_wait_characteristic_units,1.98,0.0025729820571334544,,,:,None,linear,linear
fig7_wait_failures,0,edit_lines=4,First-order theory: repair start,100,d8d14b4e07c89637,,{},,086034341ac0f852c2a6fcb69ec68e2113652b7c74c62a48ad7ff7f71f98ef48,nominal_failure_probability,comparator_wait_characteristic_units,2.0,0.0025729820571334544,,,:,None,linear,linear
fig7_wait_failures,0,edit_lines=4,First-order theory: repair start,101,d8d14b4e07c89637,,{},,086034341ac0f852c2a6fcb69ec68e2113652b7c74c62a48ad7ff7f71f98ef48,nominal_failure_probability,comparator_wait_characteristic_units,2.02,0.0025729820571334544,,,:,None,linear,linear
fig7_wait_failures,0,edit_lines=4,First-order theory: repair start,102,d8d14b4e07c89637,,{},,086034341ac0f852c2a6fcb69ec68e2113652b7c74c62a48ad7ff7f71f98ef48,nominal_failure_probability,comparator_wait_characteristic_units,2.04,0.0025729820571334544,,,:,None,linear,linear
fig7_wait_failures,0,edit_lines=4,First-order theory: repair start,103,d8d14b4e07c89637,,{},,086034341ac0f852c2a6fcb69ec68e2113652b7c74c62a48ad7ff7f71f98ef48,nominal_failure_probability,comparator_wait_characteristic_units,2.06,0.0025729820571334544,,,:,None,linear,linear
fig7_wait_failures,0,edit_lines=4,First-order theory: repair start,104,d8d14b4e07c89637,,{},,086034341ac0f852c2a6fcb69ec68e2113652b7c74c62a48ad7ff7f71f98ef48,nominal_failure_probability,comparator_wait_characteristic_units,2.08,0.0025729820571334544,,,:,None,linear,linear
fig7_wait_failures,0,edit_lines=4,First-order theory: repair start,105,d8d14b4e07c89637,,{},,086034341ac0f852c2a6fcb69ec68e2113652b7c74c62a48ad7ff7f71f98ef48,nominal_failure_probability,comparator_wait_characteristic_units,2.1,0.0025729820571334544,,,:,None,linear,linear
fig7_wait_failures,0,edit_lines=4,First-order theory: repair start,106,d8d14b4e07c89637,,{},,086034341ac0f852c2a6fcb69ec68e2113652b7c74c62a48ad7ff7f71f98ef48,nominal_failure_probability,comparator_wait_characteristic_units,2.12,0.0025729820571334544,,,:,None,linear,linear
fig7_wait_failures,0,edit_lines=4,First-order theory: repair start,107,d8d14b4e07c89637,,{},,086034341ac0f852c2a6fcb69ec68e2113652b7c74c62a48ad7ff7f71f98ef48,nominal_failure_probability,comparator_wait_characteristic_units,2.14,0.0025729820571334544,,,:,None,linear,linear
fig7_wait_failures,0,edit_lines=4,First-order theory: repair start,108,d8d14b4e07c89637,,{},,086034341ac0f852c2a6fcb69ec68e2113652b7c74c62a48ad7ff7f71f98ef48,nominal_failure_probability,comparator_wait_characteristic_units,2.16,0.0025729820571334544,,,:,None,linear,linear
fig7_wait_failures,0,edit_lines=4,First-order theory: repair start,109,d8d14b4e07c89637,,{},,086034341ac0f852c2a6fcb69ec68e2113652b7c74c62a48ad7ff7f71f98ef48,nominal_failure_probability,comparator_wait_characteristic_units,2.18,0.0025729820571334544,,,:,None,linear,linear
fig7_wait_failures,0,edit_lines=4,First-order theory: repair start,110,d8d14b4e07c89637,,{},,086034341ac0f852c2a6fcb69ec68e2113652b7c74c62a48ad7ff7f71f98ef48,nominal_failure_probability,comparator_wait_characteristic_units,2.2,0.0025729820571334544,,,:,None,linear,linear
fig7_wait_failures,0,edit_lines=4,First-order theory: repair start,111,d8d14b4e07c89637,,{},,086034341ac0f852c2a6fcb69ec68e2113652b7c74c62a48ad7ff7f71f98ef48,nominal_failure_probability,comparator_wait_characteristic_units,2.22,0.0025729820571334544,,,:,None,linear,linear
fig7_wait_failures,0,edit_lines=4,First-order theory: repair start,112,d8d14b4e07c89637,,{},,086034341ac0f852c2a6fcb69ec68e2113652b7c74c62a48ad7ff7f71f98ef48,nominal_failure_probability,comparator_wait_characteristic_units,2.24,0.0025729820571334544,,,:,None,linear,linear
fig7_wait_failures,0,edit_lines=4,First-order theory: repair start,113,d8d14b4e07c89637,,{},,086034341ac0f852c2a6fcb69ec68e2113652b7c74c62a48ad7ff7f71f98ef48,nominal_failure_probability,comparator_wait_characteristic_units,2.2600000000000002,0.0025729820571334544,,,:,None,linear,linear
fig7_wait_failures,0,edit_lines=4,First-order theory: repair start,114,d8d14b4e07c89637,,{},,086034341ac0f852c2a6fcb69ec68e2113652b7c74c62a48ad7ff7f71f98ef48,nominal_failure_probability,comparator_wait_characteristic_units,2.2800000000000002,0.0025729820571334544,,,:,None,linear,linear
fig7_wait_failures,0,edit_lines=4,First-order theory: repair start,115,d8d14b4e07c89637,,{},,086034341ac0f852c2a6fcb69ec68e2113652b7c74c62a48ad7ff7f71f98ef48,nominal_failure_probability,comparator_wait_characteristic_units,2.3000000000000003,0.0025729820571334544,,,:,None,linear,linear
fig7_wait_failures,0,edit_lines=4,First-order theory: repair start,116,d8d14b4e07c89637,,{},,086034341ac0f852c2a6fcb69ec68e2113652b7c74c62a48ad7ff7f71f98ef48,nominal_failure_probability,comparator_wait_characteristic_units,2.32,0.0025729820571334544,,,:,None,linear,linear
fig7_wait_failures,0,edit_lines=4,First-order theory: repair start,117,d8d14b4e07c89637,,{},,086034341ac0f852c2a6fcb69ec68e2113652b7c74c62a48ad7ff7f71f98ef48,nominal_failure_probability,comparator_wait_characteristic_units,2.34,0.0025729820571334544,,,:,None,linear,linear
fig7_wait_failures,0,edit_lines=4,First-order theory: repair start,118,d8d14b4e07c89637,,{},,086034341ac0f852c2a6fcb69ec68e2113652b7c74c62a48ad7ff7f71f98ef48,nominal_failure_probability,comparator_wait_characteristic_units,2.36,0.0025729820571334544,,,:,None,linear,linear
fig7_wait_failures,0,edit_lines=4,First-order theory: repair start,119,d8d14b4e07c89637,,{},,086034341ac0f852c2a6fcb69ec68e2113652b7c74c62a48ad7ff7f71f98ef48,nominal_failure_probability,comparator_wait_characteristic_units,2.38,0.0025729820571334544,,,:,None,linear,linear
fig7_wait_failures,0,edit_lines=4,First-order theory: repair start,120,d8d14b4e07c89637,,{},,086034341ac0f852c2a6fcb69ec68e2113652b7c74c62a48ad7ff7f71f98ef48,nominal_failure_probability,comparator_wait_characteristic_units,2.4,0.0025729820571334544,,,:,None,linear,linear
fig7_wait_failures,0,edit_lines=4,First-order theory: repair start,121,d8d14b4e07c89637,,{},,086034341ac0f852c2a6fcb69ec68e2113652b7c74c62a48ad7ff7f71f98ef48,nominal_failure_probability,comparator_wait_characteristic_units,2.42,0.0025729820571334544,,,:,None,linear,linear
fig7_wait_failures,0,edit_lines=4,First-order theory: repair start,122,d8d14b4e07c89637,,{},,086034341ac0f852c2a6fcb69ec68e2113652b7c74c62a48ad7ff7f71f98ef48,nominal_failure_probability,comparator_wait_characteristic_units,2.44,0.0025729820571334544,,,:,None,linear,linear
fig7_wait_failures,0,edit_lines=4,First-order theory: repair start,123,d8d14b4e07c89637,,{},,086034341ac0f852c2a6fcb69ec68e2113652b7c74c62a48ad7ff7f71f98ef48,nominal_failure_probability,comparator_wait_characteristic_units,2.46,0.0025729820571334544,,,:,None,linear,linear
fig7_wait_failures,0,edit_lines=4,First-order theory: repair start,124,d8d14b4e07c89637,,{},,086034341ac0f852c2a6fcb69ec68e2113652b7c74c62a48ad7ff7f71f98ef48,nominal_failure_probability,comparator_wait_characteristic_units,2.48,0.0025729820571334544,,,:,None,linear,linear
fig7_wait_failures,0,edit_lines=4,First-order theory: repair start,125,d8d14b4e07c89637,,{},,086034341ac0f852c2a6fcb69ec68e2113652b7c74c62a48ad7ff7f71f98ef48,nominal_failure_probability,comparator_wait_characteristic_units,2.5,0.0025729820571334544,,,:,None,linear,linear
fig7_wait_failures,0,edit_lines=4,First-order theory: repair start,126,d8d14b4e07c89637,,{},,086034341ac0f852c2a6fcb69ec68e2113652b7c74c62a48ad7ff7f71f98ef48,nominal_failure_probability,comparator_wait_characteristic_units,2.52,0.0025729820571334544,,,:,None,linear,linear
fig7_wait_failures,0,edit_lines=4,First-order theory: repair start,127,d8d14b4e07c89637,,{},,086034341ac0f852c2a6fcb69ec68e2113652b7c74c62a48ad7ff7f71f98ef48,nominal_failure_probability,comparator_wait_characteristic_units,2.54,0.0025729820571334544,,,:,None,linear,linear
fig7_wait_failures,0,edit_lines=4,First-order theory: repair start,128,d8d14b4e07c89637,,{},,086034341ac0f852c2a6fcb69ec68e2113652b7c74c62a48ad7ff7f71f98ef48,nominal_failure_probability,comparator_wait_characteristic_units,2.56,0.0025729820571334544,,,:,None,linear,linear
fig7_wait_failures,0,edit_lines=4,First-order theory: repair start,129,d8d14b4e07c89637,,{},,086034341ac0f852c2a6fcb69ec68e2113652b7c74c62a48ad7ff7f71f98ef48,nominal_failure_probability,comparator_wait_characteristic_units,2.58,0.0025729820571334544,,,:,None,linear,linear
fig7_wait_failures,0,edit_lines=4,First-order theory: repair start,130,d8d14b4e07c89637,,{},,086034341ac0f852c2a6fcb69ec68e2113652b7c74c62a48ad7ff7f71f98ef48,nominal_failure_probability,comparator_wait_characteristic_units,2.6,0.0025729820571334544,,,:,None,linear,linear
fig7_wait_failures,0,edit_lines=4,First-order theory: repair start,131,d8d14b4e07c89637,,{},,086034341ac0f852c2a6fcb69ec68e2113652b7c74c62a48ad7ff7f71f98ef48,nominal_failure_probability,comparator_wait_characteristic_units,2.62,0.0025729820571334544,,,:,None,linear,linear
fig7_wait_failures,0,edit_lines=4,First-order theory: repair start,132,d8d14b4e07c89637,,{},,086034341ac0f852c2a6fcb69ec68e2113652b7c74c62a48ad7ff7f71f98ef48,nominal_failure_probability,comparator_wait_characteristic_units,2.64,0.0025729820571334544,,,:,None,linear,linear
fig7_wait_failures,0,edit_lines=4,First-order theory: repair start,133,d8d14b4e07c89637,,{},,086034341ac0f852c2a6fcb69ec68e2113652b7c74c62a48ad7ff7f71f98ef48,nominal_failure_probability,comparator_wait_characteristic_units,2.66,0.0025729820571334544,,,:,None,linear,linear
fig7_wait_failures,0,edit_lines=4,First-order theory: repair start,134,d8d14b4e07c89637,,{},,086034341ac0f852c2a6fcb69ec68e2113652b7c74c62a48ad7ff7f71f98ef48,nominal_failure_probability,comparator_wait_characteristic_units,2.68,0.0025729820571334544,,,:,None,linear,linear
fig7_wait_failures,0,edit_lines=4,First-order theory: repair start,135,d8d14b4e07c89637,,{},,086034341ac0f852c2a6fcb69ec68e2113652b7c74c62a48ad7ff7f71f98ef48,nominal_failure_probability,comparator_wait_characteristic_units,2.7,0.0025729820571334544,,,:,None,linear,linear
fig7_wait_failures,0,edit_lines=4,First-order theory: repair start,136,d8d14b4e07c89637,,{},,086034341ac0f852c2a6fcb69ec68e2113652b7c74c62a48ad7ff7f71f98ef48,nominal_failure_probability,comparator_wait_characteristic_units,2.72,0.0025729820571334544,,,:,None,linear,linear
fig7_wait_failures,0,edit_lines=4,First-order theory: repair start,137,d8d14b4e07c89637,,{},,086034341ac0f852c2a6fcb69ec68e2113652b7c74c62a48ad7ff7f71f98ef48,nominal_failure_probability,comparator_wait_characteristic_units,2.74,0.0025729820571334544,,,:,None,linear,linear
fig7_wait_failures,0,edit_lines=4,First-order theory: repair start,138,d8d14b4e07c89637,,{},,086034341ac0f852c2a6fcb69ec68e2113652b7c74c62a48ad7ff7f71f98ef48,nominal_failure_probability,comparator_wait_characteristic_units,2.7600000000000002,0.0025729820571334544,,,:,None,linear,linear
fig7_wait_failures,0,edit_lines=4,First-order theory: repair start,139,d8d14b4e07c89637,,{},,086034341ac0f852c2a6fcb69ec68e2113652b7c74c62a48ad7ff7f71f98ef48,nominal_failure_probability,comparator_wait_characteristic_units,2.7800000000000002,0.0025729820571334544,,,:,None,linear,linear
fig7_wait_failures,0,edit_lines=4,First-order theory: repair start,140,d8d14b4e07c89637,,{},,086034341ac0f852c2a6fcb69ec68e2113652b7c74c62a48ad7ff7f71f98ef48,nominal_failure_probability,comparator_wait_characteristic_units,2.8000000000000003,0.0025729820571334544,,,:,None,linear,linear
fig7_wait_failures,0,edit_lines=4,First-order theory: repair start,141,d8d14b4e07c89637,,{},,086034341ac0f852c2a6fcb69ec68e2113652b7c74c62a48ad7ff7f71f98ef48,nominal_failure_probability,comparator_wait_characteristic_units,2.82,0.0025729820571334544,,,:,None,linear,linear
fig7_wait_failures,0,edit_lines=4,First-order theory: repair start,142,d8d14b4e07c89637,,{},,086034341ac0f852c2a6fcb69ec68e2113652b7c74c62a48ad7ff7f71f98ef48,nominal_failure_probability,comparator_wait_characteristic_units,2.84,0.0025729820571334544,,,:,None,linear,linear
fig7_wait_failures,0,edit_lines=4,First-order theory: repair start,143,d8d14b4e07c89637,,{},,086034341ac0f852c2a6fcb69ec68e2113652b7c74c62a48ad7ff7f71f98ef48,nominal_failure_probability,comparator_wait_characteristic_units,2.86,0.0025729820571334544,,,:,None,linear,linear
fig7_wait_failures,0,edit_lines=4,First-order theory: repair start,144,d8d14b4e07c89637,,{},,086034341ac0f852c2a6fcb69ec68e2113652b7c74c62a48ad7ff7f71f98ef48,nominal_failure_probability,comparator_wait_characteristic_units,2.88,0.0025729820571334544,,,:,None,linear,linear
fig7_wait_failures,0,edit_lines=4,First-order theory: repair start,145,d8d14b4e07c89637,,{},,086034341ac0f852c2a6fcb69ec68e2113652b7c74c62a48ad7ff7f71f98ef48,nominal_failure_probability,comparator_wait_characteristic_units,2.9,0.0025729820571334544,,,:,None,linear,linear
fig7_wait_failures,0,edit_lines=4,First-order theory: repair start,146,d8d14b4e07c89637,,{},,086034341ac0f852c2a6fcb69ec68e2113652b7c74c62a48ad7ff7f71f98ef48,nominal_failure_probability,comparator_wait_characteristic_units,2.92,0.0025729820571334544,,,:,None,linear,linear
fig7_wait_failures,0,edit_lines=4,First-order theory: repair start,147,d8d14b4e07c89637,,{},,086034341ac0f852c2a6fcb69ec68e2113652b7c74c62a48ad7ff7f71f98ef48,nominal_failure_probability,comparator_wait_characteristic_units,2.94,0.0025729820571334544,,,:,None,linear,linear
fig7_wait_failures,0,edit_lines=4,First-order theory: repair start,148,d8d14b4e07c89637,,{},,086034341ac0f852c2a6fcb69ec68e2113652b7c74c62a48ad7ff7f71f98ef48,nominal_failure_probability,comparator_wait_characteristic_units,2.96,0.0025729820571334544,,,:,None,linear,linear
fig7_wait_failures,0,edit_lines=4,First-order theory: repair start,149,d8d14b4e07c89637,,{},,086034341ac0f852c2a6fcb69ec68e2113652b7c74c62a48ad7ff7f71f98ef48,nominal_failure_probability,comparator_wait_characteristic_units,2.98,0.0025729820571334544,,,:,None,linear,linear
fig7_wait_failures,0,edit_lines=4,First-order theory: repair start,150,d8d14b4e07c89637,,{},,086034341ac0f852c2a6fcb69ec68e2113652b7c74c62a48ad7ff7f71f98ef48,nominal_failure_probability,comparator_wait_characteristic_units,3.0,0.0025729820571334544,,,:,None,linear,linear
fig7_wait_failures,0,edit_lines=4,First-order theory: repair start,151,d8d14b4e07c89637,,{},,086034341ac0f852c2a6fcb69ec68e2113652b7c74c62a48ad7ff7f71f98ef48,nominal_failure_probability,comparator_wait_characteristic_units,3.02,0.0025729820571334544,,,:,None,linear,linear
fig7_wait_failures,0,edit_lines=4,First-order theory: repair start,152,d8d14b4e07c89637,,{},,086034341ac0f852c2a6fcb69ec68e2113652b7c74c62a48ad7ff7f71f98ef48,nominal_failure_probability,comparator_wait_characteristic_units,3.04,0.0025729820571334544,,,:,None,linear,linear
fig7_wait_failures,0,edit_lines=4,First-order theory: repair start,153,d8d14b4e07c89637,,{},,086034341ac0f852c2a6fcb69ec68e2113652b7c74c62a48ad7ff7f71f98ef48,nominal_failure_probability,comparator_wait_characteristic_units,3.06,0.0025729820571334544,,,:,None,linear,linear
fig7_wait_failures,0,edit_lines=4,First-order theory: repair start,154,d8d14b4e07c89637,,{},,086034341ac0f852c2a6fcb69ec68e2113652b7c74c62a48ad7ff7f71f98ef48,nominal_failure_probability,comparator_wait_characteristic_units,3.08,0.0025729820571334544,,,:,None,linear,linear
fig7_wait_failures,0,edit_lines=4,First-order theory: repair start,155,d8d14b4e07c89637,,{},,086034341ac0f852c2a6fcb69ec68e2113652b7c74c62a48ad7ff7f71f98ef48,nominal_failure_probability,comparator_wait_characteristic_units,3.1,0.0025729820571334544,,,:,None,linear,linear
fig7_wait_failures,0,edit_lines=4,First-order theory: repair start,156,d8d14b4e07c89637,,{},,086034341ac0f852c2a6fcb69ec68e2113652b7c74c62a48ad7ff7f71f98ef48,nominal_failure_probability,comparator_wait_characteristic_units,3.12,0.0025729820571334544,,,:,None,linear,linear
fig7_wait_failures,0,edit_lines=4,First-order theory: repair start,157,d8d14b4e07c89637,,{},,086034341ac0f852c2a6fcb69ec68e2113652b7c74c62a48ad7ff7f71f98ef48,nominal_failure_probability,comparator_wait_characteristic_units,3.14,0.0025729820571334544,,,:,None,linear,linear
fig7_wait_failures,0,edit_lines=4,First-order theory: repair start,158,d8d14b4e07c89637,,{},,086034341ac0f852c2a6fcb69ec68e2113652b7c74c62a48ad7ff7f71f98ef48,nominal_failure_probability,comparator_wait_characteristic_units,3.16,0.0025729820571334544,,,:,None,linear,linear
fig7_wait_failures,0,edit_lines=4,First-order theory: repair start,159,d8d14b4e07c89637,,{},,086034341ac0f852c2a6fcb69ec68e2113652b7c74c62a48ad7ff7f71f98ef48,nominal_failure_probability,comparator_wait_characteristic_units,3.18,0.0025729820571334544,,,:,None,linear,linear
fig7_wait_failures,0,edit_lines=4,First-order theory: repair start,160,d8d14b4e07c89637,,{},,086034341ac0f852c2a6fcb69ec68e2113652b7c74c62a48ad7ff7f71f98ef48,nominal_failure_probability,comparator_wait_characteristic_units,3.2,0.0025729820571334544,,,:,None,linear,linear
fig7_wait_failures,0,edit_lines=4,First-order theory: repair start,161,d8d14b4e07c89637,,{},,086034341ac0f852c2a6fcb69ec68e2113652b7c74c62a48ad7ff7f71f98ef48,nominal_failure_probability,comparator_wait_characteristic_units,3.22,0.0025729820571334544,,,:,None,linear,linear
fig7_wait_failures,0,edit_lines=4,First-order theory: repair start,162,d8d14b4e07c89637,,{},,086034341ac0f852c2a6fcb69ec68e2113652b7c74c62a48ad7ff7f71f98ef48,nominal_failure_probability,comparator_wait_characteristic_units,3.24,0.0025729820571334544,,,:,None,linear,linear
fig7_wait_failures,0,edit_lines=4,First-order theory: repair start,163,d8d14b4e07c89637,,{},,086034341ac0f852c2a6fcb69ec68e2113652b7c74c62a48ad7ff7f71f98ef48,nominal_failure_probability,comparator_wait_characteristic_units,3.2600000000000002,0.0025729820571334544,,,:,None,linear,linear
fig7_wait_failures,0,edit_lines=4,First-order theory: repair start,164,d8d14b4e07c89637,,{},,086034341ac0f852c2a6fcb69ec68e2113652b7c74c62a48ad7ff7f71f98ef48,nominal_failure_probability,comparator_wait_characteristic_units,3.2800000000000002,0.0025729820571334544,,,:,None,linear,linear
fig7_wait_failures,0,edit_lines=4,First-order theory: repair start,165,d8d14b4e07c89637,,{},,086034341ac0f852c2a6fcb69ec68e2113652b7c74c62a48ad7ff7f71f98ef48,nominal_failure_probability,comparator_wait_characteristic_units,3.3000000000000003,0.0025729820571334544,,,:,None,linear,linear
fig7_wait_failures,0,edit_lines=4,First-order theory: repair start,166,d8d14b4e07c89637,,{},,086034341ac0f852c2a6fcb69ec68e2113652b7c74c62a48ad7ff7f71f98ef48,nominal_failure_probability,comparator_wait_characteristic_units,3.3200000000000003,0.0025729820571334544,,,:,None,linear,linear
fig7_wait_failures,0,edit_lines=4,First-order theory: repair start,167,d8d14b4e07c89637,,{},,086034341ac0f852c2a6fcb69ec68e2113652b7c74c62a48ad7ff7f71f98ef48,nominal_failure_probability,comparator_wait_characteristic_units,3.34,0.0025729820571334544,,,:,None,linear,linear
fig7_wait_failures,0,edit_lines=4,First-order theory: repair start,168,d8d14b4e07c89637,,{},,086034341ac0f852c2a6fcb69ec68e2113652b7c74c62a48ad7ff7f71f98ef48,nominal_failure_probability,comparator_wait_characteristic_units,3.36,0.0025729820571334544,,,:,None,linear,linear
fig7_wait_failures,0,edit_lines=4,First-order theory: repair start,169,d8d14b4e07c89637,,{},,086034341ac0f852c2a6fcb69ec68e2113652b7c74c62a48ad7ff7f71f98ef48,nominal_failure_probability,comparator_wait_characteristic_units,3.38,0.0025729820571334544,,,:,None,linear,linear
fig7_wait_failures,0,edit_lines=4,First-order theory: repair start,170,d8d14b4e07c89637,,{},,086034341ac0f852c2a6fcb69ec68e2113652b7c74c62a48ad7ff7f71f98ef48,nominal_failure_probability,comparator_wait_characteristic_units,3.4,0.0025729820571334544,,,:,None,linear,linear
fig7_wait_failures,0,edit_lines=4,First-order theory: repair start,171,d8d14b4e07c89637,,{},,086034341ac0f852c2a6fcb69ec68e2113652b7c74c62a48ad7ff7f71f98ef48,nominal_failure_probability,comparator_wait_characteristic_units,3.42,0.0025729820571334544,,,:,None,linear,linear
fig7_wait_failures,0,edit_lines=4,First-order theory: repair start,172,d8d14b4e07c89637,,{},,086034341ac0f852c2a6fcb69ec68e2113652b7c74c62a48ad7ff7f71f98ef48,nominal_failure_probability,comparator_wait_characteristic_units,3.44,0.0025729820571334544,,,:,None,linear,linear
fig7_wait_failures,0,edit_lines=4,First-order theory: repair start,173,d8d14b4e07c89637,,{},,086034341ac0f852c2a6fcb69ec68e2113652b7c74c62a48ad7ff7f71f98ef48,nominal_failure_probability,comparator_wait_characteristic_units,3.46,0.0025729820571334544,,,:,None,linear,linear
fig7_wait_failures,0,edit_lines=4,First-order theory: repair start,174,d8d14b4e07c89637,,{},,086034341ac0f852c2a6fcb69ec68e2113652b7c74c62a48ad7ff7f71f98ef48,nominal_failure_probability,comparator_wait_characteristic_units,3.48,0.0025729820571334544,,,:,None,linear,linear
fig7_wait_failures,0,edit_lines=4,First-order theory: repair start,175,d8d14b4e07c89637,,{},,086034341ac0f852c2a6fcb69ec68e2113652b7c74c62a48ad7ff7f71f98ef48,nominal_failure_probability,comparator_wait_characteristic_units,3.5,0.0025729820571334544,,,:,None,linear,linear
fig7_wait_failures,0,edit_lines=4,First-order theory: repair start,176,d8d14b4e07c89637,,{},,086034341ac0f852c2a6fcb69ec68e2113652b7c74c62a48ad7ff7f71f98ef48,nominal_failure_probability,comparator_wait_characteristic_units,3.52,0.0025729820571334544,,,:,None,linear,linear
fig7_wait_failures,0,edit_lines=4,First-order theory: repair start,177,d8d14b4e07c89637,,{},,086034341ac0f852c2a6fcb69ec68e2113652b7c74c62a48ad7ff7f71f98ef48,nominal_failure_probability,comparator_wait_characteristic_units,3.54,0.0025729820571334544,,,:,None,linear,linear
fig7_wait_failures,0,edit_lines=4,First-order theory: repair start,178,d8d14b4e07c89637,,{},,086034341ac0f852c2a6fcb69ec68e2113652b7c74c62a48ad7ff7f71f98ef48,nominal_failure_probability,comparator_wait_characteristic_units,3.56,0.0025729820571334544,,,:,None,linear,linear
fig7_wait_failures,0,edit_lines=4,First-order theory: repair start,179,d8d14b4e07c89637,,{},,086034341ac0f852c2a6fcb69ec68e2113652b7c74c62a48ad7ff7f71f98ef48,nominal_failure_probability,comparator_wait_characteristic_units,3.58,0.0025729820571334544,,,:,None,linear,linear
fig7_wait_failures,0,edit_lines=4,First-order theory: repair start,180,d8d14b4e07c89637,,{},,086034341ac0f852c2a6fcb69ec68e2113652b7c74c62a48ad7ff7f71f98ef48,nominal_failure_probability,comparator_wait_characteristic_units,3.6,0.0025729820571334544,,,:,None,linear,linear
fig7_wait_failures,0,edit_lines=4,First-order theory: repair start,181,d8d14b4e07c89637,,{},,086034341ac0f852c2a6fcb69ec68e2113652b7c74c62a48ad7ff7f71f98ef48,nominal_failure_probability,comparator_wait_characteristic_units,3.62,0.0025729820571334544,,,:,None,linear,linear
fig7_wait_failures,0,edit_lines=4,First-order theory: repair start,182,d8d14b4e07c89637,,{},,086034341ac0f852c2a6fcb69ec68e2113652b7c74c62a48ad7ff7f71f98ef48,nominal_failure_probability,comparator_wait_characteristic_units,3.64,0.0025729820571334544,,,:,None,linear,linear
fig7_wait_failures,0,edit_lines=4,First-order theory: repair start,183,d8d14b4e07c89637,,{},,086034341ac0f852c2a6fcb69ec68e2113652b7c74c62a48ad7ff7f71f98ef48,nominal_failure_probability,comparator_wait_characteristic_units,3.66,0.0025729820571334544,,,:,None,linear,linear
fig7_wait_failures,0,edit_lines=4,First-order theory: repair start,184,d8d14b4e07c89637,,{},,086034341ac0f852c2a6fcb69ec68e2113652b7c74c62a48ad7ff7f71f98ef48,nominal_failure_probability,comparator_wait_characteristic_units,3.68,0.0025729820571334544,,,:,None,linear,linear
fig7_wait_failures,0,edit_lines=4,First-order theory: repair start,185,d8d14b4e07c89637,,{},,086034341ac0f852c2a6fcb69ec68e2113652b7c74c62a48ad7ff7f71f98ef48,nominal_failure_probability,comparator_wait_characteristic_units,3.7,0.0025729820571334544,,,:,None,linear,linear
fig7_wait_failures,0,edit_lines=4,First-order theory: repair start,186,d8d14b4e07c89637,,{},,086034341ac0f852c2a6fcb69ec68e2113652b7c74c62a48ad7ff7f71f98ef48,nominal_failure_probability,comparator_wait_characteristic_units,3.72,0.0025729820571334544,,,:,None,linear,linear
fig7_wait_failures,0,edit_lines=4,First-order theory: repair start,187,d8d14b4e07c89637,,{},,086034341ac0f852c2a6fcb69ec68e2113652b7c74c62a48ad7ff7f71f98ef48,nominal_failure_probability,comparator_wait_characteristic_units,3.74,0.0025729820571334544,,,:,None,linear,linear
fig7_wait_failures,0,edit_lines=4,First-order theory: repair start,188,d8d14b4e07c89637,,{},,086034341ac0f852c2a6fcb69ec68e2113652b7c74c62a48ad7ff7f71f98ef48,nominal_failure_probability,comparator_wait_characteristic_units,3.7600000000000002,0.0025729820571334544,,,:,None,linear,linear
fig7_wait_failures,0,edit_lines=4,First-order theory: repair start,189,d8d14b4e07c89637,,{},,086034341ac0f852c2a6fcb69ec68e2113652b7c74c62a48ad7ff7f71f98ef48,nominal_failure_probability,comparator_wait_characteristic_units,3.7800000000000002,0.0025729820571334544,,,:,None,linear,linear
fig7_wait_failures,0,edit_lines=4,First-order theory: repair start,190,d8d14b4e07c89637,,{},,086034341ac0f852c2a6fcb69ec68e2113652b7c74c62a48ad7ff7f71f98ef48,nominal_failure_probability,comparator_wait_characteristic_units,3.8000000000000003,0.0025729820571334544,,,:,None,linear,linear
fig7_wait_failures,0,edit_lines=4,First-order theory: repair start,191,d8d14b4e07c89637,,{},,086034341ac0f852c2a6fcb69ec68e2113652b7c74c62a48ad7ff7f71f98ef48,nominal_failure_probability,comparator_wait_characteristic_units,3.8200000000000003,0.0025729820571334544,,,:,None,linear,linear
fig7_wait_failures,0,edit_lines=4,First-order theory: repair start,192,d8d14b4e07c89637,,{},,086034341ac0f852c2a6fcb69ec68e2113652b7c74c62a48ad7ff7f71f98ef48,nominal_failure_probability,comparator_wait_characteristic_units,3.84,0.0025729820571334544,,,:,None,linear,linear
fig7_wait_failures,0,edit_lines=4,First-order theory: repair start,193,d8d14b4e07c89637,,{},,086034341ac0f852c2a6fcb69ec68e2113652b7c74c62a48ad7ff7f71f98ef48,nominal_failure_probability,comparator_wait_characteristic_units,3.86,0.0025729820571334544,,,:,None,linear,linear
fig7_wait_failures,0,edit_lines=4,First-order theory: repair start,194,d8d14b4e07c89637,,{},,086034341ac0f852c2a6fcb69ec68e2113652b7c74c62a48ad7ff7f71f98ef48,nominal_failure_probability,comparator_wait_characteristic_units,3.88,0.0025729820571334544,,,:,None,linear,linear
fig7_wait_failures,0,edit_lines=4,First-order theory: repair start,195,d8d14b4e07c89637,,{},,086034341ac0f852c2a6fcb69ec68e2113652b7c74c62a48ad7ff7f71f98ef48,nominal_failure_probability,comparator_wait_characteristic_units,3.9,0.0025729820571334544,,,:,None,linear,linear
fig7_wait_failures,0,edit_lines=4,First-order theory: repair start,196,d8d14b4e07c89637,,{},,086034341ac0f852c2a6fcb69ec68e2113652b7c74c62a48ad7ff7f71f98ef48,nominal_failure_probability,comparator_wait_characteristic_units,3.92,0.0025729820571334544,,,:,None,linear,linear
fig7_wait_failures,0,edit_lines=4,First-order theory: repair start,197,d8d14b4e07c89637,,{},,086034341ac0f852c2a6fcb69ec68e2113652b7c74c62a48ad7ff7f71f98ef48,nominal_failure_probability,comparator_wait_characteristic_units,3.94,0.0025729820571334544,,,:,None,linear,linear
fig7_wait_failures,0,edit_lines=4,First-order theory: repair start,198,d8d14b4e07c89637,,{},,086034341ac0f852c2a6fcb69ec68e2113652b7c74c62a48ad7ff7f71f98ef48,nominal_failure_probability,comparator_wait_characteristic_units,3.96,0.0025729820571334544,,,:,None,linear,linear
fig7_wait_failures,0,edit_lines=4,First-order theory: repair start,199,d8d14b4e07c89637,,{},,086034341ac0f852c2a6fcb69ec68e2113652b7c74c62a48ad7ff7f71f98ef48,nominal_failure_probability,comparator_wait_characteristic_units,3.98,0.0025729820571334544,,,:,None,linear,linear
fig7_wait_failures,0,edit_lines=4,First-order theory: repair start,200,d8d14b4e07c89637,,{},,086034341ac0f852c2a6fcb69ec68e2113652b7c74c62a48ad7ff7f71f98ef48,nominal_failure_probability,comparator_wait_characteristic_units,4.0,0.0025729820571334544,,,:,None,linear,linear
fig7_wait_failures,1,edit_lines=16,Bartender (immediate dispatch; δ does not apply),0,7ffbca498ce8f21a,failed_repair_completions|author_repair_completions,"{""author_repair_completions"":{""ci95_high"":""36.222000895030966"",""ci95_low"":""31.4446657716357"",""mean"":""33.833333333333336"",""n"":""30""},""failed_repair_completions"":{""ci95_high"":""0.0"",""ci95_low"":""0.0"",""mean"":""0"",""n"":""30""}}",5209b6b2f833ff958bc9320af9d577cef3453eb94ff185822028da80be7e5505,086034341ac0f852c2a6fcb69ec68e2113652b7c74c62a48ad7ff7f71f98ef48,zero_wait_reference:failed_over_completed,comparator_wait_characteristic_units,0.0,0.0,,,-,o,linear,linear
fig7_wait_failures,1,edit_lines=16,Bartender (immediate dispatch; δ does not apply),1,7ffbca498ce8f21a,failed_repair_completions|author_repair_completions,"{""author_repair_completions"":{""ci95_high"":""36.222000895030966"",""ci95_low"":""31.4446657716357"",""mean"":""33.833333333333336"",""n"":""30""},""failed_repair_completions"":{""ci95_high"":""0.0"",""ci95_low"":""0.0"",""mean"":""0"",""n"":""30""}}",5209b6b2f833ff958bc9320af9d577cef3453eb94ff185822028da80be7e5505,086034341ac0f852c2a6fcb69ec68e2113652b7c74c62a48ad7ff7f71f98ef48,zero_wait_reference:failed_over_completed,comparator_wait_characteristic_units,4.0,0.0,,,-,o,linear,linear
fig7_wait_failures,1,edit_lines=16,Kick-back: base at dispatch,0,7ffbca498ce8f21a,failed_repair_completions|author_repair_completions,"{""author_repair_completions"":{""ci95_high"":""36.222000895030966"",""ci95_low"":""31.4446657716357"",""mean"":""33.833333333333336"",""n"":""30""},""failed_repair_completions"":{""ci95_high"":""0.0"",""ci95_low"":""0.0"",""mean"":""0"",""n"":""30""}}",5209b6b2f833ff958bc9320af9d577cef3453eb94ff185822028da80be7e5505,086034341ac0f852c2a6fcb69ec68e2113652b7c74c62a48ad7ff7f71f98ef48,failed_over_completed,wait_in_characteristic_units,0.0,0.0,,,--,o,linear,linear
fig7_wait_failures,1,edit_lines=16,Kick-back: base at dispatch,1,10d3547ed2a37f76,failed_repair_completions|author_repair_completions,"{""author_repair_completions"":{""ci95_high"":""118.84086075416127"",""ci95_low"":""114.35913924583872"",""mean"":""116.6"",""n"":""30""},""failed_repair_completions"":{""ci95_high"":""12.16292198120917"",""ci95_low"":""9.903744685457497"",""mean"":""11.033333333333333"",""n"":""30""}}",5209b6b2f833ff958bc9320af9d577cef3453eb94ff185822028da80be7e5505,086034341ac0f852c2a6fcb69ec68e2113652b7c74c62a48ad7ff7f71f98ef48,failed_over_completed,wait_in_characteristic_units,0.25,0.09462550028587764,,,--,o,linear,linear
fig7_wait_failures,1,edit_lines=16,Kick-back: base at dispatch,2,fdae7268df4944dc,failed_repair_completions|author_repair_completions,"{""author_repair_completions"":{""ci95_high"":""60.95747631359126"",""ci95_low"":""58.77585701974208"",""mean"":""59.86666666666667"",""n"":""30""},""failed_repair_completions"":{""ci95_high"":""12.601996194076634"",""ci95_low"":""10.198003805923367"",""mean"":""11.4"",""n"":""30""}}",5209b6b2f833ff958bc9320af9d577cef3453eb94ff185822028da80be7e5505,086034341ac0f852c2a6fcb69ec68e2113652b7c74c62a48ad7ff7f71f98ef48,failed_over_completed,wait_in_characteristic_units,0.5,0.19042316258351893,,,--,o,linear,linear
fig7_wait_failures,1,edit_lines=16,Kick-back: base at dispatch,3,6b8c21b4615cc392,failed_repair_completions|author_repair_completions,"{""author_repair_completions"":{""ci95_high"":""30.60095465224747"",""ci95_low"":""29.4657120144192"",""mean"":""30.033333333333335"",""n"":""30""},""failed_repair_completions"":{""ci95_high"":""10.695465536711291"",""ci95_low"":""8.837867796622044"",""mean"":""9.766666666666667"",""n"":""30""}}",5209b6b2f833ff958bc9320af9d577cef3453eb94ff185822028da80be7e5505,086034341ac0f852c2a6fcb69ec68e2113652b7c74c62a48ad7ff7f71f98ef48,failed_over_completed,wait_in_characteristic_units,1.0,0.3251942286348502,,,--,o,linear,linear
fig7_wait_failures,1,edit_lines=16,Kick-back: base at dispatch,4,9d9e9e0c0aa33826,failed_repair_completions|author_repair_completions,"{""author_repair_completions"":{""ci95_high"":""14.980780498637076"",""ci95_low"":""14.48588616802959"",""mean"":""14.733333333333333"",""n"":""30""},""failed_repair_completions"":{""ci95_high"":""9.02603242431826"",""ci95_low"":""7.640634242348409"",""mean"":""8.333333333333334"",""n"":""30""}}",5209b6b2f833ff958bc9320af9d577cef3453eb94ff185822028da80be7e5505,086034341ac0f852c2a6fcb69ec68e2113652b7c74c62a48ad7ff7f71f98ef48,failed_over_completed,wait_in_characteristic_units,2.0,0.5656108597285069,,,--,o,linear,linear
fig7_wait_failures,1,edit_lines=16,Kick-back: base at dispatch,5,9e253da13fdcf05d,failed_repair_completions|author_repair_completions,"{""author_repair_completions"":{""ci95_high"":""7.024121622280541"",""ci95_low"":""6.842545044386126"",""mean"":""6.933333333333334"",""n"":""30""},""failed_repair_completions"":{""ci95_high"":""5.828512016426035"",""ci95_low"":""5.0381546502406325"",""mean"":""5.433333333333334"",""n"":""30""}}",5209b6b2f833ff958bc9320af9d577cef3453eb94ff185822028da80be7e5505,086034341ac0f852c2a6fcb69ec68e2113652b7c74c62a48ad7ff7f71f98ef48,failed_over_completed,wait_in_characteristic_units,4.0,0.7836538461538461,,,--,o,linear,linear
fig7_wait_failures,1,edit_lines=16,First-order theory: dispatch,0,7ffbca498ce8f21a,,{},,086034341ac0f852c2a6fcb69ec68e2113652b7c74c62a48ad7ff7f71f98ef48,nominal_failure_probability,comparator_wait_characteristic_units,0.0,0.011603888099730056,,,:,None,linear,linear
fig7_wait_failures,1,edit_lines=16,First-order theory: dispatch,1,7ffbca498ce8f21a,,{},,086034341ac0f852c2a6fcb69ec68e2113652b7c74c62a48ad7ff7f71f98ef48,nominal_failure_probability,comparator_wait_characteristic_units,0.02,0.031175442413800145,,,:,None,linear,linear
fig7_wait_failures,1,edit_lines=16,First-order theory: dispatch,2,7ffbca498ce8f21a,,{},,086034341ac0f852c2a6fcb69ec68e2113652b7c74c62a48ad7ff7f71f98ef48,nominal_failure_probability,comparator_wait_characteristic_units,0.04,0.05035945398700275,,,:,None,linear,linear
fig7_wait_failures,1,edit_lines=16,First-order theory: dispatch,3,7ffbca498ce8f21a,,{},,086034341ac0f852c2a6fcb69ec68e2113652b7c74c62a48ad7ff7f71f98ef48,nominal_failure_probability,comparator_wait_characteristic_units,0.06,0.06916359667975737,,,:,None,linear,linear
fig7_wait_failures,1,edit_lines=16,First-order theory: dispatch,4,7ffbca498ce8f21a,,{},,086034341ac0f852c2a6fcb69ec68e2113652b7c74c62a48ad7ff7f71f98ef48,nominal_failure_probability,comparator_wait_characteristic_units,0.08,0.08759539239986638,,,:,None,linear,linear
fig7_wait_failures,1,edit_lines=16,First-order theory: dispatch,5,7ffbca498ce8f21a,,{},,086034341ac0f852c2a6fcb69ec68e2113652b7c74c62a48ad7ff7f71f98ef48,nominal_failure_probability,comparator_wait_characteristic_units,0.1,0.10566221411137837,,,:,None,linear,linear
fig7_wait_failures,1,edit_lines=16,First-order theory: dispatch,6,7ffbca498ce8f21a,,{},,086034341ac0f852c2a6fcb69ec68e2113652b7c74c62a48ad7ff7f71f98ef48,nominal_failure_probability,comparator_wait_characteristic_units,0.12,0.12337128878387209,,,:,None,linear,linear
fig7_wait_failures,1,edit_lines=16,First-order theory: dispatch,7,7ffbca498ce8f21a,,{},,086034341ac0f852c2a6fcb69ec68e2113652b7c74c62a48ad7ff7f71f98ef48,nominal_failure_probability,comparator_wait_characteristic_units,0.14,0.1407297002833407,,,:,None,linear,linear
fig7_wait_failures,1,edit_lines=16,First-order theory: dispatch,8,7ffbca498ce8f21a,,{},,086034341ac0f852c2a6fcb69ec68e2113652b7c74c62a48ad7ff7f71f98ef48,nominal_failure_probability,comparator_wait_characteristic_units,0.16,0.15774439220583256,,,:,None,linear,linear
fig7_wait_failures,1,edit_lines=16,First-order theory: dispatch,9,7ffbca498ce8f21a,,{},,086034341ac0f852c2a6fcb69ec68e2113652b7c74c62a48ad7ff7f71f98ef48,nominal_failure_probability,comparator_wait_characteristic_units,0.18,0.17442217065498225,,,:,None,linear,linear
fig7_wait_failures,1,edit_lines=16,First-order theory: dispatch,10,7ffbca498ce8f21a,,{},,086034341ac0f852c2a6fcb69ec68e2113652b7c74c62a48ad7ff7f71f98ef48,nominal_failure_probability,comparator_wait_characteristic_units,0.2,0.19076970696454276,,,:,None,linear,linear
fig7_wait_failures,1,edit_lines=16,First-order theory: dispatch,11,7ffbca498ce8f21a,,{},,086034341ac0f852c2a6fcb69ec68e2113652b7c74c62a48ad7ff7f71f98ef48,nominal_failure_probability,comparator_wait_characteristic_units,0.22,0.20679354036700798,,,:,None,linear,linear
fig7_wait_failures,1,edit_lines=16,First-order theory: dispatch,12,7ffbca498ce8f21a,,{},,086034341ac0f852c2a6fcb69ec68e2113652b7c74c62a48ad7ff7f71f98ef48,nominal_failure_probability,comparator_wait_characteristic_units,0.24,0.22250008060939286,,,:,None,linear,linear
fig7_wait_failures,1,edit_lines=16,First-order theory: dispatch,13,7ffbca498ce8f21a,,{},,086034341ac0f852c2a6fcb69ec68e2113652b7c74c62a48ad7ff7f71f98ef48,nominal_failure_probability,comparator_wait_characteristic_units,0.26,0.23789561051721772,,,:,None,linear,linear
fig7_wait_failures,1,edit_lines=16,First-order theory: dispatch,14,7ffbca498ce8f21a,,{},,086034341ac0f852c2a6fcb69ec68e2113652b7c74c62a48ad7ff7f71f98ef48,nominal_failure_probability,comparator_wait_characteristic_units,0.28,0.2529862885077221,,,:,None,linear,linear
fig7_wait_failures,1,edit_lines=16,First-order theory: dispatch,15,7ffbca498ce8f21a,,{},,086034341ac0f852c2a6fcb69ec68e2113652b7c74c62a48ad7ff7f71f98ef48,nominal_failure_probability,comparator_wait_characteristic_units,0.3,0.26777815105331393,,,:,None,linear,linear
fig7_wait_failures,1,edit_lines=16,First-order theory: dispatch,16,7ffbca498ce8f21a,,{},,086034341ac0f852c2a6fcb69ec68e2113652b7c74c62a48ad7ff7f71f98ef48,nominal_failure_probability,comparator_wait_characteristic_units,0.32,0.28227711509623893,,,:,None,linear,linear
fig7_wait_failures,1,edit_lines=16,First-order theory: dispatch,17,7ffbca498ce8f21a,,{},,086034341ac0f852c2a6fcb69ec68e2113652b7c74c62a48ad7ff7f71f98ef48,nominal_failure_probability,comparator_wait_characteristic_units,0.34,0.29648898041543637,,,:,None,linear,linear
fig7_wait_failures,1,edit_lines=16,First-order theory: dispatch,18,7ffbca498ce8f21a,,{},,086034341ac0f852c2a6fcb69ec68e2113652b7c74c62a48ad7ff7f71f98ef48,nominal_failure_probability,comparator_wait_characteristic_units,0.36,0.31041943194652794,,,:,None,linear,linear
fig7_wait_failures,1,edit_lines=16,First-order theory: dispatch,19,7ffbca498ce8f21a,,{},,086034341ac0f852c2a6fcb69ec68e2113652b7c74c62a48ad7ff7f71f98ef48,nominal_failure_probability,comparator_wait_characteristic_units,0.38,0.32407404205586804,,,:,None,linear,linear
fig7_wait_failures,1,edit_lines=16,First-order theory: dispatch,20,7ffbca498ce8f21a,,{},,086034341ac0f852c2a6fcb69ec68e2113652b7c74c62a48ad7ff7f71f98ef48,nominal_failure_probability,comparator_wait_characteristic_units,0.4,0.3374582727695642,,,:,None,linear,linear
fig7_wait_failures,1,edit_lines=16,First-order theory: dispatch,21,7ffbca498ce8f21a,,{},,086034341ac0f852c2a6fcb69ec68e2113652b7c74c62a48ad7ff7f71f98ef48,nominal_failure_probability,comparator_wait_characteristic_units,0.42,0.35057747795836064,,,:,None,linear,linear
fig7_wait_failures,1,edit_lines=16,First-order theory: dispatch,22,7ffbca498ce8f21a,,{},,086034341ac0f852c2a6fcb69ec68e2113652b7c74c62a48ad7ff7f71f98ef48,nominal_failure_probability,comparator_wait_characteristic_units,0.44,0.36343690547925805,,,:,None,linear,linear
fig7_wait_failures,1,edit_lines=16,First-order theory: dispatch,23,7ffbca498ce8f21a,,{},,086034341ac0f852c2a6fcb69ec68e2113652b7c74c62a48ad7ff7f71f98ef48,nominal_failure_probability,comparator_wait_characteristic_units,0.46,0.3760416992747261,,,:,None,linear,linear
fig7_wait_failures,1,edit_lines=16,First-order theory: dispatch,24,7ffbca498ce8f21a,,{},,086034341ac0f852c2a6fcb69ec68e2113652b7c74c62a48ad7ff7f71f98ef48,nominal_failure_probability,comparator_wait_characteristic_units,0.48,0.388396901430349,,,:,None,linear,linear
fig7_wait_failures,1,edit_lines=16,First-order theory: dispatch,25,7ffbca498ce8f21a,,{},,086034341ac0f852c2a6fcb69ec68e2113652b7c74c62a48ad7ff7f71f98ef48,nominal_failure_probability,comparator_wait_characteristic_units,0.5,0.40050745419172745,,,:,None,linear,linear
fig7_wait_failures,1,edit_lines=16,First-order theory: dispatch,26,7ffbca498ce8f21a,,{},,086034341ac0f852c2a6fcb69ec68e2113652b7c74c62a48ad7ff7f71f98ef48,nominal_failure_probability,comparator_wait_characteristic_units,0.52,0.41237820194144204,,,:,None,linear,linear
fig7_wait_failures,1,edit_lines=16,First-order theory: dispatch,27,7ffbca498ce8f21a,,{},,086034341ac0f852c2a6fcb69ec68e2113652b7c74c62a48ad7ff7f71f98ef48,nominal_failure_probability,comparator_wait_characteristic_units,0.54,0.42401389313687143,,,:,None,linear,linear
fig7_wait_failures,1,edit_lines=16,First-order theory: dispatch,28,7ffbca498ce8f21a,,{},,086034341ac0f852c2a6fcb69ec68e2113652b7c74c62a48ad7ff7f71f98ef48,nominal_failure_probability,comparator_wait_characteristic_units,0.56,0.4354191822096384,,,:,None,linear,linear
fig7_wait_failures,1,edit_lines=16,First-order theory: dispatch,29,7ffbca498ce8f21a,,{},,086034341ac0f852c2a6fcb69ec68e2113652b7c74c62a48ad7ff7f71f98ef48,nominal_failure_probability,comparator_wait_characteristic_units,0.58,0.44659863142744455,,,:,None,linear,linear
fig7_wait_failures,1,edit_lines=16,First-order theory: dispatch,30,7ffbca498ce8f21a,,{},,086034341ac0f852c2a6fcb69ec68e2113652b7c74c62a48ad7ff7f71f98ef48,nominal_failure_probability,comparator_wait_characteristic_units,0.6,0.4575567127190384,,,:,None,linear,linear
fig7_wait_failures,1,edit_lines=16,First-order theory: dispatch,31,7ffbca498ce8f21a,,{},,086034341ac0f852c2a6fcb69ec68e2113652b7c74c62a48ad7ff7f71f98ef48,nominal_failure_probability,comparator_wait_characteristic_units,0.62,0.46829780946304633,,,:,None,linear,linear
fig7_wait_failures,1,edit_lines=16,First-order theory: dispatch,32,7ffbca498ce8f21a,,{},,086034341ac0f852c2a6fcb69ec68e2113652b7c74c62a48ad7ff7f71f98ef48,nominal_failure_probability,comparator_wait_characteristic_units,0.64,0.47882621824138244,,,:,None,linear,linear
fig7_wait_failures,1,edit_lines=16,First-order theory: dispatch,33,7ffbca498ce8f21a,,{},,086034341ac0f852c2a6fcb69ec68e2113652b7c74c62a48ad7ff7f71f98ef48,nominal_failure_probability,comparator_wait_characteristic_units,0.66,0.48914615055793864,,,:,None,linear,linear
fig7_wait_failures,1,edit_lines=16,First-order theory: dispatch,34,7ffbca498ce8f21a,,{},,086034341ac0f852c2a6fcb69ec68e2113652b7c74c62a48ad7ff7f71f98ef48,nominal_failure_probability,comparator_wait_characteristic_units,0.68,0.4992617345232425,,,:,None,linear,linear
fig7_wait_failures,1,edit_lines=16,First-order theory: dispatch,35,7ffbca498ce8f21a,,{},,086034341ac0f852c2a6fcb69ec68e2113652b7c74c62a48ad7ff7f71f98ef48,nominal_failure_probability,comparator_wait_characteristic_units,0.7000000000000001,0.5091770165057565,,,:,None,linear,linear
fig7_wait_failures,1,edit_lines=16,First-order theory: dispatch,36,7ffbca498ce8f21a,,{},,086034341ac0f852c2a6fcb69ec68e2113652b7c74c62a48ad7ff7f71f98ef48,nominal_failure_probability,comparator_wait_characteristic_units,0.72,0.518895962750479,,,:,None,linear,linear
fig7_wait_failures,1,edit_lines=16,First-order theory: dispatch,37,7ffbca498ce8f21a,,{},,086034341ac0f852c2a6fcb69ec68e2113652b7c74c62a48ad7ff7f71f98ef48,nominal_failure_probability,comparator_wait_characteristic_units,0.74,0.5284224609654957,,,:,None,linear,linear
fig7_wait_failures,1,edit_lines=16,First-order theory: dispatch,38,7ffbca498ce8f21a,,{},,086034341ac0f852c2a6fcb69ec68e2113652b7c74c62a48ad7ff7f71f98ef48,nominal_failure_probability,comparator_wait_characteristic_units,0.76,0.5377603218771143,,,:,None,linear,linear
fig7_wait_failures,1,edit_lines=16,First-order theory: dispatch,39,7ffbca498ce8f21a,,{},,086034341ac0f852c2a6fcb69ec68e2113652b7c74c62a48ad7ff7f71f98ef48,nominal_failure_probability,comparator_wait_characteristic_units,0.78,0.5469132807542059,,,:,None,linear,linear
fig7_wait_failures,1,edit_lines=16,First-order theory: dispatch,40,7ffbca498ce8f21a,,{},,086034341ac0f852c2a6fcb69ec68e2113652b7c74c62a48ad7ff7f71f98ef48,nominal_failure_probability,comparator_wait_characteristic_units,0.8,0.5558849989023623,,,:,None,linear,linear
fig7_wait_failures,1,edit_lines=16,First-order theory: dispatch,41,7ffbca498ce8f21a,,{},,086034341ac0f852c2a6fcb69ec68e2113652b7c74c62a48ad7ff7f71f98ef48,nominal_failure_probability,comparator_wait_characteristic_units,0.8200000000000001,0.5646790651284673,,,:,None,linear,linear
fig7_wait_failures,1,edit_lines=16,First-order theory: dispatch,42,7ffbca498ce8f21a,,{},,086034341ac0f852c2a6fcb69ec68e2113652b7c74c62a48ad7ff7f71f98ef48,nominal_failure_probability,comparator_wait_characteristic_units,0.84,0.5732989971762672,,,:,None,linear,linear
fig7_wait_failures,1,edit_lines=16,First-order theory: dispatch,43,7ffbca498ce8f21a,,{},,086034341ac0f852c2a6fcb69ec68e2113652b7c74c62a48ad7ff7f71f98ef48,nominal_failure_probability,comparator_wait_characteristic_units,0.86,0.5817482431335151,,,:,None,linear,linear
fig7_wait_failures,1,edit_lines=16,First-order theory: dispatch,44,7ffbca498ce8f21a,,{},,086034341ac0f852c2a6fcb69ec68e2113652b7c74c62a48ad7ff7f71f98ef48,nominal_failure_probability,comparator_wait_characteristic_units,0.88,0.590030182811252,,,:,None,linear,linear
fig7_wait_failures,1,edit_lines=16,First-order theory: dispatch,45,7ffbca498ce8f21a,,{},,086034341ac0f852c2a6fcb69ec68e2113652b7c74c62a48ad7ff7f71f98ef48,nominal_failure_probability,comparator_wait_characteristic_units,0.9,0.5981481290957762,,,:,None,linear,linear
fig7_wait_failures,1,edit_lines=16,First-order theory: dispatch,46,7ffbca498ce8f21a,,{},,086034341ac0f852c2a6fcb69ec68e2113652b7c74c62a48ad7ff7f71f98ef48,nominal_failure_probability,comparator_wait_characteristic_units,0.92,0.6061053292738423,,,:,None,linear,linear
fig7_wait_failures,1,edit_lines=16,First-order theory: dispatch,47,7ffbca498ce8f21a,,{},,086034341ac0f852c2a6fcb69ec68e2113652b7c74c62a48ad7ff7f71f98ef48,nominal_failure_probability,comparator_wait_characteristic_units,0.9400000000000001,0.613904966331619,,,:,None,linear,linear
fig7_wait_failures,1,edit_lines=16,First-order theory: dispatch,48,7ffbca498ce8f21a,,{},,086034341ac0f852c2a6fcb69ec68e2113652b7c74c62a48ad7ff7f71f98ef48,nominal_failure_probability,comparator_wait_characteristic_units,0.96,0.6215501602279259,,,:,None,linear,linear
fig7_wait_failures,1,edit_lines=16,First-order theory: dispatch,49,7ffbca498ce8f21a,,{},,086034341ac0f852c2a6fcb69ec68e2113652b7c74c62a48ad7ff7f71f98ef48,nominal_failure_probability,comparator_wait_characteristic_units,0.98,0.6290439691422588,,,:,None,linear,linear
fig7_wait_failures,1,edit_lines=16,First-order theory: dispatch,50,7ffbca498ce8f21a,,{},,086034341ac0f852c2a6fcb69ec68e2113652b7c74c62a48ad7ff7f71f98ef48,nominal_failure_probability,comparator_wait_characteristic_units,1.0,0.6363893906981023,,,:,None,linear,linear
fig7_wait_failures,1,edit_lines=16,First-order theory: dispatch,51,7ffbca498ce8f21a,,{},,086034341ac0f852c2a6fcb69ec68e2113652b7c74c62a48ad7ff7f71f98ef48,nominal_failure_probability,comparator_wait_characteristic_units,1.02,0.643589363162019,,,:,None,linear,linear
fig7_wait_failures,1,edit_lines=16,First-order theory: dispatch,52,7ffbca498ce8f21a,,{},,086034341ac0f852c2a6fcb69ec68e2113652b7c74c62a48ad7ff7f71f98ef48,nominal_failure_probability,comparator_wait_characteristic_units,1.04,0.6506467666189952,,,:,None,linear,linear
fig7_wait_failures,1,edit_lines=16,First-order theory: dispatch,53,7ffbca498ce8f21a,,{},,086034341ac0f852c2a6fcb69ec68e2113652b7c74c62a48ad7ff7f71f98ef48,nominal_failure_probability,comparator_wait_characteristic_units,1.06,0.6575644241245139,,,:,None,linear,linear
fig7_wait_failures,1,edit_lines=16,First-order theory: dispatch,54,7ffbca498ce8f21a,,{},,086034341ac0f852c2a6fcb69ec68e2113652b7c74c62a48ad7ff7f71f98ef48,nominal_failure_probability,comparator_wait_characteristic_units,1.08,0.6643451028338138,,,:,None,linear,linear
fig7_wait_failures,1,edit_lines=16,First-order theory: dispatch,55,7ffbca498ce8f21a,,{},,086034341ac0f852c2a6fcb69ec68e2113652b7c74c62a48ad7ff7f71f98ef48,nominal_failure_probability,comparator_wait_characteristic_units,1.1,0.6709915151087888,,,:,None,linear,linear
fig7_wait_failures,1,edit_lines=16,First-order theory: dispatch,56,7ffbca498ce8f21a,,{},,086034341ac0f852c2a6fcb69ec68e2113652b7c74c62a48ad7ff7f71f98ef48,nominal_failure_probability,comparator_wait_characteristic_units,1.12,0.6775063196029691,,,:,None,linear,linear
fig7_wait_failures,1,edit_lines=16,First-order theory: dispatch,57,7ffbca498ce8f21a,,{},,086034341ac0f852c2a6fcb69ec68e2113652b7c74c62a48ad7ff7f71f98ef48,nominal_failure_probability,comparator_wait_characteristic_units,1.1400000000000001,0.6838921223250176,,,:,None,linear,linear
fig7_wait_failures,1,edit_lines=16,First-order theory: dispatch,58,7ffbca498ce8f21a,,{},,086034341ac0f852c2a6fcb69ec68e2113652b7c74c62a48ad7ff7f71f98ef48,nominal_failure_probability,comparator_wait_characteristic_units,1.16,0.6901514776811681,,,:,None,linear,linear
fig7_wait_failures,1,edit_lines=16,First-order theory: dispatch,59,7ffbca498ce8f21a,,{},,086034341ac0f852c2a6fcb69ec68e2113652b7c74c62a48ad7ff7f71f98ef48,nominal_failure_probability,comparator_wait_characteristic_units,1.18,0.6962868894970224,,,:,None,linear,linear
fig7_wait_failures,1,edit_lines=16,First-order theory: dispatch,60,7ffbca498ce8f21a,,{},,086034341ac0f852c2a6fcb69ec68e2113652b7c74c62a48ad7ff7f71f98ef48,nominal_failure_probability,comparator_wait_characteristic_units,1.2,0.7023008120191134,,,:,None,linear,linear
fig7_wait_failures,1,edit_lines=16,First-order theory: dispatch,61,7ffbca498ce8f21a,,{},,086034341ac0f852c2a6fcb69ec68e2113652b7c74c62a48ad7ff7f71f98ef48,nominal_failure_probability,comparator_wait_characteristic_units,1.22,0.7081956508966366,,,:,None,linear,linear
fig7_wait_failures,1,edit_lines=16,First-order theory: dispatch,62,7ffbca498ce8f21a,,{},,086034341ac0f852c2a6fcb69ec68e2113652b7c74c62a48ad7ff7f71f98ef48,nominal_failure_probability,comparator_wait_characteristic_units,1.24,0.713973764143742,,,:,None,linear,linear
fig7_wait_failures,1,edit_lines=16,First-order theory: dispatch,63,7ffbca498ce8f21a,,{},,086034341ac0f852c2a6fcb69ec68e2113652b7c74c62a48ad7ff7f71f98ef48,nominal_failure_probability,comparator_wait_characteristic_units,1.26,0.7196374630827708,,,:,None,linear,linear
fig7_wait_failures,1,edit_lines=16,First-order theory: dispatch,64,7ffbca498ce8f21a,,{},,086034341ac0f852c2a6fcb69ec68e2113652b7c74c62a48ad7ff7f71f98ef48,nominal_failure_probability,comparator_wait_characteristic_units,1.28,0.7251890132688158,,,:,None,linear,linear
fig7_wait_failures,1,edit_lines=16,First-order theory: dispatch,65,7ffbca498ce8f21a,,{},,086034341ac0f852c2a6fcb69ec68e2113652b7c74c62a48ad7ff7f71f98ef48,nominal_failure_probability,comparator_wait_characteristic_units,1.3,0.7306306353959728,,,:,None,linear,linear
fig7_wait_failures,1,edit_lines=16,First-order theory: dispatch,66,7ffbca498ce8f21a,,{},,086034341ac0f852c2a6fcb69ec68e2113652b7c74c62a48ad7ff7f71f98ef48,nominal_failure_probability,comparator_wait_characteristic_units,1.32,0.7359645061856489,,,:,None,linear,linear
fig7_wait_failures,1,edit_lines=16,First-order theory: dispatch,67,7ffbca498ce8f21a,,{},,086034341ac0f852c2a6fcb69ec68e2113652b7c74c62a48ad7ff7f71f98ef48,nominal_failure_probability,comparator_wait_characteristic_units,1.34,0.7411927592572791,,,:,None,linear,linear
fig7_wait_failures,1,edit_lines=16,First-order theory: dispatch,68,7ffbca498ce8f21a,,{},,086034341ac0f852c2a6fcb69ec68e2113652b7c74c62a48ad7ff7f71f98ef48,nominal_failure_probability,comparator_wait_characteristic_units,1.36,0.7463174859818029,,,:,None,linear,linear
fig7_wait_failures,1,edit_lines=16,First-order theory: dispatch,69,7ffbca498ce8f21a,,{},,086034341ac0f852c2a6fcb69ec68e2113652b7c74c62a48ad7ff7f71f98ef48,nominal_failure_probability,comparator_wait_characteristic_units,1.3800000000000001,0.7513407363182409,,,:,None,linear,linear
fig7_wait_failures,1,edit_lines=16,First-order theory: dispatch,70,7ffbca498ce8f21a,,{},,086034341ac0f852c2a6fcb69ec68e2113652b7c74c62a48ad7ff7f71f98ef48,nominal_failure_probability,comparator_wait_characteristic_units,1.4000000000000001,0.7562645196337051,,,:,None,linear,linear
fig7_wait_failures,1,edit_lines=16,First-order theory: dispatch,71,7ffbca498ce8f21a,,{},,086034341ac0f852c2a6fcb69ec68e2113652b7c74c62a48ad7ff7f71f98ef48,nominal_failure_probability,comparator_wait_characteristic_units,1.42,0.761090805507173,,,:,None,linear,linear
fig7_wait_failures,1,edit_lines=16,First-order theory: dispatch,72,7ffbca498ce8f21a,,{},,086034341ac0f852c2a6fcb69ec68e2113652b7c74c62a48ad7ff7f71f98ef48,nominal_failure_probability,comparator_wait_characteristic_units,1.44,0.7658215245173454,,,:,None,linear,linear
fig7_wait_failures,1,edit_lines=16,First-order theory: dispatch,73,7ffbca498ce8f21a,,{},,086034341ac0f852c2a6fcb69ec68e2113652b7c74c62a48ad7ff7f71f98ef48,nominal_failure_probability,comparator_wait_characteristic_units,1.46,0.7704585690149034,,,:,None,linear,linear
fig7_wait_failures,1,edit_lines=16,First-order theory: dispatch,74,7ffbca498ce8f21a,,{},,086034341ac0f852c2a6fcb69ec68e2113652b7c74c62a48ad7ff7f71f98ef48,nominal_failure_probability,comparator_wait_characteristic_units,1.48,0.7750037938794743,,,:,None,linear,linear
fig7_wait_failures,1,edit_lines=16,First-order theory: dispatch,75,7ffbca498ce8f21a,,{},,086034341ac0f852c2a6fcb69ec68e2113652b7c74c62a48ad7ff7f71f98ef48,nominal_failure_probability,comparator_wait_characteristic_units,1.5,0.7794590172616074,,,:,None,linear,linear
fig7_wait_failures,1,edit_lines=16,First-order theory: dispatch,76,7ffbca498ce8f21a,,{},,086034341ac0f852c2a6fcb69ec68e2113652b7c74c62a48ad7ff7f71f98ef48,nominal_failure_probability,comparator_wait_characteristic_units,1.52,0.7838260213100595,,,:,None,linear,linear
fig7_wait_failures,1,edit_lines=16,First-order theory: dispatch,77,7ffbca498ce8f21a,,{},,086034341ac0f852c2a6fcb69ec68e2113652b7c74c62a48ad7ff7f71f98ef48,nominal_failure_probability,comparator_wait_characteristic_units,1.54,0.7881065528846776,,,:,None,linear,linear
fig7_wait_failures,1,edit_lines=16,First-order theory: dispatch,78,7ffbca498ce8f21a,,{},,086034341ac0f852c2a6fcb69ec68e2113652b7c74c62a48ad7ff7f71f98ef48,nominal_failure_probability,comparator_wait_characteristic_units,1.56,0.7923023242551659,,,:,None,linear,linear
fig7_wait_failures,1,edit_lines=16,First-order theory: dispatch,79,7ffbca498ce8f21a,,{},,086034341ac0f852c2a6fcb69ec68e2113652b7c74c62a48ad7ff7f71f98ef48,nominal_failure_probability,comparator_wait_characteristic_units,1.58,0.7964150137860169,,,:,None,linear,linear
fig7_wait_failures,1,edit_lines=16,First-order theory: dispatch,80,7ffbca498ce8f21a,,{},,086034341ac0f852c2a6fcb69ec68e2113652b7c74c62a48ad7ff7f71f98ef48,nominal_failure_probability,comparator_wait_characteristic_units,1.6,0.8004462666078798,,,:,None,linear,linear
fig7_wait_failures,1,edit_lines=16,First-order theory: dispatch,81,7ffbca498ce8f21a,,{},,086034341ac0f852c2a6fcb69ec68e2113652b7c74c62a48ad7ff7f71f98ef48,nominal_failure_probability,comparator_wait_characteristic_units,1.62,0.8043976952756338,,,:,None,linear,linear
fig7_wait_failures,1,edit_lines=16,First-order theory: dispatch,82,7ffbca498ce8f21a,,{},,086034341ac0f852c2a6fcb69ec68e2113652b7c74c62a48ad7ff7f71f98ef48,nominal_failure_probability,comparator_wait_characteristic_units,1.6400000000000001,0.8082708804134325,,,:,None,linear,linear
fig7_wait_failures,1,edit_lines=16,First-order theory: dispatch,83,7ffbca498ce8f21a,,{},,086034341ac0f852c2a6fcb69ec68e2113652b7c74c62a48ad7ff7f71f98ef48,nominal_failure_probability,comparator_wait_characteristic_units,1.6600000000000001,0.8120673713469744,,,:,None,linear,linear
fig7_wait_failures,1,edit_lines=16,First-order theory: dispatch,84,7ffbca498ce8f21a,,{},,086034341ac0f852c2a6fcb69ec68e2113652b7c74c62a48ad7ff7f71f98ef48,nominal_failure_probability,comparator_wait_characteristic_units,1.68,0.8157886867232531,,,:,None,linear,linear
fig7_wait_failures,1,edit_lines=16,First-order theory: dispatch,85,7ffbca498ce8f21a,,{},,086034341ac0f852c2a6fcb69ec68e2113652b7c74c62a48ad7ff7f71f98ef48,nominal_failure_probability,comparator_wait_characteristic_units,1.7,0.8194363151180376,,,:,None,linear,linear
fig7_wait_failures,1,edit_lines=16,First-order theory: dispatch,86,7ffbca498ce8f21a,,{},,086034341ac0f852c2a6fcb69ec68e2113652b7c74c62a48ad7ff7f71f98ef48,nominal_failure_probability,comparator_wait_characteristic_units,1.72,0.8230117156313215,,,:,None,linear,linear
fig7_wait_failures,1,edit_lines=16,First-order theory: dispatch,87,7ffbca498ce8f21a,,{},,086034341ac0f852c2a6fcb69ec68e2113652b7c74c62a48ad7ff7f71f98ef48,nominal_failure_probability,comparator_wait_characteristic_units,1.74,0.8265163184709825,,,:,None,linear,linear
fig7_wait_failures,1,edit_lines=16,First-order theory: dispatch,88,7ffbca498ce8f21a,,{},,086034341ac0f852c2a6fcb69ec68e2113652b7c74c62a48ad7ff7f71f98ef48,nominal_failure_probability,comparator_wait_characteristic_units,1.76,0.8299515255248855,,,:,None,linear,linear
fig7_wait_failures,1,edit_lines=16,First-order theory: dispatch,89,7ffbca498ce8f21a,,{},,086034341ac0f852c2a6fcb69ec68e2113652b7c74c62a48ad7ff7f71f98ef48,nominal_failure_probability,comparator_wait_characteristic_units,1.78,0.8333187109216551,,,:,None,linear,linear
fig7_wait_failures,1,edit_lines=16,First-order theory: dispatch,90,7ffbca498ce8f21a,,{},,086034341ac0f852c2a6fcb69ec68e2113652b7c74c62a48ad7ff7f71f98ef48,nominal_failure_probability,comparator_wait_characteristic_units,1.8,0.8366192215803465,,,:,None,linear,linear
fig7_wait_failures,1,edit_lines=16,First-order theory: dispatch,91,7ffbca498ce8f21a,,{},,086034341ac0f852c2a6fcb69ec68e2113652b7c74c62a48ad7ff7f71f98ef48,nominal_failure_probability,comparator_wait_characteristic_units,1.82,0.8398543777492308,,,:,None,linear,linear
fig7_wait_failures,1,edit_lines=16,First-order theory: dispatch,92,7ffbca498ce8f21a,,{},,086034341ac0f852c2a6fcb69ec68e2113652b7c74c62a48ad7ff7f71f98ef48,nominal_failure_probability,comparator_wait_characteristic_units,1.84,0.8430254735339112,,,:,None,linear,linear
fig7_wait_failures,1,edit_lines=16,First-order theory: dispatch,93,7ffbca498ce8f21a,,{},,086034341ac0f852c2a6fcb69ec68e2113652b7c74c62a48ad7ff7f71f98ef48,nominal_failure_probability,comparator_wait_characteristic_units,1.86,0.8461337774149835,,,:,None,linear,linear
fig7_wait_failures,1,edit_lines=16,First-order theory: dispatch,94,7ffbca498ce8f21a,,{},,086034341ac0f852c2a6fcb69ec68e2113652b7c74c62a48ad7ff7f71f98ef48,nominal_failure_probability,comparator_wait_characteristic_units,1.8800000000000001,0.849180532755445,,,:,None,linear,linear
fig7_wait_failures,1,edit_lines=16,First-order theory: dispatch,95,7ffbca498ce8f21a,,{},,086034341ac0f852c2a6fcb69ec68e2113652b7c74c62a48ad7ff7f71f98ef48,nominal_failure_probability,comparator_wait_characteristic_units,1.9000000000000001,0.8521669582980556,,,:,None,linear,linear
fig7_wait_failures,1,edit_lines=16,First-order theory: dispatch,96,7ffbca498ce8f21a,,{},,086034341ac0f852c2a6fcb69ec68e2113652b7c74c62a48ad7ff7f71f98ef48,nominal_failure_probability,comparator_wait_characteristic_units,1.92,0.8550942486528518,,,:,None,linear,linear
fig7_wait_failures,1,edit_lines=16,First-order theory: dispatch,97,7ffbca498ce8f21a,,{},,086034341ac0f852c2a6fcb69ec68e2113652b7c74c62a48ad7ff7f71f98ef48,nominal_failure_probability,comparator_wait_characteristic_units,1.94,0.8579635747750067,,,:,None,linear,linear
fig7_wait_failures,1,edit_lines=16,First-order theory: dispatch,98,7ffbca498ce8f21a,,{},,086034341ac0f852c2a6fcb69ec68e2113652b7c74c62a48ad7ff7f71f98ef48,nominal_failure_probability,comparator_wait_characteristic_units,1.96,0.8607760844332275,,,:,None,linear,linear
fig7_wait_failures,1,edit_lines=16,First-order theory: dispatch,99,7ffbca498ce8f21a,,{},,086034341ac0f852c2a6fcb69ec68e2113652b7c74c62a48ad7ff7f71f98ef48,nominal_failure_probability,comparator_wait_characteristic_units,1.98,0.8635329026688778,,,:,None,linear,linear
fig7_wait_failures,1,edit_lines=16,First-order theory: dispatch,100,7ffbca498ce8f21a,,{},,086034341ac0f852c2a6fcb69ec68e2113652b7c74c62a48ad7ff7f71f98ef48,nominal_failure_probability,comparator_wait_characteristic_units,2.0,0.8662351322460102,,,:,None,linear,linear
fig7_wait_failures,1,edit_lines=16,First-order theory: dispatch,101,7ffbca498ce8f21a,,{},,086034341ac0f852c2a6fcb69ec68e2113652b7c74c62a48ad7ff7f71f98ef48,nominal_failure_probability,comparator_wait_characteristic_units,2.02,0.8688838540924857,,,:,None,linear,linear
fig7_wait_failures,1,edit_lines=16,First-order theory: dispatch,102,7ffbca498ce8f21a,,{},,086034341ac0f852c2a6fcb69ec68e2113652b7c74c62a48ad7ff7f71f98ef48,nominal_failure_probability,comparator_wait_characteristic_units,2.04,0.8714801277323595,,,:,None,linear,linear
fig7_wait_failures,1,edit_lines=16,First-order theory: dispatch,103,7ffbca498ce8f21a,,{},,086034341ac0f852c2a6fcb69ec68e2113652b7c74c62a48ad7ff7f71f98ef48,nominal_failure_probability,comparator_wait_characteristic_units,2.06,0.8740249917097052,,,:,None,linear,linear
fig7_wait_failures,1,edit_lines=16,First-order theory: dispatch,104,7ffbca498ce8f21a,,{},,086034341ac0f852c2a6fcb69ec68e2113652b7c74c62a48ad7ff7f71f98ef48,nominal_failure_probability,comparator_wait_characteristic_units,2.08,0.8765194640040455,,,:,None,linear,linear
fig7_wait_failures,1,edit_lines=16,First-order theory: dispatch,105,7ffbca498ce8f21a,,{},,086034341ac0f852c2a6fcb69ec68e2113652b7c74c62a48ad7ff7f71f98ef48,nominal_failure_probability,comparator_wait_characteristic_units,2.1,0.8789645424375584,,,:,None,linear,linear
fig7_wait_failures,1,edit_lines=16,First-order theory: dispatch,106,7ffbca498ce8f21a,,{},,086034341ac0f852c2a6fcb69ec68e2113652b7c74c62a48ad7ff7f71f98ef48,nominal_failure_probability,comparator_wait_characteristic_units,2.12,0.8813612050742186,,,:,None,linear,linear
fig7_wait_failures,1,edit_lines=16,First-order theory: dispatch,107,7ffbca498ce8f21a,,{},,086034341ac0f852c2a6fcb69ec68e2113652b7c74c62a48ad7ff7f71f98ef48,nominal_failure_probability,comparator_wait_characteristic_units,2.14,0.8837104106110368,,,:,None,linear,linear
fig7_wait_failures,1,edit_lines=16,First-order theory: dispatch,108,7ffbca498ce8f21a,,{},,086034341ac0f852c2a6fcb69ec68e2113652b7c74c62a48ad7ff7f71f98ef48,nominal_failure_probability,comparator_wait_characteristic_units,2.16,0.886013098761551,,,:,None,linear,linear
fig7_wait_failures,1,edit_lines=16,First-order theory: dispatch,109,7ffbca498ce8f21a,,{},,086034341ac0f852c2a6fcb69ec68e2113652b7c74c62a48ad7ff7f71f98ef48,nominal_failure_probability,comparator_wait_characteristic_units,2.18,0.8882701906317242,,,:,None,linear,linear
fig7_wait_failures,1,edit_lines=16,First-order theory: dispatch,110,7ffbca498ce8f21a,,{},,086034341ac0f852c2a6fcb69ec68e2113652b7c74c62a48ad7ff7f71f98ef48,nominal_failure_probability,comparator_wait_characteristic_units,2.2,0.8904825890883994,,,:,None,linear,linear
fig7_wait_failures,1,edit_lines=16,First-order theory: dispatch,111,7ffbca498ce8f21a,,{},,086034341ac0f852c2a6fcb69ec68e2113652b7c74c62a48ad7ff7f71f98ef48,nominal_failure_probability,comparator_wait_characteristic_units,2.22,0.8926511791204583,,,:,None,linear,linear
fig7_wait_failures,1,edit_lines=16,First-order theory: dispatch,112,7ffbca498ce8f21a,,{},,086034341ac0f852c2a6fcb69ec68e2113652b7c74c62a48ad7ff7f71f98ef48,nominal_failure_probability,comparator_wait_characteristic_units,2.24,0.8947768281928287,,,:,None,linear,linear
fig7_wait_failures,1,edit_lines=16,First-order theory: dispatch,113,7ffbca498ce8f21a,,{},,086034341ac0f852c2a6fcb69ec68e2113652b7c74c62a48ad7ff7f71f98ef48,nominal_failure_probability,comparator_wait_characteristic_units,2.2600000000000002,0.8968603865934819,,,:,None,linear,linear
fig7_wait_failures,1,edit_lines=16,First-order theory: dispatch,114,7ffbca498ce8f21a,,{},,086034341ac0f852c2a6fcb69ec68e2113652b7c74c62a48ad7ff7f71f98ef48,nominal_failure_probability,comparator_wait_characteristic_units,2.2800000000000002,0.8989026877735593,,,:,None,linear,linear
fig7_wait_failures,1,edit_lines=16,First-order theory: dispatch,115,7ffbca498ce8f21a,,{},,086034341ac0f852c2a6fcb69ec68e2113652b7c74c62a48ad7ff7f71f98ef48,nominal_failure_probability,comparator_wait_characteristic_units,2.3000000000000003,0.9009045486807641,,,:,None,linear,linear
fig7_wait_failures,1,edit_lines=16,First-order theory: dispatch,116,7ffbca498ce8f21a,,{},,086034341ac0f852c2a6fcb69ec68e2113652b7c74c62a48ad7ff7f71f98ef48,nominal_failure_probability,comparator_wait_characteristic_units,2.32,0.9028667700861507,,,:,None,linear,linear
fig7_wait_failures,1,edit_lines=16,First-order theory: dispatch,117,7ffbca498ce8f21a,,{},,086034341ac0f852c2a6fcb69ec68e2113652b7c74c62a48ad7ff7f71f98ef48,nominal_failure_probability,comparator_wait_characteristic_units,2.34,0.9047901369044449,,,:,None,linear,linear
fig7_wait_failures,1,edit_lines=16,First-order theory: dispatch,118,7ffbca498ce8f21a,,{},,086034341ac0f852c2a6fcb69ec68e2113652b7c74c62a48ad7ff7f71f98ef48,nominal_failure_probability,comparator_wait_characteristic_units,2.36,0.9066754185080191,,,:,None,linear,linear
fig7_wait_failures,1,edit_lines=16,First-order theory: dispatch,119,7ffbca498ce8f21a,,{},,086034341ac0f852c2a6fcb69ec68e2113652b7c74c62a48ad7ff7f71f98ef48,nominal_failure_probability,comparator_wait_characteristic_units,2.38,0.9085233690346521,,,:,None,linear,linear
fig7_wait_failures,1,edit_lines=16,First-order theory: dispatch,120,7ffbca498ce8f21a,,{},,086034341ac0f852c2a6fcb69ec68e2113652b7c74c62a48ad7ff7f71f98ef48,nominal_failure_probability,comparator_wait_characteristic_units,2.4,0.9103347276891944,,,:,None,linear,linear
fig7_wait_failures,1,edit_lines=16,First-order theory: dispatch,121,7ffbca498ce8f21a,,{},,086034341ac0f852c2a6fcb69ec68e2113652b7c74c62a48ad7ff7f71f98ef48,nominal_failure_probability,comparator_wait_characteristic_units,2.42,0.9121102190392594,,,:,None,linear,linear
fig7_wait_failures,1,edit_lines=16,First-order theory: dispatch,122,7ffbca498ce8f21a,,{},,086034341ac0f852c2a6fcb69ec68e2113652b7c74c62a48ad7ff7f71f98ef48,nominal_failure_probability,comparator_wait_characteristic_units,2.44,0.9138505533050607,,,:,None,linear,linear
fig7_wait_failures,1,edit_lines=16,First-order theory: dispatch,123,7ffbca498ce8f21a,,{},,086034341ac0f852c2a6fcb69ec68e2113652b7c74c62a48ad7ff7f71f98ef48,nominal_failure_probability,comparator_wait_characteristic_units,2.46,0.9155564266435096,,,:,None,linear,linear
fig7_wait_failures,1,edit_lines=16,First-order theory: dispatch,124,7ffbca498ce8f21a,,{},,086034341ac0f852c2a6fcb69ec68e2113652b7c74c62a48ad7ff7f71f98ef48,nominal_failure_probability,comparator_wait_characteristic_units,2.48,0.9172285214266863,,,:,None,linear,linear
fig7_wait_failures,1,edit_lines=16,First-order theory: dispatch,125,7ffbca498ce8f21a,,{},,086034341ac0f852c2a6fcb69ec68e2113652b7c74c62a48ad7ff7f71f98ef48,nominal_failure_probability,comparator_wait_characteristic_units,2.5,0.9188675065147994,,,:,None,linear,linear
fig7_wait_failures,1,edit_lines=16,First-order theory: dispatch,126,7ffbca498ce8f21a,,{},,086034341ac0f852c2a6fcb69ec68e2113652b7c74c62a48ad7ff7f71f98ef48,nominal_failure_probability,comparator_wait_characteristic_units,2.52,0.9204740375237375,,,:,None,linear,linear
fig7_wait_failures,1,edit_lines=16,First-order theory: dispatch,127,7ffbca498ce8f21a,,{},,086034341ac0f852c2a6fcb69ec68e2113652b7c74c62a48ad7ff7f71f98ef48,nominal_failure_probability,comparator_wait_characteristic_units,2.54,0.9220487570873246,,,:,None,linear,linear
fig7_wait_failures,1,edit_lines=16,First-order theory: dispatch,128,7ffbca498ce8f21a,,{},,086034341ac0f852c2a6fcb69ec68e2113652b7c74c62a48ad7ff7f71f98ef48,nominal_failure_probability,comparator_wait_characteristic_units,2.56,0.923592295114383,,,:,None,linear,linear
fig7_wait_failures,1,edit_lines=16,First-order theory: dispatch,129,7ffbca498ce8f21a,,{},,086034341ac0f852c2a6fcb69ec68e2113652b7c74c62a48ad7ff7f71f98ef48,nominal_failure_probability,comparator_wait_characteristic_units,2.58,0.9251052690407041,,,:,None,linear,linear
fig7_wait_failures,1,edit_lines=16,First-order theory: dispatch,130,7ffbca498ce8f21a,,{},,086034341ac0f852c2a6fcb69ec68e2113652b7c74c62a48ad7ff7f71f98ef48,nominal_failure_probability,comparator_wait_characteristic_units,2.6,0.9265882840760318,,,:,None,linear,linear
fig7_wait_failures,1,edit_lines=16,First-order theory: dispatch,131,7ffbca498ce8f21a,,{},,086034341ac0f852c2a6fcb69ec68e2113652b7c74c62a48ad7ff7f71f98ef48,nominal_failure_probability,comparator_wait_characteristic_units,2.62,0.9280419334461539,,,:,None,linear,linear
fig7_wait_failures,1,edit_lines=16,First-order theory: dispatch,132,7ffbca498ce8f21a,,{},,086034341ac0f852c2a6fcb69ec68e2113652b7c74c62a48ad7ff7f71f98ef48,nominal_failure_probability,comparator_wait_characteristic_units,2.64,0.929466798630201,,,:,None,linear,linear
fig7_wait_failures,1,edit_lines=16,First-order theory: dispatch,133,7ffbca498ce8f21a,,{},,086034341ac0f852c2a6fcb69ec68e2113652b7c74c62a48ad7ff7f71f98ef48,nominal_failure_probability,comparator_wait_characteristic_units,2.66,0.9308634495932447,,,:,None,linear,linear
fig7_wait_failures,1,edit_lines=16,First-order theory: dispatch,134,7ffbca498ce8f21a,,{},,086034341ac0f852c2a6fcb69ec68e2113652b7c74c62a48ad7ff7f71f98ef48,nominal_failure_probability,comparator_wait_characteristic_units,2.68,0.9322324450142929,,,:,None,linear,linear
fig7_wait_failures,1,edit_lines=16,First-order theory: dispatch,135,7ffbca498ce8f21a,,{},,086034341ac0f852c2a6fcb69ec68e2113652b7c74c62a48ad7ff7f71f98ef48,nominal_failure_probability,comparator_wait_characteristic_units,2.7,0.9335743325097673,,,:,None,linear,linear
fig7_wait_failures,1,edit_lines=16,First-order theory: dispatch,136,7ffbca498ce8f21a,,{},,086034341ac0f852c2a6fcb69ec68e2113652b7c74c62a48ad7ff7f71f98ef48,nominal_failure_probability,comparator_wait_characteristic_units,2.72,0.9348896488525582,,,:,None,linear,linear
fig7_wait_failures,1,edit_lines=16,First-order theory: dispatch,137,7ffbca498ce8f21a,,{},,086034341ac0f852c2a6fcb69ec68e2113652b7c74c62a48ad7ff7f71f98ef48,nominal_failure_probability,comparator_wait_characteristic_units,2.74,0.9361789201867406,,,:,None,linear,linear
fig7_wait_failures,1,edit_lines=16,First-order theory: dispatch,138,7ffbca498ce8f21a,,{},,086034341ac0f852c2a6fcb69ec68e2113652b7c74c62a48ad7ff7f71f98ef48,nominal_failure_probability,comparator_wait_characteristic_units,2.7600000000000002,0.9374426622380386,,,:,None,linear,linear
fig7_wait_failures,1,edit_lines=16,First-order theory: dispatch,139,7ffbca498ce8f21a,,{},,086034341ac0f852c2a6fcb69ec68e2113652b7c74c62a48ad7ff7f71f98ef48,nominal_failure_probability,comparator_wait_characteristic_units,2.7800000000000002,0.9386813805201228,,,:,None,linear,linear
fig7_wait_failures,1,edit_lines=16,First-order theory: dispatch,140,7ffbca498ce8f21a,,{},,086034341ac0f852c2a6fcb69ec68e2113652b7c74c62a48ad7ff7f71f98ef48,nominal_failure_probability,comparator_wait_characteristic_units,2.8000000000000003,0.9398955705368227,,,:,None,linear,linear
fig7_wait_failures,1,edit_lines=16,First-order theory: dispatch,141,7ffbca498ce8f21a,,{},,086034341ac0f852c2a6fcb69ec68e2113652b7c74c62a48ad7ff7f71f98ef48,nominal_failure_probability,comparator_wait_characteristic_units,2.82,0.9410857179803341,,,:,None,linear,linear
fig7_wait_failures,1,edit_lines=16,First-order theory: dispatch,142,7ffbca498ce8f21a,,{},,086034341ac0f852c2a6fcb69ec68e2113652b7c74c62a48ad7ff7f71f98ef48,nominal_failure_probability,comparator_wait_characteristic_units,2.84,0.9422522989255034,,,:,None,linear,linear
fig7_wait_failures,1,edit_lines=16,First-order theory: dispatch,143,7ffbca498ce8f21a,,{},,086034341ac0f852c2a6fcb69ec68e2113652b7c74c62a48ad7ff7f71f98ef48,nominal_failure_probability,comparator_wait_characteristic_units,2.86,0.9433957800202634,,,:,None,linear,linear
fig7_wait_failures,1,edit_lines=16,First-order theory: dispatch,144,7ffbca498ce8f21a,,{},,086034341ac0f852c2a6fcb69ec68e2113652b7c74c62a48ad7ff7f71f98ef48,nominal_failure_probability,comparator_wait_characteristic_units,2.88,0.9445166186722984,,,:,None,linear,linear
fig7_wait_failures,1,edit_lines=16,First-order theory: dispatch,145,7ffbca498ce8f21a,,{},,086034341ac0f852c2a6fcb69ec68e2113652b7c74c62a48ad7ff7f71f98ef48,nominal_failure_probability,comparator_wait_characteristic_units,2.9,0.9456152632320142,,,:,None,linear,linear
fig7_wait_failures,1,edit_lines=16,First-order theory: dispatch,146,7ffbca498ce8f21a,,{},,086034341ac0f852c2a6fcb69ec68e2113652b7c74c62a48ad7ff7f71f98ef48,nominal_failure_probability,comparator_wait_characteristic_units,2.92,0.9466921531718832,,,:,None,linear,linear
fig7_wait_failures,1,edit_lines=16,First-order theory: dispatch,147,7ffbca498ce8f21a,,{},,086034341ac0f852c2a6fcb69ec68e2113652b7c74c62a48ad7ff7f71f98ef48,nominal_failure_probability,comparator_wait_characteristic_units,2.94,0.9477477192622401,,,:,None,linear,linear
fig7_wait_failures,1,edit_lines=16,First-order theory: dispatch,148,7ffbca498ce8f21a,,{},,086034341ac0f852c2a6fcb69ec68e2113652b7c74c62a48ad7ff7f71f98ef48,nominal_failure_probability,comparator_wait_characteristic_units,2.96,0.9487823837435957,,,:,None,linear,linear
fig7_wait_failures,1,edit_lines=16,First-order theory: dispatch,149,7ffbca498ce8f21a,,{},,086034341ac0f852c2a6fcb69ec68e2113652b7c74c62a48ad7ff7f71f98ef48,nominal_failure_probability,comparator_wait_characteristic_units,2.98,0.949796560495538,,,:,None,linear,linear
fig7_wait_failures,1,edit_lines=16,First-order theory: dispatch,150,7ffbca498ce8f21a,,{},,086034341ac0f852c2a6fcb69ec68e2113652b7c74c62a48ad7ff7f71f98ef48,nominal_failure_probability,comparator_wait_characteristic_units,3.0,0.9507906552022903,,,:,None,linear,linear
fig7_wait_failures,1,edit_lines=16,First-order theory: dispatch,151,7ffbca498ce8f21a,,{},,086034341ac0f852c2a6fcb69ec68e2113652b7c74c62a48ad7ff7f71f98ef48,nominal_failure_probability,comparator_wait_characteristic_units,3.02,0.9517650655149903,,,:,None,linear,linear
fig7_wait_failures,1,edit_lines=16,First-order theory: dispatch,152,7ffbca498ce8f21a,,{},,086034341ac0f852c2a6fcb69ec68e2113652b7c74c62a48ad7ff7f71f98ef48,nominal_failure_probability,comparator_wait_characteristic_units,3.04,0.9527201812107553,,,:,None,linear,linear
fig7_wait_failures,1,edit_lines=16,First-order theory: dispatch,153,7ffbca498ce8f21a,,{},,086034341ac0f852c2a6fcb69ec68e2113652b7c74c62a48ad7ff7f71f98ef48,nominal_failure_probability,comparator_wait_characteristic_units,3.06,0.9536563843485986,,,:,None,linear,linear
fig7_wait_failures,1,edit_lines=16,First-order theory: dispatch,154,7ffbca498ce8f21a,,{},,086034341ac0f852c2a6fcb69ec68e2113652b7c74c62a48ad7ff7f71f98ef48,nominal_failure_probability,comparator_wait_characteristic_units,3.08,0.9545740494222581,,,:,None,linear,linear
fig7_wait_failures,1,edit_lines=16,First-order theory: dispatch,155,7ffbca498ce8f21a,,{},,086034341ac0f852c2a6fcb69ec68e2113652b7c74c62a48ad7ff7f71f98ef48,nominal_failure_probability,comparator_wait_characteristic_units,3.1,0.9554735435099991,,,:,None,linear,linear
fig7_wait_failures,1,edit_lines=16,First-order theory: dispatch,156,7ffbca498ce8f21a,,{},,086034341ac0f852c2a6fcb69ec68e2113652b7c74c62a48ad7ff7f71f98ef48,nominal_failure_probability,comparator_wait_characteristic_units,3.12,0.9563552264214502,,,:,None,linear,linear
fig7_wait_failures,1,edit_lines=16,First-order theory: dispatch,157,7ffbca498ce8f21a,,{},,086034341ac0f852c2a6fcb69ec68e2113652b7c74c62a48ad7ff7f71f98ef48,nominal_failure_probability,comparator_wait_characteristic_units,3.14,0.9572194508415317,,,:,None,linear,linear
fig7_wait_failures,1,edit_lines=16,First-order theory: dispatch,158,7ffbca498ce8f21a,,{},,086034341ac0f852c2a6fcb69ec68e2113652b7c74c62a48ad7ff7f71f98ef48,nominal_failure_probability,comparator_wait_characteristic_units,3.16,0.958066562471535,,,:,None,linear,linear
fig7_wait_failures,1,edit_lines=16,First-order theory: dispatch,159,7ffbca498ce8f21a,,{},,086034341ac0f852c2a6fcb69ec68e2113652b7c74c62a48ad7ff7f71f98ef48,nominal_failure_probability,comparator_wait_characteristic_units,3.18,0.9588969001674069,,,:,None,linear,linear
fig7_wait_failures,1,edit_lines=16,First-order theory: dispatch,160,7ffbca498ce8f21a,,{},,086034341ac0f852c2a6fcb69ec68e2113652b7c74c62a48ad7ff7f71f98ef48,nominal_failure_probability,comparator_wait_characteristic_units,3.2,0.9597107960752971,,,:,None,linear,linear
fig7_wait_failures,1,edit_lines=16,First-order theory: dispatch,161,7ffbca498ce8f21a,,{},,086034341ac0f852c2a6fcb69ec68e2113652b7c74c62a48ad7ff7f71f98ef48,nominal_failure_probability,comparator_wait_characteristic_units,3.22,0.960508575764421,,,:,None,linear,linear
fig7_wait_failures,1,edit_lines=16,First-order theory: dispatch,162,7ffbca498ce8f21a,,{},,086034341ac0f852c2a6fcb69ec68e2113652b7c74c62a48ad7ff7f71f98ef48,nominal_failure_probability,comparator_wait_characteristic_units,3.24,0.9612905583572912,,,:,None,linear,linear
fig7_wait_failures,1,edit_lines=16,First-order theory: dispatch,163,7ffbca498ce8f21a,,{},,086034341ac0f852c2a6fcb69ec68e2113652b7c74c62a48ad7ff7f71f98ef48,nominal_failure_probability,comparator_wait_characteristic_units,3.2600000000000002,0.9620570566573715,,,:,None,linear,linear
fig7_wait_failures,1,edit_lines=16,First-order theory: dispatch,164,7ffbca498ce8f21a,,{},,086034341ac0f852c2a6fcb69ec68e2113652b7c74c62a48ad7ff7f71f98ef48,nominal_failure_probability,comparator_wait_characteristic_units,3.2800000000000002,0.9628083772742022,,,:,None,linear,linear
fig7_wait_failures,1,edit_lines=16,First-order theory: dispatch,165,7ffbca498ce8f21a,,{},,086034341ac0f852c2a6fcb69ec68e2113652b7c74c62a48ad7ff7f71f98ef48,nominal_failure_probability,comparator_wait_characteristic_units,3.3000000000000003,0.9635448207460476,,,:,None,linear,linear
fig7_wait_failures,1,edit_lines=16,First-order theory: dispatch,166,7ffbca498ce8f21a,,{},,086034341ac0f852c2a6fcb69ec68e2113652b7c74c62a48ad7ff7f71f98ef48,nominal_failure_probability,comparator_wait_characteristic_units,3.3200000000000003,0.9642666816601159,,,:,None,linear,linear
fig7_wait_failures,1,edit_lines=16,First-order theory: dispatch,167,7ffbca498ce8f21a,,{},,086034341ac0f852c2a6fcb69ec68e2113652b7c74c62a48ad7ff7f71f98ef48,nominal_failure_probability,comparator_wait_characteristic_units,3.34,0.9649742487703976,,,:,None,linear,linear
fig7_wait_failures,1,edit_lines=16,First-order theory: dispatch,168,7ffbca498ce8f21a,,{},,086034341ac0f852c2a6fcb69ec68e2113652b7c74c62a48ad7ff7f71f98ef48,nominal_failure_probability,comparator_wait_characteristic_units,3.36,0.9656678051131713,,,:,None,linear,linear
fig7_wait_failures,1,edit_lines=16,First-order theory: dispatch,169,7ffbca498ce8f21a,,{},,086034341ac0f852c2a6fcb69ec68e2113652b7c74c62a48ad7ff7f71f98ef48,nominal_failure_probability,comparator_wait_characteristic_units,3.38,0.9663476281202216,,,:,None,linear,linear
fig7_wait_failures,1,edit_lines=16,First-order theory: dispatch,170,7ffbca498ce8f21a,,{},,086034341ac0f852c2a6fcb69ec68e2113652b7c74c62a48ad7ff7f71f98ef48,nominal_failure_probability,comparator_wait_characteristic_units,3.4,0.9670139897298157,,,:,None,linear,linear
fig7_wait_failures,1,edit_lines=16,First-order theory: dispatch,171,7ffbca498ce8f21a,,{},,086034341ac0f852c2a6fcb69ec68e2113652b7c74c62a48ad7ff7f71f98ef48,nominal_failure_probability,comparator_wait_characteristic_units,3.42,0.9676671564954823,,,:,None,linear,linear
fig7_wait_failures,1,edit_lines=16,First-order theory: dispatch,172,7ffbca498ce8f21a,,{},,086034341ac0f852c2a6fcb69ec68e2113652b7c74c62a48ad7ff7f71f98ef48,nominal_failure_probability,comparator_wait_characteristic_units,3.44,0.9683073896926367,,,:,None,linear,linear
fig7_wait_failures,1,edit_lines=16,First-order theory: dispatch,173,7ffbca498ce8f21a,,{},,086034341ac0f852c2a6fcb69ec68e2113652b7c74c62a48ad7ff7f71f98ef48,nominal_failure_probability,comparator_wait_characteristic_units,3.46,0.9689349454230946,,,:,None,linear,linear
fig7_wait_failures,1,edit_lines=16,First-order theory: dispatch,174,7ffbca498ce8f21a,,{},,086034341ac0f852c2a6fcb69ec68e2113652b7c74c62a48ad7ff7f71f98ef48,nominal_failure_probability,comparator_wait_characteristic_units,3.48,0.9695500747175153,,,:,None,linear,linear
fig7_wait_failures,1,edit_lines=16,First-order theory: dispatch,175,7ffbca498ce8f21a,,{},,086034341ac0f852c2a6fcb69ec68e2113652b7c74c62a48ad7ff7f71f98ef48,nominal_failure_probability,comparator_wait_characteristic_units,3.5,0.9701530236358187,,,:,None,linear,linear
fig7_wait_failures,1,edit_lines=16,First-order theory: dispatch,176,7ffbca498ce8f21a,,{},,086034341ac0f852c2a6fcb69ec68e2113652b7c74c62a48ad7ff7f71f98ef48,nominal_failure_probability,comparator_wait_characteristic_units,3.52,0.9707440333656114,,,:,None,linear,linear
fig7_wait_failures,1,edit_lines=16,First-order theory: dispatch,177,7ffbca498ce8f21a,,{},,086034341ac0f852c2a6fcb69ec68e2113652b7c74c62a48ad7ff7f71f98ef48,nominal_failure_probability,comparator_wait_characteristic_units,3.54,0.9713233403186656,,,:,None,linear,linear
fig7_wait_failures,1,edit_lines=16,First-order theory: dispatch,178,7ffbca498ce8f21a,,{},,086034341ac0f852c2a6fcb69ec68e2113652b7c74c62a48ad7ff7f71f98ef48,nominal_failure_probability,comparator_wait_characteristic_units,3.56,0.9718911762254867,,,:,None,linear,linear
fig7_wait_failures,1,edit_lines=16,First-order theory: dispatch,179,7ffbca498ce8f21a,,{},,086034341ac0f852c2a6fcb69ec68e2113652b7c74c62a48ad7ff7f71f98ef48,nominal_failure_probability,comparator_wait_characteristic_units,3.58,0.9724477682280087,,,:,None,linear,linear
fig7_wait_failures,1,edit_lines=16,First-order theory: dispatch,180,7ffbca498ce8f21a,,{},,086034341ac0f852c2a6fcb69ec68e2113652b7c74c62a48ad7ff7f71f98ef48,nominal_failure_probability,comparator_wait_characteristic_units,3.6,0.9729933389704539,,,:,None,linear,linear
fig7_wait_failures,1,edit_lines=16,First-order theory: dispatch,181,7ffbca498ce8f21a,,{},,086034341ac0f852c2a6fcb69ec68e2113652b7c74c62a48ad7ff7f71f98ef48,nominal_failure_probability,comparator_wait_characteristic_units,3.62,0.9735281066883936,,,:,None,linear,linear
fig7_wait_failures,1,edit_lines=16,First-order theory: dispatch,182,7ffbca498ce8f21a,,{},,086034341ac0f852c2a6fcb69ec68e2113652b7c74c62a48ad7ff7f71f98ef48,nominal_failure_probability,comparator_wait_characteristic_units,3.64,0.9740522852960455,,,:,None,linear,linear
fig7_wait_failures,1,edit_lines=16,First-order theory: dispatch,183,7ffbca498ce8f21a,,{},,086034341ac0f852c2a6fcb69ec68e2113652b7c74c62a48ad7ff7f71f98ef48,nominal_failure_probability,comparator_wait_characteristic_units,3.66,0.9745660844718417,,,:,None,linear,linear
fig7_wait_failures,1,edit_lines=16,First-order theory: dispatch,184,7ffbca498ce8f21a,,{},,086034341ac0f852c2a6fcb69ec68e2113652b7c74c62a48ad7ff7f71f98ef48,nominal_failure_probability,comparator_wait_characteristic_units,3.68,0.9750697097423031,,,:,None,linear,linear
fig7_wait_failures,1,edit_lines=16,First-order theory: dispatch,185,7ffbca498ce8f21a,,{},,086034341ac0f852c2a6fcb69ec68e2113652b7c74c62a48ad7ff7f71f98ef48,nominal_failure_probability,comparator_wait_characteristic_units,3.7,0.9755633625642531,,,:,None,linear,linear
fig7_wait_failures,1,edit_lines=16,First-order theory: dispatch,186,7ffbca498ce8f21a,,{},,086034341ac0f852c2a6fcb69ec68e2113652b7c74c62a48ad7ff7f71f98ef48,nominal_failure_probability,comparator_wait_characteristic_units,3.72,0.9760472404054027,,,:,None,linear,linear
fig7_wait_failures,1,edit_lines=16,First-order theory: dispatch,187,7ffbca498ce8f21a,,{},,086034341ac0f852c2a6fcb69ec68e2113652b7c74c62a48ad7ff7f71f98ef48,nominal_failure_probability,comparator_wait_characteristic_units,3.74,0.9765215368233401,,,:,None,linear,linear
fig7_wait_failures,1,edit_lines=16,First-order theory: dispatch,188,7ffbca498ce8f21a,,{},,086034341ac0f852c2a6fcb69ec68e2113652b7c74c62a48ad7ff7f71f98ef48,nominal_failure_probability,comparator_wait_characteristic_units,3.7600000000000002,0.9769864415429564,,,:,None,linear,linear
fig7_wait_failures,1,edit_lines=16,First-order theory: dispatch,189,7ffbca498ce8f21a,,{},,086034341ac0f852c2a6fcb69ec68e2113652b7c74c62a48ad7ff7f71f98ef48,nominal_failure_probability,comparator_wait_characteristic_units,3.7800000000000002,0.9774421405323385,,,:,None,linear,linear
fig7_wait_failures,1,edit_lines=16,First-order theory: dispatch,190,7ffbca498ce8f21a,,{},,086034341ac0f852c2a6fcb69ec68e2113652b7c74c62a48ad7ff7f71f98ef48,nominal_failure_probability,comparator_wait_characteristic_units,3.8000000000000003,0.9778888160771579,,,:,None,linear,linear
fig7_wait_failures,1,edit_lines=16,First-order theory: dispatch,191,7ffbca498ce8f21a,,{},,086034341ac0f852c2a6fcb69ec68e2113652b7c74c62a48ad7ff7f71f98ef48,nominal_failure_probability,comparator_wait_characteristic_units,3.8200000000000003,0.9783266468535886,,,:,None,linear,linear
fig7_wait_failures,1,edit_lines=16,First-order theory: dispatch,192,7ffbca498ce8f21a,,{},,086034341ac0f852c2a6fcb69ec68e2113652b7c74c62a48ad7ff7f71f98ef48,nominal_failure_probability,comparator_wait_characteristic_units,3.84,0.9787558079997787,,,:,None,linear,linear
fig7_wait_failures,1,edit_lines=16,First-order theory: dispatch,193,7ffbca498ce8f21a,,{},,086034341ac0f852c2a6fcb69ec68e2113652b7c74c62a48ad7ff7f71f98ef48,nominal_failure_probability,comparator_wait_characteristic_units,3.86,0.9791764711859091,,,:,None,linear,linear
fig7_wait_failures,1,edit_lines=16,First-order theory: dispatch,194,7ffbca498ce8f21a,,{},,086034341ac0f852c2a6fcb69ec68e2113652b7c74c62a48ad7ff7f71f98ef48,nominal_failure_probability,comparator_wait_characteristic_units,3.88,0.9795888046828631,,,:,None,linear,linear
fig7_wait_failures,1,edit_lines=16,First-order theory: dispatch,195,7ffbca498ce8f21a,,{},,086034341ac0f852c2a6fcb69ec68e2113652b7c74c62a48ad7ff7f71f98ef48,nominal_failure_probability,comparator_wait_characteristic_units,3.9,0.9799929734295374,,,:,None,linear,linear
fig7_wait_failures,1,edit_lines=16,First-order theory: dispatch,196,7ffbca498ce8f21a,,{},,086034341ac0f852c2a6fcb69ec68e2113652b7c74c62a48ad7ff7f71f98ef48,nominal_failure_probability,comparator_wait_characteristic_units,3.92,0.9803891390988195,,,:,None,linear,linear
fig7_wait_failures,1,edit_lines=16,First-order theory: dispatch,197,7ffbca498ce8f21a,,{},,086034341ac0f852c2a6fcb69ec68e2113652b7c74c62a48ad7ff7f71f98ef48,nominal_failure_probability,comparator_wait_characteristic_units,3.94,0.9807774601622595,,,:,None,linear,linear
fig7_wait_failures,1,edit_lines=16,First-order theory: dispatch,198,7ffbca498ce8f21a,,{},,086034341ac0f852c2a6fcb69ec68e2113652b7c74c62a48ad7ff7f71f98ef48,nominal_failure_probability,comparator_wait_characteristic_units,3.96,0.9811580919534606,,,:,None,linear,linear
fig7_wait_failures,1,edit_lines=16,First-order theory: dispatch,199,7ffbca498ce8f21a,,{},,086034341ac0f852c2a6fcb69ec68e2113652b7c74c62a48ad7ff7f71f98ef48,nominal_failure_probability,comparator_wait_characteristic_units,3.98,0.9815311867302142,,,:,None,linear,linear
fig7_wait_failures,1,edit_lines=16,First-order theory: dispatch,200,7ffbca498ce8f21a,,{},,086034341ac0f852c2a6fcb69ec68e2113652b7c74c62a48ad7ff7f71f98ef48,nominal_failure_probability,comparator_wait_characteristic_units,4.0,0.9818968937354058,,,:,None,linear,linear
fig7_wait_failures,1,edit_lines=16,Kick-back: re-read at repair start,0,8c43ef60ff809e72,failed_repair_completions|author_repair_completions,"{""author_repair_completions"":{""ci95_high"":""36.222000895030966"",""ci95_low"":""31.4446657716357"",""mean"":""33.833333333333336"",""n"":""30""},""failed_repair_completions"":{""ci95_high"":""0.0"",""ci95_low"":""0.0"",""mean"":""0"",""n"":""30""}}",5209b6b2f833ff958bc9320af9d577cef3453eb94ff185822028da80be7e5505,086034341ac0f852c2a6fcb69ec68e2113652b7c74c62a48ad7ff7f71f98ef48,failed_over_completed,wait_in_characteristic_units,0.0,0.0,,,--,s,linear,linear
fig7_wait_failures,1,edit_lines=16,Kick-back: re-read at repair start,1,032c0619b8f3f009,failed_repair_completions|author_repair_completions,"{""author_repair_completions"":{""ci95_high"":""118.84086075416127"",""ci95_low"":""114.35913924583872"",""mean"":""116.6"",""n"":""30""},""failed_repair_completions"":{""ci95_high"":""0.8911702902616173"",""ci95_low"":""0.30882970973838264"",""mean"":""0.6"",""n"":""30""}}",5209b6b2f833ff958bc9320af9d577cef3453eb94ff185822028da80be7e5505,086034341ac0f852c2a6fcb69ec68e2113652b7c74c62a48ad7ff7f71f98ef48,failed_over_completed,wait_in_characteristic_units,0.25,0.005145797598627788,,,--,s,linear,linear
fig7_wait_failures,1,edit_lines=16,Kick-back: re-read at repair start,2,239187bc9ecf2ed4,failed_repair_completions|author_repair_completions,"{""author_repair_completions"":{""ci95_high"":""60.95747631359126"",""ci95_low"":""58.77585701974208"",""mean"":""59.86666666666667"",""n"":""30""},""failed_repair_completions"":{""ci95_high"":""0.49144123674495205"",""ci95_low"":""0.10855876325504793"",""mean"":""0.3"",""n"":""30""}}",5209b6b2f833ff958bc9320af9d577cef3453eb94ff185822028da80be7e5505,086034341ac0f852c2a6fcb69ec68e2113652b7c74c62a48ad7ff7f71f98ef48,failed_over_completed,wait_in_characteristic_units,0.5,0.005011135857461024,,,--,s,linear,linear
fig7_wait_failures,1,edit_lines=16,Kick-back: re-read at repair start,3,c721de96820cdbc1,failed_repair_completions|author_repair_completions,"{""author_repair_completions"":{""ci95_high"":""30.60095465224747"",""ci95_low"":""29.4657120144192"",""mean"":""30.033333333333335"",""n"":""30""},""failed_repair_completions"":{""ci95_high"":""0.25705691598520514"",""ci95_low"":""0.009609750681461526"",""mean"":""0.13333333333333333"",""n"":""30""}}",5209b6b2f833ff958bc9320af9d577cef3453eb94ff185822028da80be7e5505,086034341ac0f852c2a6fcb69ec68e2113652b7c74c62a48ad7ff7f71f98ef48,failed_over_completed,wait_in_characteristic_units,1.0,0.004439511653718091,,,--,s,linear,linear
fig7_wait_failures,1,edit_lines=16,Kick-back: re-read at repair start,4,c4659f8f06dc7b92,failed_repair_completions|author_repair_completions,"{""author_repair_completions"":{""ci95_high"":""14.980780498637076"",""ci95_low"":""14.48588616802959"",""mean"":""14.733333333333333"",""n"":""30""},""failed_repair_completions"":{""ci95_high"":""0.1574549556138744"",""ci95_low"":""-0.024121622280541086"",""mean"":""0.06666666666666667"",""n"":""30""}}",5209b6b2f833ff958bc9320af9d577cef3453eb94ff185822028da80be7e5505,086034341ac0f852c2a6fcb69ec68e2113652b7c74c62a48ad7ff7f71f98ef48,failed_over_completed,wait_in_characteristic_units,2.0,0.004524886877828055,,,--,s,linear,linear
fig7_wait_failures,1,edit_lines=16,Kick-back: re-read at repair start,5,aa685c470f857ca4,failed_repair_completions|author_repair_completions,"{""author_repair_completions"":{""ci95_high"":""7.024121622280541"",""ci95_low"":""6.842545044386126"",""mean"":""6.933333333333334"",""n"":""30""},""failed_repair_completions"":{""ci95_high"":""0.1574549556138744"",""ci95_low"":""-0.024121622280541086"",""mean"":""0.06666666666666667"",""n"":""30""}}",5209b6b2f833ff958bc9320af9d577cef3453eb94ff185822028da80be7e5505,086034341ac0f852c2a6fcb69ec68e2113652b7c74c62a48ad7ff7f71f98ef48,failed_over_completed,wait_in_characteristic_units,4.0,0.009615384615384614,,,--,s,linear,linear
fig7_wait_failures,1,edit_lines=16,First-order theory: repair start,0,8c43ef60ff809e72,,{},,086034341ac0f852c2a6fcb69ec68e2113652b7c74c62a48ad7ff7f71f98ef48,nominal_failure_probability,comparator_wait_characteristic_units,0.0,0.011603888099730056,,,:,None,linear,linear
fig7_wait_failures,1,edit_lines=16,First-order theory: repair start,1,8c43ef60ff809e72,,{},,086034341ac0f852c2a6fcb69ec68e2113652b7c74c62a48ad7ff7f71f98ef48,nominal_failure_probability,comparator_wait_characteristic_units,0.02,0.011603888099730056,,,:,None,linear,linear
fig7_wait_failures,1,edit_lines=16,First-order theory: repair start,2,8c43ef60ff809e72,,{},,086034341ac0f852c2a6fcb69ec68e2113652b7c74c62a48ad7ff7f71f98ef48,nominal_failure_probability,comparator_wait_characteristic_units,0.04,0.011603888099730056,,,:,None,linear,linear
fig7_wait_failures,1,edit_lines=16,First-order theory: repair start,3,8c43ef60ff809e72,,{},,086034341ac0f852c2a6fcb69ec68e2113652b7c74c62a48ad7ff7f71f98ef48,nominal_failure_probability,comparator_wait_characteristic_units,0.06,0.011603888099730056,,,:,None,linear,linear
fig7_wait_failures,1,edit_lines=16,First-order theory: repair start,4,8c43ef60ff809e72,,{},,086034341ac0f852c2a6fcb69ec68e2113652b7c74c62a48ad7ff7f71f98ef48,nominal_failure_probability,comparator_wait_characteristic_units,0.08,0.011603888099730056,,,:,None,linear,linear
fig7_wait_failures,1,edit_lines=16,First-order theory: repair start,5,8c43ef60ff809e72,,{},,086034341ac0f852c2a6fcb69ec68e2113652b7c74c62a48ad7ff7f71f98ef48,nominal_failure_probability,comparator_wait_characteristic_units,0.1,0.011603888099730056,,,:,None,linear,linear
fig7_wait_failures,1,edit_lines=16,First-order theory: repair start,6,8c43ef60ff809e72,,{},,086034341ac0f852c2a6fcb69ec68e2113652b7c74c62a48ad7ff7f71f98ef48,nominal_failure_probability,comparator_wait_characteristic_units,0.12,0.011603888099730056,,,:,None,linear,linear
fig7_wait_failures,1,edit_lines=16,First-order theory: repair start,7,8c43ef60ff809e72,,{},,086034341ac0f852c2a6fcb69ec68e2113652b7c74c62a48ad7ff7f71f98ef48,nominal_failure_probability,comparator_wait_characteristic_units,0.14,0.011603888099730056,,,:,None,linear,linear
fig7_wait_failures,1,edit_lines=16,First-order theory: repair start,8,8c43ef60ff809e72,,{},,086034341ac0f852c2a6fcb69ec68e2113652b7c74c62a48ad7ff7f71f98ef48,nominal_failure_probability,comparator_wait_characteristic_units,0.16,0.011603888099730056,,,:,None,linear,linear
fig7_wait_failures,1,edit_lines=16,First-order theory: repair start,9,8c43ef60ff809e72,,{},,086034341ac0f852c2a6fcb69ec68e2113652b7c74c62a48ad7ff7f71f98ef48,nominal_failure_probability,comparator_wait_characteristic_units,0.18,0.011603888099730056,,,:,None,linear,linear
fig7_wait_failures,1,edit_lines=16,First-order theory: repair start,10,8c43ef60ff809e72,,{},,086034341ac0f852c2a6fcb69ec68e2113652b7c74c62a48ad7ff7f71f98ef48,nominal_failure_probability,comparator_wait_characteristic_units,0.2,0.011603888099730056,,,:,None,linear,linear
fig7_wait_failures,1,edit_lines=16,First-order theory: repair start,11,8c43ef60ff809e72,,{},,086034341ac0f852c2a6fcb69ec68e2113652b7c74c62a48ad7ff7f71f98ef48,nominal_failure_probability,comparator_wait_characteristic_units,0.22,0.011603888099730056,,,:,None,linear,linear
fig7_wait_failures,1,edit_lines=16,First-order theory: repair start,12,8c43ef60ff809e72,,{},,086034341ac0f852c2a6fcb69ec68e2113652b7c74c62a48ad7ff7f71f98ef48,nominal_failure_probability,comparator_wait_characteristic_units,0.24,0.011603888099730056,,,:,None,linear,linear
fig7_wait_failures,1,edit_lines=16,First-order theory: repair start,13,8c43ef60ff809e72,,{},,086034341ac0f852c2a6fcb69ec68e2113652b7c74c62a48ad7ff7f71f98ef48,nominal_failure_probability,comparator_wait_characteristic_units,0.26,0.011603888099730056,,,:,None,linear,linear
fig7_wait_failures,1,edit_lines=16,First-order theory: repair start,14,8c43ef60ff809e72,,{},,086034341ac0f852c2a6fcb69ec68e2113652b7c74c62a48ad7ff7f71f98ef48,nominal_failure_probability,comparator_wait_characteristic_units,0.28,0.011603888099730056,,,:,None,linear,linear
fig7_wait_failures,1,edit_lines=16,First-order theory: repair start,15,8c43ef60ff809e72,,{},,086034341ac0f852c2a6fcb69ec68e2113652b7c74c62a48ad7ff7f71f98ef48,nominal_failure_probability,comparator_wait_characteristic_units,0.3,0.011603888099730056,,,:,None,linear,linear
fig7_wait_failures,1,edit_lines=16,First-order theory: repair start,16,8c43ef60ff809e72,,{},,086034341ac0f852c2a6fcb69ec68e2113652b7c74c62a48ad7ff7f71f98ef48,nominal_failure_probability,comparator_wait_characteristic_units,0.32,0.011603888099730056,,,:,None,linear,linear
fig7_wait_failures,1,edit_lines=16,First-order theory: repair start,17,8c43ef60ff809e72,,{},,086034341ac0f852c2a6fcb69ec68e2113652b7c74c62a48ad7ff7f71f98ef48,nominal_failure_probability,comparator_wait_characteristic_units,0.34,0.011603888099730056,,,:,None,linear,linear
fig7_wait_failures,1,edit_lines=16,First-order theory: repair start,18,8c43ef60ff809e72,,{},,086034341ac0f852c2a6fcb69ec68e2113652b7c74c62a48ad7ff7f71f98ef48,nominal_failure_probability,comparator_wait_characteristic_units,0.36,0.011603888099730056,,,:,None,linear,linear
fig7_wait_failures,1,edit_lines=16,First-order theory: repair start,19,8c43ef60ff809e72,,{},,086034341ac0f852c2a6fcb69ec68e2113652b7c74c62a48ad7ff7f71f98ef48,nominal_failure_probability,comparator_wait_characteristic_units,0.38,0.011603888099730056,,,:,None,linear,linear
fig7_wait_failures,1,edit_lines=16,First-order theory: repair start,20,8c43ef60ff809e72,,{},,086034341ac0f852c2a6fcb69ec68e2113652b7c74c62a48ad7ff7f71f98ef48,nominal_failure_probability,comparator_wait_characteristic_units,0.4,0.011603888099730056,,,:,None,linear,linear
fig7_wait_failures,1,edit_lines=16,First-order theory: repair start,21,8c43ef60ff809e72,,{},,086034341ac0f852c2a6fcb69ec68e2113652b7c74c62a48ad7ff7f71f98ef48,nominal_failure_probability,comparator_wait_characteristic_units,0.42,0.011603888099730056,,,:,None,linear,linear
fig7_wait_failures,1,edit_lines=16,First-order theory: repair start,22,8c43ef60ff809e72,,{},,086034341ac0f852c2a6fcb69ec68e2113652b7c74c62a48ad7ff7f71f98ef48,nominal_failure_probability,comparator_wait_characteristic_units,0.44,0.011603888099730056,,,:,None,linear,linear
fig7_wait_failures,1,edit_lines=16,First-order theory: repair start,23,8c43ef60ff809e72,,{},,086034341ac0f852c2a6fcb69ec68e2113652b7c74c62a48ad7ff7f71f98ef48,nominal_failure_probability,comparator_wait_characteristic_units,0.46,0.011603888099730056,,,:,None,linear,linear
fig7_wait_failures,1,edit_lines=16,First-order theory: repair start,24,8c43ef60ff809e72,,{},,086034341ac0f852c2a6fcb69ec68e2113652b7c74c62a48ad7ff7f71f98ef48,nominal_failure_probability,comparator_wait_characteristic_units,0.48,0.011603888099730056,,,:,None,linear,linear
fig7_wait_failures,1,edit_lines=16,First-order theory: repair start,25,8c43ef60ff809e72,,{},,086034341ac0f852c2a6fcb69ec68e2113652b7c74c62a48ad7ff7f71f98ef48,nominal_failure_probability,comparator_wait_characteristic_units,0.5,0.011603888099730056,,,:,None,linear,linear
fig7_wait_failures,1,edit_lines=16,First-order theory: repair start,26,8c43ef60ff809e72,,{},,086034341ac0f852c2a6fcb69ec68e2113652b7c74c62a48ad7ff7f71f98ef48,nominal_failure_probability,comparator_wait_characteristic_units,0.52,0.011603888099730056,,,:,None,linear,linear
fig7_wait_failures,1,edit_lines=16,First-order theory: repair start,27,8c43ef60ff809e72,,{},,086034341ac0f852c2a6fcb69ec68e2113652b7c74c62a48ad7ff7f71f98ef48,nominal_failure_probability,comparator_wait_characteristic_units,0.54,0.011603888099730056,,,:,None,linear,linear
fig7_wait_failures,1,edit_lines=16,First-order theory: repair start,28,8c43ef60ff809e72,,{},,086034341ac0f852c2a6fcb69ec68e2113652b7c74c62a48ad7ff7f71f98ef48,nominal_failure_probability,comparator_wait_characteristic_units,0.56,0.011603888099730056,,,:,None,linear,linear
fig7_wait_failures,1,edit_lines=16,First-order theory: repair start,29,8c43ef60ff809e72,,{},,086034341ac0f852c2a6fcb69ec68e2113652b7c74c62a48ad7ff7f71f98ef48,nominal_failure_probability,comparator_wait_characteristic_units,0.58,0.011603888099730056,,,:,None,linear,linear
fig7_wait_failures,1,edit_lines=16,First-order theory: repair start,30,8c43ef60ff809e72,,{},,086034341ac0f852c2a6fcb69ec68e2113652b7c74c62a48ad7ff7f71f98ef48,nominal_failure_probability,comparator_wait_characteristic_units,0.6,0.011603888099730056,,,:,None,linear,linear
fig7_wait_failures,1,edit_lines=16,First-order theory: repair start,31,8c43ef60ff809e72,,{},,086034341ac0f852c2a6fcb69ec68e2113652b7c74c62a48ad7ff7f71f98ef48,nominal_failure_probability,comparator_wait_characteristic_units,0.62,0.011603888099730056,,,:,None,linear,linear
fig7_wait_failures,1,edit_lines=16,First-order theory: repair start,32,8c43ef60ff809e72,,{},,086034341ac0f852c2a6fcb69ec68e2113652b7c74c62a48ad7ff7f71f98ef48,nominal_failure_probability,comparator_wait_characteristic_units,0.64,0.011603888099730056,,,:,None,linear,linear
fig7_wait_failures,1,edit_lines=16,First-order theory: repair start,33,8c43ef60ff809e72,,{},,086034341ac0f852c2a6fcb69ec68e2113652b7c74c62a48ad7ff7f71f98ef48,nominal_failure_probability,comparator_wait_characteristic_units,0.66,0.011603888099730056,,,:,None,linear,linear
fig7_wait_failures,1,edit_lines=16,First-order theory: repair start,34,8c43ef60ff809e72,,{},,086034341ac0f852c2a6fcb69ec68e2113652b7c74c62a48ad7ff7f71f98ef48,nominal_failure_probability,comparator_wait_characteristic_units,0.68,0.011603888099730056,,,:,None,linear,linear
fig7_wait_failures,1,edit_lines=16,First-order theory: repair start,35,8c43ef60ff809e72,,{},,086034341ac0f852c2a6fcb69ec68e2113652b7c74c62a48ad7ff7f71f98ef48,nominal_failure_probability,comparator_wait_characteristic_units,0.7000000000000001,0.011603888099730056,,,:,None,linear,linear
fig7_wait_failures,1,edit_lines=16,First-order theory: repair start,36,8c43ef60ff809e72,,{},,086034341ac0f852c2a6fcb69ec68e2113652b7c74c62a48ad7ff7f71f98ef48,nominal_failure_probability,comparator_wait_characteristic_units,0.72,0.011603888099730056,,,:,None,linear,linear
fig7_wait_failures,1,edit_lines=16,First-order theory: repair start,37,8c43ef60ff809e72,,{},,086034341ac0f852c2a6fcb69ec68e2113652b7c74c62a48ad7ff7f71f98ef48,nominal_failure_probability,comparator_wait_characteristic_units,0.74,0.011603888099730056,,,:,None,linear,linear
fig7_wait_failures,1,edit_lines=16,First-order theory: repair start,38,8c43ef60ff809e72,,{},,086034341ac0f852c2a6fcb69ec68e2113652b7c74c62a48ad7ff7f71f98ef48,nominal_failure_probability,comparator_wait_characteristic_units,0.76,0.011603888099730056,,,:,None,linear,linear
fig7_wait_failures,1,edit_lines=16,First-order theory: repair start,39,8c43ef60ff809e72,,{},,086034341ac0f852c2a6fcb69ec68e2113652b7c74c62a48ad7ff7f71f98ef48,nominal_failure_probability,comparator_wait_characteristic_units,0.78,0.011603888099730056,,,:,None,linear,linear
fig7_wait_failures,1,edit_lines=16,First-order theory: repair start,40,8c43ef60ff809e72,,{},,086034341ac0f852c2a6fcb69ec68e2113652b7c74c62a48ad7ff7f71f98ef48,nominal_failure_probability,comparator_wait_characteristic_units,0.8,0.011603888099730056,,,:,None,linear,linear
fig7_wait_failures,1,edit_lines=16,First-order theory: repair start,41,8c43ef60ff809e72,,{},,086034341ac0f852c2a6fcb69ec68e2113652b7c74c62a48ad7ff7f71f98ef48,nominal_failure_probability,comparator_wait_characteristic_units,0.8200000000000001,0.011603888099730056,,,:,None,linear,linear
fig7_wait_failures,1,edit_lines=16,First-order theory: repair start,42,8c43ef60ff809e72,,{},,086034341ac0f852c2a6fcb69ec68e2113652b7c74c62a48ad7ff7f71f98ef48,nominal_failure_probability,comparator_wait_characteristic_units,0.84,0.011603888099730056,,,:,None,linear,linear
fig7_wait_failures,1,edit_lines=16,First-order theory: repair start,43,8c43ef60ff809e72,,{},,086034341ac0f852c2a6fcb69ec68e2113652b7c74c62a48ad7ff7f71f98ef48,nominal_failure_probability,comparator_wait_characteristic_units,0.86,0.011603888099730056,,,:,None,linear,linear
fig7_wait_failures,1,edit_lines=16,First-order theory: repair start,44,8c43ef60ff809e72,,{},,086034341ac0f852c2a6fcb69ec68e2113652b7c74c62a48ad7ff7f71f98ef48,nominal_failure_probability,comparator_wait_characteristic_units,0.88,0.011603888099730056,,,:,None,linear,linear
fig7_wait_failures,1,edit_lines=16,First-order theory: repair start,45,8c43ef60ff809e72,,{},,086034341ac0f852c2a6fcb69ec68e2113652b7c74c62a48ad7ff7f71f98ef48,nominal_failure_probability,comparator_wait_characteristic_units,0.9,0.011603888099730056,,,:,None,linear,linear
fig7_wait_failures,1,edit_lines=16,First-order theory: repair start,46,8c43ef60ff809e72,,{},,086034341ac0f852c2a6fcb69ec68e2113652b7c74c62a48ad7ff7f71f98ef48,nominal_failure_probability,comparator_wait_characteristic_units,0.92,0.011603888099730056,,,:,None,linear,linear
fig7_wait_failures,1,edit_lines=16,First-order theory: repair start,47,8c43ef60ff809e72,,{},,086034341ac0f852c2a6fcb69ec68e2113652b7c74c62a48ad7ff7f71f98ef48,nominal_failure_probability,comparator_wait_characteristic_units,0.9400000000000001,0.011603888099730056,,,:,None,linear,linear
fig7_wait_failures,1,edit_lines=16,First-order theory: repair start,48,8c43ef60ff809e72,,{},,086034341ac0f852c2a6fcb69ec68e2113652b7c74c62a48ad7ff7f71f98ef48,nominal_failure_probability,comparator_wait_characteristic_units,0.96,0.011603888099730056,,,:,None,linear,linear
fig7_wait_failures,1,edit_lines=16,First-order theory: repair start,49,8c43ef60ff809e72,,{},,086034341ac0f852c2a6fcb69ec68e2113652b7c74c62a48ad7ff7f71f98ef48,nominal_failure_probability,comparator_wait_characteristic_units,0.98,0.011603888099730056,,,:,None,linear,linear
fig7_wait_failures,1,edit_lines=16,First-order theory: repair start,50,8c43ef60ff809e72,,{},,086034341ac0f852c2a6fcb69ec68e2113652b7c74c62a48ad7ff7f71f98ef48,nominal_failure_probability,comparator_wait_characteristic_units,1.0,0.011603888099730056,,,:,None,linear,linear
fig7_wait_failures,1,edit_lines=16,First-order theory: repair start,51,8c43ef60ff809e72,,{},,086034341ac0f852c2a6fcb69ec68e2113652b7c74c62a48ad7ff7f71f98ef48,nominal_failure_probability,comparator_wait_characteristic_units,1.02,0.011603888099730056,,,:,None,linear,linear
fig7_wait_failures,1,edit_lines=16,First-order theory: repair start,52,8c43ef60ff809e72,,{},,086034341ac0f852c2a6fcb69ec68e2113652b7c74c62a48ad7ff7f71f98ef48,nominal_failure_probability,comparator_wait_characteristic_units,1.04,0.011603888099730056,,,:,None,linear,linear
fig7_wait_failures,1,edit_lines=16,First-order theory: repair start,53,8c43ef60ff809e72,,{},,086034341ac0f852c2a6fcb69ec68e2113652b7c74c62a48ad7ff7f71f98ef48,nominal_failure_probability,comparator_wait_characteristic_units,1.06,0.011603888099730056,,,:,None,linear,linear
fig7_wait_failures,1,edit_lines=16,First-order theory: repair start,54,8c43ef60ff809e72,,{},,086034341ac0f852c2a6fcb69ec68e2113652b7c74c62a48ad7ff7f71f98ef48,nominal_failure_probability,comparator_wait_characteristic_units,1.08,0.011603888099730056,,,:,None,linear,linear
fig7_wait_failures,1,edit_lines=16,First-order theory: repair start,55,8c43ef60ff809e72,,{},,086034341ac0f852c2a6fcb69ec68e2113652b7c74c62a48ad7ff7f71f98ef48,nominal_failure_probability,comparator_wait_characteristic_units,1.1,0.011603888099730056,,,:,None,linear,linear
fig7_wait_failures,1,edit_lines=16,First-order theory: repair start,56,8c43ef60ff809e72,,{},,086034341ac0f852c2a6fcb69ec68e2113652b7c74c62a48ad7ff7f71f98ef48,nominal_failure_probability,comparator_wait_characteristic_units,1.12,0.011603888099730056,,,:,None,linear,linear
fig7_wait_failures,1,edit_lines=16,First-order theory: repair start,57,8c43ef60ff809e72,,{},,086034341ac0f852c2a6fcb69ec68e2113652b7c74c62a48ad7ff7f71f98ef48,nominal_failure_probability,comparator_wait_characteristic_units,1.1400000000000001,0.011603888099730056,,,:,None,linear,linear
fig7_wait_failures,1,edit_lines=16,First-order theory: repair start,58,8c43ef60ff809e72,,{},,086034341ac0f852c2a6fcb69ec68e2113652b7c74c62a48ad7ff7f71f98ef48,nominal_failure_probability,comparator_wait_characteristic_units,1.16,0.011603888099730056,,,:,None,linear,linear
fig7_wait_failures,1,edit_lines=16,First-order theory: repair start,59,8c43ef60ff809e72,,{},,086034341ac0f852c2a6fcb69ec68e2113652b7c74c62a48ad7ff7f71f98ef48,nominal_failure_probability,comparator_wait_characteristic_units,1.18,0.011603888099730056,,,:,None,linear,linear
fig7_wait_failures,1,edit_lines=16,First-order theory: repair start,60,8c43ef60ff809e72,,{},,086034341ac0f852c2a6fcb69ec68e2113652b7c74c62a48ad7ff7f71f98ef48,nominal_failure_probability,comparator_wait_characteristic_units,1.2,0.011603888099730056,,,:,None,linear,linear
fig7_wait_failures,1,edit_lines=16,First-order theory: repair start,61,8c43ef60ff809e72,,{},,086034341ac0f852c2a6fcb69ec68e2113652b7c74c62a48ad7ff7f71f98ef48,nominal_failure_probability,comparator_wait_characteristic_units,1.22,0.011603888099730056,,,:,None,linear,linear
fig7_wait_failures,1,edit_lines=16,First-order theory: repair start,62,8c43ef60ff809e72,,{},,086034341ac0f852c2a6fcb69ec68e2113652b7c74c62a48ad7ff7f71f98ef48,nominal_failure_probability,comparator_wait_characteristic_units,1.24,0.011603888099730056,,,:,None,linear,linear
fig7_wait_failures,1,edit_lines=16,First-order theory: repair start,63,8c43ef60ff809e72,,{},,086034341ac0f852c2a6fcb69ec68e2113652b7c74c62a48ad7ff7f71f98ef48,nominal_failure_probability,comparator_wait_characteristic_units,1.26,0.011603888099730056,,,:,None,linear,linear
fig7_wait_failures,1,edit_lines=16,First-order theory: repair start,64,8c43ef60ff809e72,,{},,086034341ac0f852c2a6fcb69ec68e2113652b7c74c62a48ad7ff7f71f98ef48,nominal_failure_probability,comparator_wait_characteristic_units,1.28,0.011603888099730056,,,:,None,linear,linear
fig7_wait_failures,1,edit_lines=16,First-order theory: repair start,65,8c43ef60ff809e72,,{},,086034341ac0f852c2a6fcb69ec68e2113652b7c74c62a48ad7ff7f71f98ef48,nominal_failure_probability,comparator_wait_characteristic_units,1.3,0.011603888099730056,,,:,None,linear,linear
fig7_wait_failures,1,edit_lines=16,First-order theory: repair start,66,8c43ef60ff809e72,,{},,086034341ac0f852c2a6fcb69ec68e2113652b7c74c62a48ad7ff7f71f98ef48,nominal_failure_probability,comparator_wait_characteristic_units,1.32,0.011603888099730056,,,:,None,linear,linear
fig7_wait_failures,1,edit_lines=16,First-order theory: repair start,67,8c43ef60ff809e72,,{},,086034341ac0f852c2a6fcb69ec68e2113652b7c74c62a48ad7ff7f71f98ef48,nominal_failure_probability,comparator_wait_characteristic_units,1.34,0.011603888099730056,,,:,None,linear,linear
fig7_wait_failures,1,edit_lines=16,First-order theory: repair start,68,8c43ef60ff809e72,,{},,086034341ac0f852c2a6fcb69ec68e2113652b7c74c62a48ad7ff7f71f98ef48,nominal_failure_probability,comparator_wait_characteristic_units,1.36,0.011603888099730056,,,:,None,linear,linear
fig7_wait_failures,1,edit_lines=16,First-order theory: repair start,69,8c43ef60ff809e72,,{},,086034341ac0f852c2a6fcb69ec68e2113652b7c74c62a48ad7ff7f71f98ef48,nominal_failure_probability,comparator_wait_characteristic_units,1.3800000000000001,0.011603888099730056,,,:,None,linear,linear
fig7_wait_failures,1,edit_lines=16,First-order theory: repair start,70,8c43ef60ff809e72,,{},,086034341ac0f852c2a6fcb69ec68e2113652b7c74c62a48ad7ff7f71f98ef48,nominal_failure_probability,comparator_wait_characteristic_units,1.4000000000000001,0.011603888099730056,,,:,None,linear,linear
fig7_wait_failures,1,edit_lines=16,First-order theory: repair start,71,8c43ef60ff809e72,,{},,086034341ac0f852c2a6fcb69ec68e2113652b7c74c62a48ad7ff7f71f98ef48,nominal_failure_probability,comparator_wait_characteristic_units,1.42,0.011603888099730056,,,:,None,linear,linear
fig7_wait_failures,1,edit_lines=16,First-order theory: repair start,72,8c43ef60ff809e72,,{},,086034341ac0f852c2a6fcb69ec68e2113652b7c74c62a48ad7ff7f71f98ef48,nominal_failure_probability,comparator_wait_characteristic_units,1.44,0.011603888099730056,,,:,None,linear,linear
fig7_wait_failures,1,edit_lines=16,First-order theory: repair start,73,8c43ef60ff809e72,,{},,086034341ac0f852c2a6fcb69ec68e2113652b7c74c62a48ad7ff7f71f98ef48,nominal_failure_probability,comparator_wait_characteristic_units,1.46,0.011603888099730056,,,:,None,linear,linear
fig7_wait_failures,1,edit_lines=16,First-order theory: repair start,74,8c43ef60ff809e72,,{},,086034341ac0f852c2a6fcb69ec68e2113652b7c74c62a48ad7ff7f71f98ef48,nominal_failure_probability,comparator_wait_characteristic_units,1.48,0.011603888099730056,,,:,None,linear,linear
fig7_wait_failures,1,edit_lines=16,First-order theory: repair start,75,8c43ef60ff809e72,,{},,086034341ac0f852c2a6fcb69ec68e2113652b7c74c62a48ad7ff7f71f98ef48,nominal_failure_probability,comparator_wait_characteristic_units,1.5,0.011603888099730056,,,:,None,linear,linear
fig7_wait_failures,1,edit_lines=16,First-order theory: repair start,76,8c43ef60ff809e72,,{},,086034341ac0f852c2a6fcb69ec68e2113652b7c74c62a48ad7ff7f71f98ef48,nominal_failure_probability,comparator_wait_characteristic_units,1.52,0.011603888099730056,,,:,None,linear,linear
fig7_wait_failures,1,edit_lines=16,First-order theory: repair start,77,8c43ef60ff809e72,,{},,086034341ac0f852c2a6fcb69ec68e2113652b7c74c62a48ad7ff7f71f98ef48,nominal_failure_probability,comparator_wait_characteristic_units,1.54,0.011603888099730056,,,:,None,linear,linear
fig7_wait_failures,1,edit_lines=16,First-order theory: repair start,78,8c43ef60ff809e72,,{},,086034341ac0f852c2a6fcb69ec68e2113652b7c74c62a48ad7ff7f71f98ef48,nominal_failure_probability,comparator_wait_characteristic_units,1.56,0.011603888099730056,,,:,None,linear,linear
fig7_wait_failures,1,edit_lines=16,First-order theory: repair start,79,8c43ef60ff809e72,,{},,086034341ac0f852c2a6fcb69ec68e2113652b7c74c62a48ad7ff7f71f98ef48,nominal_failure_probability,comparator_wait_characteristic_units,1.58,0.011603888099730056,,,:,None,linear,linear
fig7_wait_failures,1,edit_lines=16,First-order theory: repair start,80,8c43ef60ff809e72,,{},,086034341ac0f852c2a6fcb69ec68e2113652b7c74c62a48ad7ff7f71f98ef48,nominal_failure_probability,comparator_wait_characteristic_units,1.6,0.011603888099730056,,,:,None,linear,linear
fig7_wait_failures,1,edit_lines=16,First-order theory: repair start,81,8c43ef60ff809e72,,{},,086034341ac0f852c2a6fcb69ec68e2113652b7c74c62a48ad7ff7f71f98ef48,nominal_failure_probability,comparator_wait_characteristic_units,1.62,0.011603888099730056,,,:,None,linear,linear
fig7_wait_failures,1,edit_lines=16,First-order theory: repair start,82,8c43ef60ff809e72,,{},,086034341ac0f852c2a6fcb69ec68e2113652b7c74c62a48ad7ff7f71f98ef48,nominal_failure_probability,comparator_wait_characteristic_units,1.6400000000000001,0.011603888099730056,,,:,None,linear,linear
fig7_wait_failures,1,edit_lines=16,First-order theory: repair start,83,8c43ef60ff809e72,,{},,086034341ac0f852c2a6fcb69ec68e2113652b7c74c62a48ad7ff7f71f98ef48,nominal_failure_probability,comparator_wait_characteristic_units,1.6600000000000001,0.011603888099730056,,,:,None,linear,linear
fig7_wait_failures,1,edit_lines=16,First-order theory: repair start,84,8c43ef60ff809e72,,{},,086034341ac0f852c2a6fcb69ec68e2113652b7c74c62a48ad7ff7f71f98ef48,nominal_failure_probability,comparator_wait_characteristic_units,1.68,0.011603888099730056,,,:,None,linear,linear
fig7_wait_failures,1,edit_lines=16,First-order theory: repair start,85,8c43ef60ff809e72,,{},,086034341ac0f852c2a6fcb69ec68e2113652b7c74c62a48ad7ff7f71f98ef48,nominal_failure_probability,comparator_wait_characteristic_units,1.7,0.011603888099730056,,,:,None,linear,linear
fig7_wait_failures,1,edit_lines=16,First-order theory: repair start,86,8c43ef60ff809e72,,{},,086034341ac0f852c2a6fcb69ec68e2113652b7c74c62a48ad7ff7f71f98ef48,nominal_failure_probability,comparator_wait_characteristic_units,1.72,0.011603888099730056,,,:,None,linear,linear
fig7_wait_failures,1,edit_lines=16,First-order theory: repair start,87,8c43ef60ff809e72,,{},,086034341ac0f852c2a6fcb69ec68e2113652b7c74c62a48ad7ff7f71f98ef48,nominal_failure_probability,comparator_wait_characteristic_units,1.74,0.011603888099730056,,,:,None,linear,linear
fig7_wait_failures,1,edit_lines=16,First-order theory: repair start,88,8c43ef60ff809e72,,{},,086034341ac0f852c2a6fcb69ec68e2113652b7c74c62a48ad7ff7f71f98ef48,nominal_failure_probability,comparator_wait_characteristic_units,1.76,0.011603888099730056,,,:,None,linear,linear
fig7_wait_failures,1,edit_lines=16,First-order theory: repair start,89,8c43ef60ff809e72,,{},,086034341ac0f852c2a6fcb69ec68e2113652b7c74c62a48ad7ff7f71f98ef48,nominal_failure_probability,comparator_wait_characteristic_units,1.78,0.011603888099730056,,,:,None,linear,linear
fig7_wait_failures,1,edit_lines=16,First-order theory: repair start,90,8c43ef60ff809e72,,{},,086034341ac0f852c2a6fcb69ec68e2113652b7c74c62a48ad7ff7f71f98ef48,nominal_failure_probability,comparator_wait_characteristic_units,1.8,0.011603888099730056,,,:,None,linear,linear
fig7_wait_failures,1,edit_lines=16,First-order theory: repair start,91,8c43ef60ff809e72,,{},,086034341ac0f852c2a6fcb69ec68e2113652b7c74c62a48ad7ff7f71f98ef48,nominal_failure_probability,comparator_wait_characteristic_units,1.82,0.011603888099730056,,,:,None,linear,linear
fig7_wait_failures,1,edit_lines=16,First-order theory: repair start,92,8c43ef60ff809e72,,{},,086034341ac0f852c2a6fcb69ec68e2113652b7c74c62a48ad7ff7f71f98ef48,nominal_failure_probability,comparator_wait_characteristic_units,1.84,0.011603888099730056,,,:,None,linear,linear
fig7_wait_failures,1,edit_lines=16,First-order theory: repair start,93,8c43ef60ff809e72,,{},,086034341ac0f852c2a6fcb69ec68e2113652b7c74c62a48ad7ff7f71f98ef48,nominal_failure_probability,comparator_wait_characteristic_units,1.86,0.011603888099730056,,,:,None,linear,linear
fig7_wait_failures,1,edit_lines=16,First-order theory: repair start,94,8c43ef60ff809e72,,{},,086034341ac0f852c2a6fcb69ec68e2113652b7c74c62a48ad7ff7f71f98ef48,nominal_failure_probability,comparator_wait_characteristic_units,1.8800000000000001,0.011603888099730056,,,:,None,linear,linear
fig7_wait_failures,1,edit_lines=16,First-order theory: repair start,95,8c43ef60ff809e72,,{},,086034341ac0f852c2a6fcb69ec68e2113652b7c74c62a48ad7ff7f71f98ef48,nominal_failure_probability,comparator_wait_characteristic_units,1.9000000000000001,0.011603888099730056,,,:,None,linear,linear
fig7_wait_failures,1,edit_lines=16,First-order theory: repair start,96,8c43ef60ff809e72,,{},,086034341ac0f852c2a6fcb69ec68e2113652b7c74c62a48ad7ff7f71f98ef48,nominal_failure_probability,comparator_wait_characteristic_units,1.92,0.011603888099730056,,,:,None,linear,linear
fig7_wait_failures,1,edit_lines=16,First-order theory: repair start,97,8c43ef60ff809e72,,{},,086034341ac0f852c2a6fcb69ec68e2113652b7c74c62a48ad7ff7f71f98ef48,nominal_failure_probability,comparator_wait_characteristic_units,1.94,0.011603888099730056,,,:,None,linear,linear
fig7_wait_failures,1,edit_lines=16,First-order theory: repair start,98,8c43ef60ff809e72,,{},,086034341ac0f852c2a6fcb69ec68e2113652b7c74c62a48ad7ff7f71f98ef48,nominal_failure_probability,comparator_wait_characteristic_units,1.96,0.011603888099730056,,,:,None,linear,linear
fig7_wait_failures,1,edit_lines=16,First-order theory: repair start,99,8c43ef60ff809e72,,{},,086034341ac0f852c2a6fcb69ec68e2113652b7c74c62a48ad7ff7f71f98ef48,nominal_failure_probability,comparator_wait_characteristic_units,1.98,0.011603888099730056,,,:,None,linear,linear
fig7_wait_failures,1,edit_lines=16,First-order theory: repair start,100,8c43ef60ff809e72,,{},,086034341ac0f852c2a6fcb69ec68e2113652b7c74c62a48ad7ff7f71f98ef48,nominal_failure_probability,comparator_wait_characteristic_units,2.0,0.011603888099730056,,,:,None,linear,linear
fig7_wait_failures,1,edit_lines=16,First-order theory: repair start,101,8c43ef60ff809e72,,{},,086034341ac0f852c2a6fcb69ec68e2113652b7c74c62a48ad7ff7f71f98ef48,nominal_failure_probability,comparator_wait_characteristic_units,2.02,0.011603888099730056,,,:,None,linear,linear
fig7_wait_failures,1,edit_lines=16,First-order theory: repair start,102,8c43ef60ff809e72,,{},,086034341ac0f852c2a6fcb69ec68e2113652b7c74c62a48ad7ff7f71f98ef48,nominal_failure_probability,comparator_wait_characteristic_units,2.04,0.011603888099730056,,,:,None,linear,linear
fig7_wait_failures,1,edit_lines=16,First-order theory: repair start,103,8c43ef60ff809e72,,{},,086034341ac0f852c2a6fcb69ec68e2113652b7c74c62a48ad7ff7f71f98ef48,nominal_failure_probability,comparator_wait_characteristic_units,2.06,0.011603888099730056,,,:,None,linear,linear
fig7_wait_failures,1,edit_lines=16,First-order theory: repair start,104,8c43ef60ff809e72,,{},,086034341ac0f852c2a6fcb69ec68e2113652b7c74c62a48ad7ff7f71f98ef48,nominal_failure_probability,comparator_wait_characteristic_units,2.08,0.011603888099730056,,,:,None,linear,linear
fig7_wait_failures,1,edit_lines=16,First-order theory: repair start,105,8c43ef60ff809e72,,{},,086034341ac0f852c2a6fcb69ec68e2113652b7c74c62a48ad7ff7f71f98ef48,nominal_failure_probability,comparator_wait_characteristic_units,2.1,0.011603888099730056,,,:,None,linear,linear
fig7_wait_failures,1,edit_lines=16,First-order theory: repair start,106,8c43ef60ff809e72,,{},,086034341ac0f852c2a6fcb69ec68e2113652b7c74c62a48ad7ff7f71f98ef48,nominal_failure_probability,comparator_wait_characteristic_units,2.12,0.011603888099730056,,,:,None,linear,linear
fig7_wait_failures,1,edit_lines=16,First-order theory: repair start,107,8c43ef60ff809e72,,{},,086034341ac0f852c2a6fcb69ec68e2113652b7c74c62a48ad7ff7f71f98ef48,nominal_failure_probability,comparator_wait_characteristic_units,2.14,0.011603888099730056,,,:,None,linear,linear
fig7_wait_failures,1,edit_lines=16,First-order theory: repair start,108,8c43ef60ff809e72,,{},,086034341ac0f852c2a6fcb69ec68e2113652b7c74c62a48ad7ff7f71f98ef48,nominal_failure_probability,comparator_wait_characteristic_units,2.16,0.011603888099730056,,,:,None,linear,linear
fig7_wait_failures,1,edit_lines=16,First-order theory: repair start,109,8c43ef60ff809e72,,{},,086034341ac0f852c2a6fcb69ec68e2113652b7c74c62a48ad7ff7f71f98ef48,nominal_failure_probability,comparator_wait_characteristic_units,2.18,0.011603888099730056,,,:,None,linear,linear
fig7_wait_failures,1,edit_lines=16,First-order theory: repair start,110,8c43ef60ff809e72,,{},,086034341ac0f852c2a6fcb69ec68e2113652b7c74c62a48ad7ff7f71f98ef48,nominal_failure_probability,comparator_wait_characteristic_units,2.2,0.011603888099730056,,,:,None,linear,linear
fig7_wait_failures,1,edit_lines=16,First-order theory: repair start,111,8c43ef60ff809e72,,{},,086034341ac0f852c2a6fcb69ec68e2113652b7c74c62a48ad7ff7f71f98ef48,nominal_failure_probability,comparator_wait_characteristic_units,2.22,0.011603888099730056,,,:,None,linear,linear
fig7_wait_failures,1,edit_lines=16,First-order theory: repair start,112,8c43ef60ff809e72,,{},,086034341ac0f852c2a6fcb69ec68e2113652b7c74c62a48ad7ff7f71f98ef48,nominal_failure_probability,comparator_wait_characteristic_units,2.24,0.011603888099730056,,,:,None,linear,linear
fig7_wait_failures,1,edit_lines=16,First-order theory: repair start,113,8c43ef60ff809e72,,{},,086034341ac0f852c2a6fcb69ec68e2113652b7c74c62a48ad7ff7f71f98ef48,nominal_failure_probability,comparator_wait_characteristic_units,2.2600000000000002,0.011603888099730056,,,:,None,linear,linear
fig7_wait_failures,1,edit_lines=16,First-order theory: repair start,114,8c43ef60ff809e72,,{},,086034341ac0f852c2a6fcb69ec68e2113652b7c74c62a48ad7ff7f71f98ef48,nominal_failure_probability,comparator_wait_characteristic_units,2.2800000000000002,0.011603888099730056,,,:,None,linear,linear
fig7_wait_failures,1,edit_lines=16,First-order theory: repair start,115,8c43ef60ff809e72,,{},,086034341ac0f852c2a6fcb69ec68e2113652b7c74c62a48ad7ff7f71f98ef48,nominal_failure_probability,comparator_wait_characteristic_units,2.3000000000000003,0.011603888099730056,,,:,None,linear,linear
fig7_wait_failures,1,edit_lines=16,First-order theory: repair start,116,8c43ef60ff809e72,,{},,086034341ac0f852c2a6fcb69ec68e2113652b7c74c62a48ad7ff7f71f98ef48,nominal_failure_probability,comparator_wait_characteristic_units,2.32,0.011603888099730056,,,:,None,linear,linear
fig7_wait_failures,1,edit_lines=16,First-order theory: repair start,117,8c43ef60ff809e72,,{},,086034341ac0f852c2a6fcb69ec68e2113652b7c74c62a48ad7ff7f71f98ef48,nominal_failure_probability,comparator_wait_characteristic_units,2.34,0.011603888099730056,,,:,None,linear,linear
fig7_wait_failures,1,edit_lines=16,First-order theory: repair start,118,8c43ef60ff809e72,,{},,086034341ac0f852c2a6fcb69ec68e2113652b7c74c62a48ad7ff7f71f98ef48,nominal_failure_probability,comparator_wait_characteristic_units,2.36,0.011603888099730056,,,:,None,linear,linear
fig7_wait_failures,1,edit_lines=16,First-order theory: repair start,119,8c43ef60ff809e72,,{},,086034341ac0f852c2a6fcb69ec68e2113652b7c74c62a48ad7ff7f71f98ef48,nominal_failure_probability,comparator_wait_characteristic_units,2.38,0.011603888099730056,,,:,None,linear,linear
fig7_wait_failures,1,edit_lines=16,First-order theory: repair start,120,8c43ef60ff809e72,,{},,086034341ac0f852c2a6fcb69ec68e2113652b7c74c62a48ad7ff7f71f98ef48,nominal_failure_probability,comparator_wait_characteristic_units,2.4,0.011603888099730056,,,:,None,linear,linear
fig7_wait_failures,1,edit_lines=16,First-order theory: repair start,121,8c43ef60ff809e72,,{},,086034341ac0f852c2a6fcb69ec68e2113652b7c74c62a48ad7ff7f71f98ef48,nominal_failure_probability,comparator_wait_characteristic_units,2.42,0.011603888099730056,,,:,None,linear,linear
fig7_wait_failures,1,edit_lines=16,First-order theory: repair start,122,8c43ef60ff809e72,,{},,086034341ac0f852c2a6fcb69ec68e2113652b7c74c62a48ad7ff7f71f98ef48,nominal_failure_probability,comparator_wait_characteristic_units,2.44,0.011603888099730056,,,:,None,linear,linear
fig7_wait_failures,1,edit_lines=16,First-order theory: repair start,123,8c43ef60ff809e72,,{},,086034341ac0f852c2a6fcb69ec68e2113652b7c74c62a48ad7ff7f71f98ef48,nominal_failure_probability,comparator_wait_characteristic_units,2.46,0.011603888099730056,,,:,None,linear,linear
fig7_wait_failures,1,edit_lines=16,First-order theory: repair start,124,8c43ef60ff809e72,,{},,086034341ac0f852c2a6fcb69ec68e2113652b7c74c62a48ad7ff7f71f98ef48,nominal_failure_probability,comparator_wait_characteristic_units,2.48,0.011603888099730056,,,:,None,linear,linear
fig7_wait_failures,1,edit_lines=16,First-order theory: repair start,125,8c43ef60ff809e72,,{},,086034341ac0f852c2a6fcb69ec68e2113652b7c74c62a48ad7ff7f71f98ef48,nominal_failure_probability,comparator_wait_characteristic_units,2.5,0.011603888099730056,,,:,None,linear,linear
fig7_wait_failures,1,edit_lines=16,First-order theory: repair start,126,8c43ef60ff809e72,,{},,086034341ac0f852c2a6fcb69ec68e2113652b7c74c62a48ad7ff7f71f98ef48,nominal_failure_probability,comparator_wait_characteristic_units,2.52,0.011603888099730056,,,:,None,linear,linear
fig7_wait_failures,1,edit_lines=16,First-order theory: repair start,127,8c43ef60ff809e72,,{},,086034341ac0f852c2a6fcb69ec68e2113652b7c74c62a48ad7ff7f71f98ef48,nominal_failure_probability,comparator_wait_characteristic_units,2.54,0.011603888099730056,,,:,None,linear,linear
fig7_wait_failures,1,edit_lines=16,First-order theory: repair start,128,8c43ef60ff809e72,,{},,086034341ac0f852c2a6fcb69ec68e2113652b7c74c62a48ad7ff7f71f98ef48,nominal_failure_probability,comparator_wait_characteristic_units,2.56,0.011603888099730056,,,:,None,linear,linear
fig7_wait_failures,1,edit_lines=16,First-order theory: repair start,129,8c43ef60ff809e72,,{},,086034341ac0f852c2a6fcb69ec68e2113652b7c74c62a48ad7ff7f71f98ef48,nominal_failure_probability,comparator_wait_characteristic_units,2.58,0.011603888099730056,,,:,None,linear,linear
fig7_wait_failures,1,edit_lines=16,First-order theory: repair start,130,8c43ef60ff809e72,,{},,086034341ac0f852c2a6fcb69ec68e2113652b7c74c62a48ad7ff7f71f98ef48,nominal_failure_probability,comparator_wait_characteristic_units,2.6,0.011603888099730056,,,:,None,linear,linear
fig7_wait_failures,1,edit_lines=16,First-order theory: repair start,131,8c43ef60ff809e72,,{},,086034341ac0f852c2a6fcb69ec68e2113652b7c74c62a48ad7ff7f71f98ef48,nominal_failure_probability,comparator_wait_characteristic_units,2.62,0.011603888099730056,,,:,None,linear,linear
fig7_wait_failures,1,edit_lines=16,First-order theory: repair start,132,8c43ef60ff809e72,,{},,086034341ac0f852c2a6fcb69ec68e2113652b7c74c62a48ad7ff7f71f98ef48,nominal_failure_probability,comparator_wait_characteristic_units,2.64,0.011603888099730056,,,:,None,linear,linear
fig7_wait_failures,1,edit_lines=16,First-order theory: repair start,133,8c43ef60ff809e72,,{},,086034341ac0f852c2a6fcb69ec68e2113652b7c74c62a48ad7ff7f71f98ef48,nominal_failure_probability,comparator_wait_characteristic_units,2.66,0.011603888099730056,,,:,None,linear,linear
fig7_wait_failures,1,edit_lines=16,First-order theory: repair start,134,8c43ef60ff809e72,,{},,086034341ac0f852c2a6fcb69ec68e2113652b7c74c62a48ad7ff7f71f98ef48,nominal_failure_probability,comparator_wait_characteristic_units,2.68,0.011603888099730056,,,:,None,linear,linear
fig7_wait_failures,1,edit_lines=16,First-order theory: repair start,135,8c43ef60ff809e72,,{},,086034341ac0f852c2a6fcb69ec68e2113652b7c74c62a48ad7ff7f71f98ef48,nominal_failure_probability,comparator_wait_characteristic_units,2.7,0.011603888099730056,,,:,None,linear,linear
fig7_wait_failures,1,edit_lines=16,First-order theory: repair start,136,8c43ef60ff809e72,,{},,086034341ac0f852c2a6fcb69ec68e2113652b7c74c62a48ad7ff7f71f98ef48,nominal_failure_probability,comparator_wait_characteristic_units,2.72,0.011603888099730056,,,:,None,linear,linear
fig7_wait_failures,1,edit_lines=16,First-order theory: repair start,137,8c43ef60ff809e72,,{},,086034341ac0f852c2a6fcb69ec68e2113652b7c74c62a48ad7ff7f71f98ef48,nominal_failure_probability,comparator_wait_characteristic_units,2.74,0.011603888099730056,,,:,None,linear,linear
fig7_wait_failures,1,edit_lines=16,First-order theory: repair start,138,8c43ef60ff809e72,,{},,086034341ac0f852c2a6fcb69ec68e2113652b7c74c62a48ad7ff7f71f98ef48,nominal_failure_probability,comparator_wait_characteristic_units,2.7600000000000002,0.011603888099730056,,,:,None,linear,linear
fig7_wait_failures,1,edit_lines=16,First-order theory: repair start,139,8c43ef60ff809e72,,{},,086034341ac0f852c2a6fcb69ec68e2113652b7c74c62a48ad7ff7f71f98ef48,nominal_failure_probability,comparator_wait_characteristic_units,2.7800000000000002,0.011603888099730056,,,:,None,linear,linear
fig7_wait_failures,1,edit_lines=16,First-order theory: repair start,140,8c43ef60ff809e72,,{},,086034341ac0f852c2a6fcb69ec68e2113652b7c74c62a48ad7ff7f71f98ef48,nominal_failure_probability,comparator_wait_characteristic_units,2.8000000000000003,0.011603888099730056,,,:,None,linear,linear
fig7_wait_failures,1,edit_lines=16,First-order theory: repair start,141,8c43ef60ff809e72,,{},,086034341ac0f852c2a6fcb69ec68e2113652b7c74c62a48ad7ff7f71f98ef48,nominal_failure_probability,comparator_wait_characteristic_units,2.82,0.011603888099730056,,,:,None,linear,linear
fig7_wait_failures,1,edit_lines=16,First-order theory: repair start,142,8c43ef60ff809e72,,{},,086034341ac0f852c2a6fcb69ec68e2113652b7c74c62a48ad7ff7f71f98ef48,nominal_failure_probability,comparator_wait_characteristic_units,2.84,0.011603888099730056,,,:,None,linear,linear
fig7_wait_failures,1,edit_lines=16,First-order theory: repair start,143,8c43ef60ff809e72,,{},,086034341ac0f852c2a6fcb69ec68e2113652b7c74c62a48ad7ff7f71f98ef48,nominal_failure_probability,comparator_wait_characteristic_units,2.86,0.011603888099730056,,,:,None,linear,linear
fig7_wait_failures,1,edit_lines=16,First-order theory: repair start,144,8c43ef60ff809e72,,{},,086034341ac0f852c2a6fcb69ec68e2113652b7c74c62a48ad7ff7f71f98ef48,nominal_failure_probability,comparator_wait_characteristic_units,2.88,0.011603888099730056,,,:,None,linear,linear
fig7_wait_failures,1,edit_lines=16,First-order theory: repair start,145,8c43ef60ff809e72,,{},,086034341ac0f852c2a6fcb69ec68e2113652b7c74c62a48ad7ff7f71f98ef48,nominal_failure_probability,comparator_wait_characteristic_units,2.9,0.011603888099730056,,,:,None,linear,linear
fig7_wait_failures,1,edit_lines=16,First-order theory: repair start,146,8c43ef60ff809e72,,{},,086034341ac0f852c2a6fcb69ec68e2113652b7c74c62a48ad7ff7f71f98ef48,nominal_failure_probability,comparator_wait_characteristic_units,2.92,0.011603888099730056,,,:,None,linear,linear
fig7_wait_failures,1,edit_lines=16,First-order theory: repair start,147,8c43ef60ff809e72,,{},,086034341ac0f852c2a6fcb69ec68e2113652b7c74c62a48ad7ff7f71f98ef48,nominal_failure_probability,comparator_wait_characteristic_units,2.94,0.011603888099730056,,,:,None,linear,linear
fig7_wait_failures,1,edit_lines=16,First-order theory: repair start,148,8c43ef60ff809e72,,{},,086034341ac0f852c2a6fcb69ec68e2113652b7c74c62a48ad7ff7f71f98ef48,nominal_failure_probability,comparator_wait_characteristic_units,2.96,0.011603888099730056,,,:,None,linear,linear
fig7_wait_failures,1,edit_lines=16,First-order theory: repair start,149,8c43ef60ff809e72,,{},,086034341ac0f852c2a6fcb69ec68e2113652b7c74c62a48ad7ff7f71f98ef48,nominal_failure_probability,comparator_wait_characteristic_units,2.98,0.011603888099730056,,,:,None,linear,linear
fig7_wait_failures,1,edit_lines=16,First-order theory: repair start,150,8c43ef60ff809e72,,{},,086034341ac0f852c2a6fcb69ec68e2113652b7c74c62a48ad7ff7f71f98ef48,nominal_failure_probability,comparator_wait_characteristic_units,3.0,0.011603888099730056,,,:,None,linear,linear
fig7_wait_failures,1,edit_lines=16,First-order theory: repair start,151,8c43ef60ff809e72,,{},,086034341ac0f852c2a6fcb69ec68e2113652b7c74c62a48ad7ff7f71f98ef48,nominal_failure_probability,comparator_wait_characteristic_units,3.02,0.011603888099730056,,,:,None,linear,linear
fig7_wait_failures,1,edit_lines=16,First-order theory: repair start,152,8c43ef60ff809e72,,{},,086034341ac0f852c2a6fcb69ec68e2113652b7c74c62a48ad7ff7f71f98ef48,nominal_failure_probability,comparator_wait_characteristic_units,3.04,0.011603888099730056,,,:,None,linear,linear
fig7_wait_failures,1,edit_lines=16,First-order theory: repair start,153,8c43ef60ff809e72,,{},,086034341ac0f852c2a6fcb69ec68e2113652b7c74c62a48ad7ff7f71f98ef48,nominal_failure_probability,comparator_wait_characteristic_units,3.06,0.011603888099730056,,,:,None,linear,linear
fig7_wait_failures,1,edit_lines=16,First-order theory: repair start,154,8c43ef60ff809e72,,{},,086034341ac0f852c2a6fcb69ec68e2113652b7c74c62a48ad7ff7f71f98ef48,nominal_failure_probability,comparator_wait_characteristic_units,3.08,0.011603888099730056,,,:,None,linear,linear
fig7_wait_failures,1,edit_lines=16,First-order theory: repair start,155,8c43ef60ff809e72,,{},,086034341ac0f852c2a6fcb69ec68e2113652b7c74c62a48ad7ff7f71f98ef48,nominal_failure_probability,comparator_wait_characteristic_units,3.1,0.011603888099730056,,,:,None,linear,linear
fig7_wait_failures,1,edit_lines=16,First-order theory: repair start,156,8c43ef60ff809e72,,{},,086034341ac0f852c2a6fcb69ec68e2113652b7c74c62a48ad7ff7f71f98ef48,nominal_failure_probability,comparator_wait_characteristic_units,3.12,0.011603888099730056,,,:,None,linear,linear
fig7_wait_failures,1,edit_lines=16,First-order theory: repair start,157,8c43ef60ff809e72,,{},,086034341ac0f852c2a6fcb69ec68e2113652b7c74c62a48ad7ff7f71f98ef48,nominal_failure_probability,comparator_wait_characteristic_units,3.14,0.011603888099730056,,,:,None,linear,linear
fig7_wait_failures,1,edit_lines=16,First-order theory: repair start,158,8c43ef60ff809e72,,{},,086034341ac0f852c2a6fcb69ec68e2113652b7c74c62a48ad7ff7f71f98ef48,nominal_failure_probability,comparator_wait_characteristic_units,3.16,0.011603888099730056,,,:,None,linear,linear
fig7_wait_failures,1,edit_lines=16,First-order theory: repair start,159,8c43ef60ff809e72,,{},,086034341ac0f852c2a6fcb69ec68e2113652b7c74c62a48ad7ff7f71f98ef48,nominal_failure_probability,comparator_wait_characteristic_units,3.18,0.011603888099730056,,,:,None,linear,linear
fig7_wait_failures,1,edit_lines=16,First-order theory: repair start,160,8c43ef60ff809e72,,{},,086034341ac0f852c2a6fcb69ec68e2113652b7c74c62a48ad7ff7f71f98ef48,nominal_failure_probability,comparator_wait_characteristic_units,3.2,0.011603888099730056,,,:,None,linear,linear
fig7_wait_failures,1,edit_lines=16,First-order theory: repair start,161,8c43ef60ff809e72,,{},,086034341ac0f852c2a6fcb69ec68e2113652b7c74c62a48ad7ff7f71f98ef48,nominal_failure_probability,comparator_wait_characteristic_units,3.22,0.011603888099730056,,,:,None,linear,linear
fig7_wait_failures,1,edit_lines=16,First-order theory: repair start,162,8c43ef60ff809e72,,{},,086034341ac0f852c2a6fcb69ec68e2113652b7c74c62a48ad7ff7f71f98ef48,nominal_failure_probability,comparator_wait_characteristic_units,3.24,0.011603888099730056,,,:,None,linear,linear
fig7_wait_failures,1,edit_lines=16,First-order theory: repair start,163,8c43ef60ff809e72,,{},,086034341ac0f852c2a6fcb69ec68e2113652b7c74c62a48ad7ff7f71f98ef48,nominal_failure_probability,comparator_wait_characteristic_units,3.2600000000000002,0.011603888099730056,,,:,None,linear,linear
fig7_wait_failures,1,edit_lines=16,First-order theory: repair start,164,8c43ef60ff809e72,,{},,086034341ac0f852c2a6fcb69ec68e2113652b7c74c62a48ad7ff7f71f98ef48,nominal_failure_probability,comparator_wait_characteristic_units,3.2800000000000002,0.011603888099730056,,,:,None,linear,linear
fig7_wait_failures,1,edit_lines=16,First-order theory: repair start,165,8c43ef60ff809e72,,{},,086034341ac0f852c2a6fcb69ec68e2113652b7c74c62a48ad7ff7f71f98ef48,nominal_failure_probability,comparator_wait_characteristic_units,3.3000000000000003,0.011603888099730056,,,:,None,linear,linear
fig7_wait_failures,1,edit_lines=16,First-order theory: repair start,166,8c43ef60ff809e72,,{},,086034341ac0f852c2a6fcb69ec68e2113652b7c74c62a48ad7ff7f71f98ef48,nominal_failure_probability,comparator_wait_characteristic_units,3.3200000000000003,0.011603888099730056,,,:,None,linear,linear
fig7_wait_failures,1,edit_lines=16,First-order theory: repair start,167,8c43ef60ff809e72,,{},,086034341ac0f852c2a6fcb69ec68e2113652b7c74c62a48ad7ff7f71f98ef48,nominal_failure_probability,comparator_wait_characteristic_units,3.34,0.011603888099730056,,,:,None,linear,linear
fig7_wait_failures,1,edit_lines=16,First-order theory: repair start,168,8c43ef60ff809e72,,{},,086034341ac0f852c2a6fcb69ec68e2113652b7c74c62a48ad7ff7f71f98ef48,nominal_failure_probability,comparator_wait_characteristic_units,3.36,0.011603888099730056,,,:,None,linear,linear
fig7_wait_failures,1,edit_lines=16,First-order theory: repair start,169,8c43ef60ff809e72,,{},,086034341ac0f852c2a6fcb69ec68e2113652b7c74c62a48ad7ff7f71f98ef48,nominal_failure_probability,comparator_wait_characteristic_units,3.38,0.011603888099730056,,,:,None,linear,linear
fig7_wait_failures,1,edit_lines=16,First-order theory: repair start,170,8c43ef60ff809e72,,{},,086034341ac0f852c2a6fcb69ec68e2113652b7c74c62a48ad7ff7f71f98ef48,nominal_failure_probability,comparator_wait_characteristic_units,3.4,0.011603888099730056,,,:,None,linear,linear
fig7_wait_failures,1,edit_lines=16,First-order theory: repair start,171,8c43ef60ff809e72,,{},,086034341ac0f852c2a6fcb69ec68e2113652b7c74c62a48ad7ff7f71f98ef48,nominal_failure_probability,comparator_wait_characteristic_units,3.42,0.011603888099730056,,,:,None,linear,linear
fig7_wait_failures,1,edit_lines=16,First-order theory: repair start,172,8c43ef60ff809e72,,{},,086034341ac0f852c2a6fcb69ec68e2113652b7c74c62a48ad7ff7f71f98ef48,nominal_failure_probability,comparator_wait_characteristic_units,3.44,0.011603888099730056,,,:,None,linear,linear
fig7_wait_failures,1,edit_lines=16,First-order theory: repair start,173,8c43ef60ff809e72,,{},,086034341ac0f852c2a6fcb69ec68e2113652b7c74c62a48ad7ff7f71f98ef48,nominal_failure_probability,comparator_wait_characteristic_units,3.46,0.011603888099730056,,,:,None,linear,linear
fig7_wait_failures,1,edit_lines=16,First-order theory: repair start,174,8c43ef60ff809e72,,{},,086034341ac0f852c2a6fcb69ec68e2113652b7c74c62a48ad7ff7f71f98ef48,nominal_failure_probability,comparator_wait_characteristic_units,3.48,0.011603888099730056,,,:,None,linear,linear
fig7_wait_failures,1,edit_lines=16,First-order theory: repair start,175,8c43ef60ff809e72,,{},,086034341ac0f852c2a6fcb69ec68e2113652b7c74c62a48ad7ff7f71f98ef48,nominal_failure_probability,comparator_wait_characteristic_units,3.5,0.011603888099730056,,,:,None,linear,linear
fig7_wait_failures,1,edit_lines=16,First-order theory: repair start,176,8c43ef60ff809e72,,{},,086034341ac0f852c2a6fcb69ec68e2113652b7c74c62a48ad7ff7f71f98ef48,nominal_failure_probability,comparator_wait_characteristic_units,3.52,0.011603888099730056,,,:,None,linear,linear
fig7_wait_failures,1,edit_lines=16,First-order theory: repair start,177,8c43ef60ff809e72,,{},,086034341ac0f852c2a6fcb69ec68e2113652b7c74c62a48ad7ff7f71f98ef48,nominal_failure_probability,comparator_wait_characteristic_units,3.54,0.011603888099730056,,,:,None,linear,linear
fig7_wait_failures,1,edit_lines=16,First-order theory: repair start,178,8c43ef60ff809e72,,{},,086034341ac0f852c2a6fcb69ec68e2113652b7c74c62a48ad7ff7f71f98ef48,nominal_failure_probability,comparator_wait_characteristic_units,3.56,0.011603888099730056,,,:,None,linear,linear
fig7_wait_failures,1,edit_lines=16,First-order theory: repair start,179,8c43ef60ff809e72,,{},,086034341ac0f852c2a6fcb69ec68e2113652b7c74c62a48ad7ff7f71f98ef48,nominal_failure_probability,comparator_wait_characteristic_units,3.58,0.011603888099730056,,,:,None,linear,linear
fig7_wait_failures,1,edit_lines=16,First-order theory: repair start,180,8c43ef60ff809e72,,{},,086034341ac0f852c2a6fcb69ec68e2113652b7c74c62a48ad7ff7f71f98ef48,nominal_failure_probability,comparator_wait_characteristic_units,3.6,0.011603888099730056,,,:,None,linear,linear
fig7_wait_failures,1,edit_lines=16,First-order theory: repair start,181,8c43ef60ff809e72,,{},,086034341ac0f852c2a6fcb69ec68e2113652b7c74c62a48ad7ff7f71f98ef48,nominal_failure_probability,comparator_wait_characteristic_units,3.62,0.011603888099730056,,,:,None,linear,linear
fig7_wait_failures,1,edit_lines=16,First-order theory: repair start,182,8c43ef60ff809e72,,{},,086034341ac0f852c2a6fcb69ec68e2113652b7c74c62a48ad7ff7f71f98ef48,nominal_failure_probability,comparator_wait_characteristic_units,3.64,0.011603888099730056,,,:,None,linear,linear
fig7_wait_failures,1,edit_lines=16,First-order theory: repair start,183,8c43ef60ff809e72,,{},,086034341ac0f852c2a6fcb69ec68e2113652b7c74c62a48ad7ff7f71f98ef48,nominal_failure_probability,comparator_wait_characteristic_units,3.66,0.011603888099730056,,,:,None,linear,linear
fig7_wait_failures,1,edit_lines=16,First-order theory: repair start,184,8c43ef60ff809e72,,{},,086034341ac0f852c2a6fcb69ec68e2113652b7c74c62a48ad7ff7f71f98ef48,nominal_failure_probability,comparator_wait_characteristic_units,3.68,0.011603888099730056,,,:,None,linear,linear
fig7_wait_failures,1,edit_lines=16,First-order theory: repair start,185,8c43ef60ff809e72,,{},,086034341ac0f852c2a6fcb69ec68e2113652b7c74c62a48ad7ff7f71f98ef48,nominal_failure_probability,comparator_wait_characteristic_units,3.7,0.011603888099730056,,,:,None,linear,linear
fig7_wait_failures,1,edit_lines=16,First-order theory: repair start,186,8c43ef60ff809e72,,{},,086034341ac0f852c2a6fcb69ec68e2113652b7c74c62a48ad7ff7f71f98ef48,nominal_failure_probability,comparator_wait_characteristic_units,3.72,0.011603888099730056,,,:,None,linear,linear
fig7_wait_failures,1,edit_lines=16,First-order theory: repair start,187,8c43ef60ff809e72,,{},,086034341ac0f852c2a6fcb69ec68e2113652b7c74c62a48ad7ff7f71f98ef48,nominal_failure_probability,comparator_wait_characteristic_units,3.74,0.011603888099730056,,,:,None,linear,linear
fig7_wait_failures,1,edit_lines=16,First-order theory: repair start,188,8c43ef60ff809e72,,{},,086034341ac0f852c2a6fcb69ec68e2113652b7c74c62a48ad7ff7f71f98ef48,nominal_failure_probability,comparator_wait_characteristic_units,3.7600000000000002,0.011603888099730056,,,:,None,linear,linear
fig7_wait_failures,1,edit_lines=16,First-order theory: repair start,189,8c43ef60ff809e72,,{},,086034341ac0f852c2a6fcb69ec68e2113652b7c74c62a48ad7ff7f71f98ef48,nominal_failure_probability,comparator_wait_characteristic_units,3.7800000000000002,0.011603888099730056,,,:,None,linear,linear
fig7_wait_failures,1,edit_lines=16,First-order theory: repair start,190,8c43ef60ff809e72,,{},,086034341ac0f852c2a6fcb69ec68e2113652b7c74c62a48ad7ff7f71f98ef48,nominal_failure_probability,comparator_wait_characteristic_units,3.8000000000000003,0.011603888099730056,,,:,None,linear,linear
fig7_wait_failures,1,edit_lines=16,First-order theory: repair start,191,8c43ef60ff809e72,,{},,086034341ac0f852c2a6fcb69ec68e2113652b7c74c62a48ad7ff7f71f98ef48,nominal_failure_probability,comparator_wait_characteristic_units,3.8200000000000003,0.011603888099730056,,,:,None,linear,linear
fig7_wait_failures,1,edit_lines=16,First-order theory: repair start,192,8c43ef60ff809e72,,{},,086034341ac0f852c2a6fcb69ec68e2113652b7c74c62a48ad7ff7f71f98ef48,nominal_failure_probability,comparator_wait_characteristic_units,3.84,0.011603888099730056,,,:,None,linear,linear
fig7_wait_failures,1,edit_lines=16,First-order theory: repair start,193,8c43ef60ff809e72,,{},,086034341ac0f852c2a6fcb69ec68e2113652b7c74c62a48ad7ff7f71f98ef48,nominal_failure_probability,comparator_wait_characteristic_units,3.86,0.011603888099730056,,,:,None,linear,linear
fig7_wait_failures,1,edit_lines=16,First-order theory: repair start,194,8c43ef60ff809e72,,{},,086034341ac0f852c2a6fcb69ec68e2113652b7c74c62a48ad7ff7f71f98ef48,nominal_failure_probability,comparator_wait_characteristic_units,3.88,0.011603888099730056,,,:,None,linear,linear
fig7_wait_failures,1,edit_lines=16,First-order theory: repair start,195,8c43ef60ff809e72,,{},,086034341ac0f852c2a6fcb69ec68e2113652b7c74c62a48ad7ff7f71f98ef48,nominal_failure_probability,comparator_wait_characteristic_units,3.9,0.011603888099730056,,,:,None,linear,linear
fig7_wait_failures,1,edit_lines=16,First-order theory: repair start,196,8c43ef60ff809e72,,{},,086034341ac0f852c2a6fcb69ec68e2113652b7c74c62a48ad7ff7f71f98ef48,nominal_failure_probability,comparator_wait_characteristic_units,3.92,0.011603888099730056,,,:,None,linear,linear
fig7_wait_failures,1,edit_lines=16,First-order theory: repair start,197,8c43ef60ff809e72,,{},,086034341ac0f852c2a6fcb69ec68e2113652b7c74c62a48ad7ff7f71f98ef48,nominal_failure_probability,comparator_wait_characteristic_units,3.94,0.011603888099730056,,,:,None,linear,linear
fig7_wait_failures,1,edit_lines=16,First-order theory: repair start,198,8c43ef60ff809e72,,{},,086034341ac0f852c2a6fcb69ec68e2113652b7c74c62a48ad7ff7f71f98ef48,nominal_failure_probability,comparator_wait_characteristic_units,3.96,0.011603888099730056,,,:,None,linear,linear
fig7_wait_failures,1,edit_lines=16,First-order theory: repair start,199,8c43ef60ff809e72,,{},,086034341ac0f852c2a6fcb69ec68e2113652b7c74c62a48ad7ff7f71f98ef48,nominal_failure_probability,comparator_wait_characteristic_units,3.98,0.011603888099730056,,,:,None,linear,linear
fig7_wait_failures,1,edit_lines=16,First-order theory: repair start,200,8c43ef60ff809e72,,{},,086034341ac0f852c2a6fcb69ec68e2113652b7c74c62a48ad7ff7f71f98ef48,nominal_failure_probability,comparator_wait_characteristic_units,4.0,0.011603888099730056,,,:,None,linear,linear
fig7_wait_failures,2,edit_lines=64,Bartender (immediate dispatch; δ does not apply),0,0a5f08c55f41e3dc,failed_repair_completions|author_repair_completions,"{""author_repair_completions"":{""ci95_high"":""58.91980085542969"",""ci95_low"":""52.94686581123697"",""mean"":""55.93333333333333"",""n"":""30""},""failed_repair_completions"":{""ci95_high"":""0.0"",""ci95_low"":""0.0"",""mean"":""0"",""n"":""30""}}",5209b6b2f833ff958bc9320af9d577cef3453eb94ff185822028da80be7e5505,086034341ac0f852c2a6fcb69ec68e2113652b7c74c62a48ad7ff7f71f98ef48,zero_wait_reference:failed_over_completed,comparator_wait_characteristic_units,0.0,0.0,,,-,o,linear,linear
fig7_wait_failures,2,edit_lines=64,Bartender (immediate dispatch; δ does not apply),1,0a5f08c55f41e3dc,failed_repair_completions|author_repair_completions,"{""author_repair_completions"":{""ci95_high"":""58.91980085542969"",""ci95_low"":""52.94686581123697"",""mean"":""55.93333333333333"",""n"":""30""},""failed_repair_completions"":{""ci95_high"":""0.0"",""ci95_low"":""0.0"",""mean"":""0"",""n"":""30""}}",5209b6b2f833ff958bc9320af9d577cef3453eb94ff185822028da80be7e5505,086034341ac0f852c2a6fcb69ec68e2113652b7c74c62a48ad7ff7f71f98ef48,zero_wait_reference:failed_over_completed,comparator_wait_characteristic_units,4.0,0.0,,,-,o,linear,linear
fig7_wait_failures,2,edit_lines=64,Kick-back: base at dispatch,0,0a5f08c55f41e3dc,failed_repair_completions|author_repair_completions,"{""author_repair_completions"":{""ci95_high"":""58.91980085542969"",""ci95_low"":""52.94686581123697"",""mean"":""55.93333333333333"",""n"":""30""},""failed_repair_completions"":{""ci95_high"":""0.0"",""ci95_low"":""0.0"",""mean"":""0"",""n"":""30""}}",5209b6b2f833ff958bc9320af9d577cef3453eb94ff185822028da80be7e5505,086034341ac0f852c2a6fcb69ec68e2113652b7c74c62a48ad7ff7f71f98ef48,failed_over_completed,wait_in_characteristic_units,0.0,0.0,,,--,o,linear,linear
fig7_wait_failures,2,edit_lines=64,Kick-back: base at dispatch,1,5169b70191430273,failed_repair_completions|author_repair_completions,"{""author_repair_completions"":{""ci95_high"":""171.37997801475984"",""ci95_low"":""166.5533553185735"",""mean"":""168.96666666666667"",""n"":""30""},""failed_repair_completions"":{""ci95_high"":""23.150474347177383"",""ci95_low"":""19.116192319489283"",""mean"":""21.133333333333333"",""n"":""30""}}",5209b6b2f833ff958bc9320af9d577cef3453eb94ff185822028da80be7e5505,086034341ac0f852c2a6fcb69ec68e2113652b7c74c62a48ad7ff7f71f98ef48,failed_over_completed,wait_in_characteristic_units,0.25,0.12507397908857762,,,--,o,linear,linear
fig7_wait_failures,2,edit_lines=64,Kick-back: base at dispatch,2,4a94f3bf96ccc231,failed_repair_completions|author_repair_completions,"{""author_repair_completions"":{""ci95_high"":""94.02532489379922"",""ci95_low"":""92.84134177286745"",""mean"":""93.43333333333334"",""n"":""30""},""failed_repair_completions"":{""ci95_high"":""18.595304545761003"",""ci95_low"":""16.07136212090566"",""mean"":""17.333333333333332"",""n"":""30""}}",5209b6b2f833ff958bc9320af9d577cef3453eb94ff185822028da80be7e5505,086034341ac0f852c2a6fcb69ec68e2113652b7c74c62a48ad7ff7f71f98ef48,failed_over_completed,wait_in_characteristic_units,0.5,0.1855155190866928,,,--,o,linear,linear
fig7_wait_failures,2,edit_lines=64,Kick-back: base at dispatch,3,f4a4a5e023b3e44d,failed_repair_completions|author_repair_completions,"{""author_repair_completions"":{""ci95_high"":""49.023230663932225"",""ci95_low"":""48.64343600273445"",""mean"":""48.833333333333336"",""n"":""30""},""failed_repair_completions"":{""ci95_high"":""17.345787540492392"",""ci95_low"":""14.387545792840942"",""mean"":""15.866666666666667"",""n"":""30""}}",5209b6b2f833ff958bc9320af9d577cef3453eb94ff185822028da80be7e5505,086034341ac0f852c2a6fcb69ec68e2113652b7c74c62a48ad7ff7f71f98ef48,failed_over_completed,wait_in_characteristic_units,1.0,0.3249146757679181,,,--,o,linear,linear
fig7_wait_failures,2,edit_lines=64,Kick-back: base at dispatch,4,c1003e4f1a8f1834,failed_repair_completions|author_repair_completions,"{""author_repair_completions"":{""ci95_high"":""24.920605700227487"",""ci95_low"":""24.612727633105845"",""mean"":""24.766666666666666"",""n"":""30""},""failed_repair_completions"":{""ci95_high"":""12.99388695820229"",""ci95_low"":""10.60611304179771"",""mean"":""11.8"",""n"":""30""}}",5209b6b2f833ff958bc9320af9d577cef3453eb94ff185822028da80be7e5505,086034341ac0f852c2a6fcb69ec68e2113652b7c74c62a48ad7ff7f71f98ef48,failed_over_completed,wait_in_characteristic_units,2.0,0.4764468371467026,,,--,o,linear,linear
fig7_wait_failures,2,edit_lines=64,Kick-back: base at dispatch,5,e4b07b52afea2143,failed_repair_completions|author_repair_completions,"{""author_repair_completions"":{""ci95_high"":""12.157454955613874"",""ci95_low"":""11.975878377719459"",""mean"":""12.066666666666666"",""n"":""30""},""failed_repair_completions"":{""ci95_high"":""9.493123929473796"",""ci95_low"":""8.106876070526205"",""mean"":""8.8"",""n"":""30""}}",5209b6b2f833ff958bc9320af9d577cef3453eb94ff185822028da80be7e5505,086034341ac0f852c2a6fcb69ec68e2113652b7c74c62a48ad7ff7f71f98ef48,failed_over_completed,wait_in_characteristic_units,4.0,0.7292817679558011,,,--,o,linear,linear
fig7_wait_failures,2,edit_lines=64,First-order theory: dispatch,0,0a5f08c55f41e3dc,,{},,086034341ac0f852c2a6fcb69ec68e2113652b7c74c62a48ad7ff7f71f98ef48,nominal_failure_probability,comparator_wait_characteristic_units,0.0,0.050236707357164144,,,:,None,linear,linear
fig7_wait_failures,2,edit_lines=64,First-order theory: dispatch,1,0a5f08c55f41e3dc,,{},,086034341ac0f852c2a6fcb69ec68e2113652b7c74c62a48ad7ff7f71f98ef48,nominal_failure_probability,comparator_wait_characteristic_units,0.02,0.0690432805960367,,,:,None,linear,linear
fig7_wait_failures,2,edit_lines=64,First-order theory: dispatch,2,0a5f08c55f41e3dc,,{},,086034341ac0f852c2a6fcb69ec68e2113652b7c74c62a48ad7ff7f71f98ef48,nominal_failure_probability,comparator_wait_characteristic_units,0.04,0.08747745873422591,,,:,None,linear,linear
fig7_wait_failures,2,edit_lines=64,First-order theory: dispatch,3,0a5f08c55f41e3dc,,{},,086034341ac0f852c2a6fcb69ec68e2113652b7c74c62a48ad7ff7f71f98ef48,nominal_failure_probability,comparator_wait_characteristic_units,0.06,0.10554661568877938,,,:,None,linear,linear
fig7_wait_failures,2,edit_lines=64,First-order theory: dispatch,4,0a5f08c55f41e3dc,,{},,086034341ac0f852c2a6fcb69ec68e2113652b7c74c62a48ad7ff7f71f98ef48,nominal_failure_probability,comparator_wait_characteristic_units,0.08,0.12325797936340421,,,:,None,linear,linear
fig7_wait_failures,2,edit_lines=64,First-order theory: dispatch,5,0a5f08c55f41e3dc,,{},,086034341ac0f852c2a6fcb69ec68e2113652b7c74c62a48ad7ff7f71f98ef48,nominal_failure_probability,comparator_wait_characteristic_units,0.1,0.14061863453972492,,,:,None,linear,linear
fig7_wait_failures,2,edit_lines=64,First-order theory: dispatch,6,0a5f08c55f41e3dc,,{},,086034341ac0f852c2a6fcb69ec68e2113652b7c74c62a48ad7ff7f71f98ef48,nominal_failure_probability,comparator_wait_characteristic_units,0.12,0.15763552571129055,,,:,None,linear,linear
fig7_wait_failures,2,edit_lines=64,First-order theory: dispatch,7,0a5f08c55f41e3dc,,{},,086034341ac0f852c2a6fcb69ec68e2113652b7c74c62a48ad7ff7f71f98ef48,nominal_failure_probability,comparator_wait_characteristic_units,0.14,0.17431545986146463,,,:,None,linear,linear
fig7_wait_failures,2,edit_lines=64,First-order theory: dispatch,8,0a5f08c55f41e3dc,,{},,086034341ac0f852c2a6fcb69ec68e2113652b7c74c62a48ad7ff7f71f98ef48,nominal_failure_probability,comparator_wait_characteristic_units,0.16,0.19066510918630925,,,:,None,linear,linear
fig7_wait_failures,2,edit_lines=64,First-order theory: dispatch,9,0a5f08c55f41e3dc,,{},,086034341ac0f852c2a6fcb69ec68e2113652b7c74c62a48ad7ff7f71f98ef48,nominal_failure_probability,comparator_wait_characteristic_units,0.18,0.20669101376355267,,,:,None,linear,linear
fig7_wait_failures,2,edit_lines=64,First-order theory: dispatch,10,0a5f08c55f41e3dc,,{},,086034341ac0f852c2a6fcb69ec68e2113652b7c74c62a48ad7ff7f71f98ef48,nominal_failure_probability,comparator_wait_characteristic_units,0.2,0.22239958416870736,,,:,None,linear,linear
fig7_wait_failures,2,edit_lines=64,First-order theory: dispatch,11,0a5f08c55f41e3dc,,{},,086034341ac0f852c2a6fcb69ec68e2113652b7c74c62a48ad7ff7f71f98ef48,nominal_failure_probability,comparator_wait_characteristic_units,0.22,0.23779710403938567,,,:,None,linear,linear
fig7_wait_failures,2,edit_lines=64,First-order theory: dispatch,12,0a5f08c55f41e3dc,,{},,086034341ac0f852c2a6fcb69ec68e2113652b7c74c62a48ad7ff7f71f98ef48,nominal_failure_probability,comparator_wait_characteristic_units,0.24,0.252889732588839,,,:,None,linear,linear
fig7_wait_failures,2,edit_lines=64,First-order theory: dispatch,13,0a5f08c55f41e3dc,,{},,086034341ac0f852c2a6fcb69ec68e2113652b7c74c62a48ad7ff7f71f98ef48,nominal_failure_probability,comparator_wait_characteristic_units,0.26,0.2676835070697248,,,:,None,linear,linear
fig7_wait_failures,2,edit_lines=64,First-order theory: dispatch,14,0a5f08c55f41e3dc,,{},,086034341ac0f852c2a6fcb69ec68e2113652b7c74c62a48ad7ff7f71f98ef48,nominal_failure_probability,comparator_wait_characteristic_units,0.28,0.28218434518908847,,,:,None,linear,linear
fig7_wait_failures,2,edit_lines=64,First-order theory: dispatch,15,0a5f08c55f41e3dc,,{},,086034341ac0f852c2a6fcb69ec68e2113652b7c74c62a48ad7ff7f71f98ef48,nominal_failure_probability,comparator_wait_characteristic_units,0.3,0.2963980474755246,,,:,None,linear,linear
fig7_wait_failures,2,edit_lines=64,First-order theory: dispatch,16,0a5f08c55f41e3dc,,{},,086034341ac0f852c2a6fcb69ec68e2113652b7c74c62a48ad7ff7f71f98ef48,nominal_failure_probability,comparator_wait_characteristic_units,0.32,0.3103302995994666,,,:,None,linear,linear
fig7_wait_failures,2,edit_lines=64,First-order theory: dispatch,17,0a5f08c55f41e3dc,,{},,086034341ac0f852c2a6fcb69ec68e2113652b7c74c62a48ad7ff7f71f98ef48,nominal_failure_probability,comparator_wait_characteristic_units,0.34,0.3239866746475298,,,:,None,linear,linear
fig7_wait_failures,2,edit_lines=64,First-order theory: dispatch,18,0a5f08c55f41e3dc,,{},,086034341ac0f852c2a6fcb69ec68e2113652b7c74c62a48ad7ff7f71f98ef48,nominal_failure_probability,comparator_wait_characteristic_units,0.36,0.33737263535182077,,,:,None,linear,linear
fig7_wait_failures,2,edit_lines=64,First-order theory: dispatch,19,0a5f08c55f41e3dc,,{},,086034341ac0f852c2a6fcb69ec68e2113652b7c74c62a48ad7ff7f71f98ef48,nominal_failure_probability,comparator_wait_characteristic_units,0.38,0.35049353627510316,,,:,None,linear,linear
fig7_wait_failures,2,edit_lines=64,First-order theory: dispatch,20,0a5f08c55f41e3dc,,{},,086034341ac0f852c2a6fcb69ec68e2113652b7c74c62a48ad7ff7f71f98ef48,nominal_failure_probability,comparator_wait_characteristic_units,0.4,0.3633546259526939,,,:,None,linear,linear
fig7_wait_failures,2,edit_lines=64,First-order theory: dispatch,21,0a5f08c55f41e3dc,,{},,086034341ac0f852c2a6fcb69ec68e2113652b7c74c62a48ad7ff7f71f98ef48,nominal_failure_probability,comparator_wait_characteristic_units,0.42,0.3759610489919476,,,:,None,linear,linear
fig7_wait_failures,2,edit_lines=64,First-order theory: dispatch,22,0a5f08c55f41e3dc,,{},,086034341ac0f852c2a6fcb69ec68e2113652b7c74c62a48ad7ff7f71f98ef48,nominal_failure_probability,comparator_wait_characteristic_units,0.44,0.3883178481301678,,,:,None,linear,linear
fig7_wait_failures,2,edit_lines=64,First-order theory: dispatch,23,0a5f08c55f41e3dc,,{},,086034341ac0f852c2a6fcb69ec68e2113652b7c74c62a48ad7ff7f71f98ef48,nominal_failure_probability,comparator_wait_characteristic_units,0.46,0.4004299662517692,,,:,None,linear,linear
fig7_wait_failures,2,edit_lines=64,First-order theory: dispatch,24,0a5f08c55f41e3dc,,{},,086034341ac0f852c2a6fcb69ec68e2113652b7c74c62a48ad7ff7f71f98ef48,nominal_failure_probability,comparator_wait_characteristic_units,0.48,0.41230224836549767,,,:,None,linear,linear
fig7_wait_failures,2,edit_lines=64,First-order theory: dispatch,25,0a5f08c55f41e3dc,,{},,086034341ac0f852c2a6fcb69ec68e2113652b7c74c62a48ad7ff7f71f98ef48,nominal_failure_probability,comparator_wait_characteristic_units,0.5,0.42393944354249785,,,:,None,linear,linear
fig7_wait_failures,2,edit_lines=64,First-order theory: dispatch,26,0a5f08c55f41e3dc,,{},,086034341ac0f852c2a6fcb69ec68e2113652b7c74c62a48ad7ff7f71f98ef48,nominal_failure_probability,comparator_wait_characteristic_units,0.52,0.4353462068160052,,,:,None,linear,linear
fig7_wait_failures,2,edit_lines=64,First-order theory: dispatch,27,0a5f08c55f41e3dc,,{},,086034341ac0f852c2a6fcb69ec68e2113652b7c74c62a48ad7ff7f71f98ef48,nominal_failure_probability,comparator_wait_characteristic_units,0.54,0.4465271010434213,,,:,None,linear,linear
fig7_wait_failures,2,edit_lines=64,First-order theory: dispatch,28,0a5f08c55f41e3dc,,{},,086034341ac0f852c2a6fcb69ec68e2113652b7c74c62a48ad7ff7f71f98ef48,nominal_failure_probability,comparator_wait_characteristic_units,0.56,0.45748659873151776,,,:,None,linear,linear
fig7_wait_failures,2,edit_lines=64,First-order theory: dispatch,29,0a5f08c55f41e3dc,,{},,086034341ac0f852c2a6fcb69ec68e2113652b7c74c62a48ad7ff7f71f98ef48,nominal_failure_probability,comparator_wait_characteristic_units,0.58,0.46822908382549827,,,:,None,linear,linear
fig7_wait_failures,2,edit_lines=64,First-order theory: dispatch,30,0a5f08c55f41e3dc,,{},,086034341ac0f852c2a6fcb69ec68e2113652b7c74c62a48ad7ff7f71f98ef48,nominal_failure_probability,comparator_wait_characteristic_units,0.6,0.47875885346263564,,,:,None,linear,linear
fig7_wait_failures,2,edit_lines=64,First-order theory: dispatch,31,0a5f08c55f41e3dc,,{},,086034341ac0f852c2a6fcb69ec68e2113652b7c74c62a48ad7ff7f71f98ef48,nominal_failure_probability,comparator_wait_characteristic_units,0.62,0.4890801196911834,,,:,None,linear,linear
fig7_wait_failures,2,edit_lines=64,First-order theory: dispatch,32,0a5f08c55f41e3dc,,{},,086034341ac0f852c2a6fcb69ec68e2113652b7c74c62a48ad7ff7f71f98ef48,nominal_failure_probability,comparator_wait_characteristic_units,0.64,0.4991970111552518,,,:,None,linear,linear
fig7_wait_failures,2,edit_lines=64,First-order theory: dispatch,33,0a5f08c55f41e3dc,,{},,086034341ac0f852c2a6fcb69ec68e2113652b7c74c62a48ad7ff7f71f98ef48,nominal_failure_probability,comparator_wait_characteristic_units,0.66,0.50911357474632,,,:,None,linear,linear
fig7_wait_failures,2,edit_lines=64,First-order theory: dispatch,34,0a5f08c55f41e3dc,,{},,086034341ac0f852c2a6fcb69ec68e2113652b7c74c62a48ad7ff7f71f98ef48,nominal_failure_probability,comparator_wait_characteristic_units,0.68,0.5188337772220472,,,:,None,linear,linear
fig7_wait_failures,2,edit_lines=64,First-order theory: dispatch,35,0a5f08c55f41e3dc,,{},,086034341ac0f852c2a6fcb69ec68e2113652b7c74c62a48ad7ff7f71f98ef48,nominal_failure_probability,comparator_wait_characteristic_units,0.7000000000000001,0.5283615067930281,,,:,None,linear,linear
fig7_wait_failures,2,edit_lines=64,First-order theory: dispatch,36,0a5f08c55f41e3dc,,{},,086034341ac0f852c2a6fcb69ec68e2113652b7c74c62a48ad7ff7f71f98ef48,nominal_failure_probability,comparator_wait_characteristic_units,0.72,0.5377005746781289,,,:,None,linear,linear
fig7_wait_failures,2,edit_lines=64,First-order theory: dispatch,37,0a5f08c55f41e3dc,,{},,086034341ac0f852c2a6fcb69ec68e2113652b7c74c62a48ad7ff7f71f98ef48,nominal_failure_probability,comparator_wait_characteristic_units,0.74,0.5468547166290265,,,:,None,linear,linear
fig7_wait_failures,2,edit_lines=64,First-order theory: dispatch,38,0a5f08c55f41e3dc,,{},,086034341ac0f852c2a6fcb69ec68e2113652b7c74c62a48ad7ff7f71f98ef48,nominal_failure_probability,comparator_wait_characteristic_units,0.76,0.5558275944245582,,,:,None,linear,linear
fig7_wait_failures,2,edit_lines=64,First-order theory: dispatch,39,0a5f08c55f41e3dc,,{},,086034341ac0f852c2a6fcb69ec68e2113652b7c74c62a48ad7ff7f71f98ef48,nominal_failure_probability,comparator_wait_characteristic_units,0.78,0.5646227973354818,,,:,None,linear,linear
fig7_wait_failures,2,edit_lines=64,First-order theory: dispatch,40,0a5f08c55f41e3dc,,{},,086034341ac0f852c2a6fcb69ec68e2113652b7c74c62a48ad7ff7f71f98ef48,nominal_failure_probability,comparator_wait_characteristic_units,0.8,0.5732438435602331,,,:,None,linear,linear
fig7_wait_failures,2,edit_lines=64,First-order theory: dispatch,41,0a5f08c55f41e3dc,,{},,086034341ac0f852c2a6fcb69ec68e2113652b7c74c62a48ad7ff7f71f98ef48,nominal_failure_probability,comparator_wait_characteristic_units,0.8200000000000001,0.5816941816322503,,,:,None,linear,linear
fig7_wait_failures,2,edit_lines=64,First-order theory: dispatch,42,0a5f08c55f41e3dc,,{},,086034341ac0f852c2a6fcb69ec68e2113652b7c74c62a48ad7ff7f71f98ef48,nominal_failure_probability,comparator_wait_characteristic_units,0.84,0.5899771917994351,,,:,None,linear,linear
fig7_wait_failures,2,edit_lines=64,First-order theory: dispatch,43,0a5f08c55f41e3dc,,{},,086034341ac0f852c2a6fcb69ec68e2113652b7c74c62a48ad7ff7f71f98ef48,nominal_failure_probability,comparator_wait_characteristic_units,0.86,0.5980961873762961,,,:,None,linear,linear
fig7_wait_failures,2,edit_lines=64,First-order theory: dispatch,44,0a5f08c55f41e3dc,,{},,086034341ac0f852c2a6fcb69ec68e2113652b7c74c62a48ad7ff7f71f98ef48,nominal_failure_probability,comparator_wait_characteristic_units,0.88,0.6060544160693188,,,:,None,linear,linear
fig7_wait_failures,2,edit_lines=64,First-order theory: dispatch,45,0a5f08c55f41e3dc,,{},,086034341ac0f852c2a6fcb69ec68e2113652b7c74c62a48ad7ff7f71f98ef48,nominal_failure_probability,comparator_wait_characteristic_units,0.9,0.6138550612760911,,,:,None,linear,linear
fig7_wait_failures,2,edit_lines=64,First-order theory: dispatch,46,0a5f08c55f41e3dc,,{},,086034341ac0f852c2a6fcb69ec68e2113652b7c74c62a48ad7ff7f71f98ef48,nominal_failure_probability,comparator_wait_characteristic_units,0.92,0.6215012433587063,,,:,None,linear,linear
fig7_wait_failures,2,edit_lines=64,First-order theory: dispatch,47,0a5f08c55f41e3dc,,{},,086034341ac0f852c2a6fcb69ec68e2113652b7c74c62a48ad7ff7f71f98ef48,nominal_failure_probability,comparator_wait_characteristic_units,0.9400000000000001,0.6289960208919474,,,:,None,linear,linear
fig7_wait_failures,2,edit_lines=64,First-order theory: dispatch,48,0a5f08c55f41e3dc,,{},,086034341ac0f852c2a6fcb69ec68e2113652b7c74c62a48ad7ff7f71f98ef48,nominal_failure_probability,comparator_wait_characteristic_units,0.96,0.6363423918867597,,,:,None,linear,linear
fig7_wait_failures,2,edit_lines=64,First-order theory: dispatch,49,0a5f08c55f41e3dc,,{},,086034341ac0f852c2a6fcb69ec68e2113652b7c74c62a48ad7ff7f71f98ef48,nominal_failure_probability,comparator_wait_characteristic_units,0.98,0.6435432949894939,,,:,None,linear,linear
fig7_wait_failures,2,edit_lines=64,First-order theory: dispatch,50,0a5f08c55f41e3dc,,{},,086034341ac0f852c2a6fcb69ec68e2113652b7c74c62a48ad7ff7f71f98ef48,nominal_failure_probability,comparator_wait_characteristic_units,1.0,0.6506016106574045,,,:,None,linear,linear
fig7_wait_failures,2,edit_lines=64,First-order theory: dispatch,51,0a5f08c55f41e3dc,,{},,086034341ac0f852c2a6fcb69ec68e2113652b7c74c62a48ad7ff7f71f98ef48,nominal_failure_probability,comparator_wait_characteristic_units,1.02,0.6575201623108707,,,:,None,linear,linear
fig7_wait_failures,2,edit_lines=64,First-order theory: dispatch,52,0a5f08c55f41e3dc,,{},,086034341ac0f852c2a6fcb69ec68e2113652b7c74c62a48ad7ff7f71f98ef48,nominal_failure_probability,comparator_wait_characteristic_units,1.04,0.6643017174628026,,,:,None,linear,linear
fig7_wait_failures,2,edit_lines=64,First-order theory: dispatch,53,0a5f08c55f41e3dc,,{},,086034341ac0f852c2a6fcb69ec68e2113652b7c74c62a48ad7ff7f71f98ef48,nominal_failure_probability,comparator_wait_characteristic_units,1.06,0.6709489888256828,,,:,None,linear,linear
fig7_wait_failures,2,edit_lines=64,First-order theory: dispatch,54,0a5f08c55f41e3dc,,{},,086034341ac0f852c2a6fcb69ec68e2113652b7c74c62a48ad7ff7f71f98ef48,nominal_failure_probability,comparator_wait_characteristic_units,1.08,0.677464635396688,,,:,None,linear,linear
fig7_wait_failures,2,edit_lines=64,First-order theory: dispatch,55,0a5f08c55f41e3dc,,{},,086034341ac0f852c2a6fcb69ec68e2113652b7c74c62a48ad7ff7f71f98ef48,nominal_failure_probability,comparator_wait_characteristic_units,1.1,0.683851263521323,,,:,None,linear,linear
fig7_wait_failures,2,edit_lines=64,First-order theory: dispatch,56,0a5f08c55f41e3dc,,{},,086034341ac0f852c2a6fcb69ec68e2113652b7c74c62a48ad7ff7f71f98ef48,nominal_failure_probability,comparator_wait_characteristic_units,1.12,0.6901114279359938,,,:,None,linear,linear
fig7_wait_failures,2,edit_lines=64,First-order theory: dispatch,57,0a5f08c55f41e3dc,,{},,086034341ac0f852c2a6fcb69ec68e2113652b7c74c62a48ad7ff7f71f98ef48,nominal_failure_probability,comparator_wait_characteristic_units,1.1400000000000001,0.6962476327899363,,,:,None,linear,linear
fig7_wait_failures,2,edit_lines=64,First-order theory: dispatch,58,0a5f08c55f41e3dc,,{},,086034341ac0f852c2a6fcb69ec68e2113652b7c74c62a48ad7ff7f71f98ef48,nominal_failure_probability,comparator_wait_characteristic_units,1.16,0.7022623326469091,,,:,None,linear,linear
fig7_wait_failures,2,edit_lines=64,First-order theory: dispatch,59,0a5f08c55f41e3dc,,{},,086034341ac0f852c2a6fcb69ec68e2113652b7c74c62a48ad7ff7f71f98ef48,nominal_failure_probability,comparator_wait_characteristic_units,1.18,0.7081579334670522,,,:,None,linear,linear
fig7_wait_failures,2,edit_lines=64,First-order theory: dispatch,60,0a5f08c55f41e3dc,,{},,086034341ac0f852c2a6fcb69ec68e2113652b7c74c62a48ad7ff7f71f98ef48,nominal_failure_probability,comparator_wait_characteristic_units,1.2,0.7139367935693028,,,:,None,linear,linear
fig7_wait_failures,2,edit_lines=64,First-order theory: dispatch,61,0a5f08c55f41e3dc,,{},,086034341ac0f852c2a6fcb69ec68e2113652b7c74c62a48ad7ff7f71f98ef48,nominal_failure_probability,comparator_wait_characteristic_units,1.22,0.7196012245747542,,,:,None,linear,linear
fig7_wait_failures,2,edit_lines=64,First-order theory: dispatch,62,0a5f08c55f41e3dc,,{},,086034341ac0f852c2a6fcb69ec68e2113652b7c74c62a48ad7ff7f71f98ef48,nominal_failure_probability,comparator_wait_characteristic_units,1.24,0.7251534923313352,,,:,None,linear,linear
fig7_wait_failures,2,edit_lines=64,First-order theory: dispatch,63,0a5f08c55f41e3dc,,{},,086034341ac0f852c2a6fcb69ec68e2113652b7c74c62a48ad7ff7f71f98ef48,nominal_failure_probability,comparator_wait_characteristic_units,1.26,0.7305958178201799,,,:,None,linear,linear
fig7_wait_failures,2,edit_lines=64,First-order theory: dispatch,64,0a5f08c55f41e3dc,,{},,086034341ac0f852c2a6fcb69ec68e2113652b7c74c62a48ad7ff7f71f98ef48,nominal_failure_probability,comparator_wait_characteristic_units,1.28,0.7359303780440489,,,:,None,linear,linear
fig7_wait_failures,2,edit_lines=64,First-order theory: dispatch,65,0a5f08c55f41e3dc,,{},,086034341ac0f852c2a6fcb69ec68e2113652b7c74c62a48ad7ff7f71f98ef48,nominal_failure_probability,comparator_wait_characteristic_units,1.3,0.7411593068981603,,,:,None,linear,linear
fig7_wait_failures,2,edit_lines=64,First-order theory: dispatch,66,0a5f08c55f41e3dc,,{},,086034341ac0f852c2a6fcb69ec68e2113652b7c74c62a48ad7ff7f71f98ef48,nominal_failure_probability,comparator_wait_characteristic_units,1.32,0.7462846960237757,,,:,None,linear,linear
fig7_wait_failures,2,edit_lines=64,First-order theory: dispatch,67,0a5f08c55f41e3dc,,{},,086034341ac0f852c2a6fcb69ec68e2113652b7c74c62a48ad7ff7f71f98ef48,nominal_failure_probability,comparator_wait_characteristic_units,1.34,0.7513085956448848,,,:,None,linear,linear
fig7_wait_failures,2,edit_lines=64,First-order theory: dispatch,68,0a5f08c55f41e3dc,,{},,086034341ac0f852c2a6fcb69ec68e2113652b7c74c62a48ad7ff7f71f98ef48,nominal_failure_probability,comparator_wait_characteristic_units,1.36,0.7562330153883223,,,:,None,linear,linear
fig7_wait_failures,2,edit_lines=64,First-order theory: dispatch,69,0a5f08c55f41e3dc,,{},,086034341ac0f852c2a6fcb69ec68e2113652b7c74c62a48ad7ff7f71f98ef48,nominal_failure_probability,comparator_wait_characteristic_units,1.3800000000000001,0.7610599250876453,,,:,None,linear,linear
fig7_wait_failures,2,edit_lines=64,First-order theory: dispatch,70,0a5f08c55f41e3dc,,{},,086034341ac0f852c2a6fcb69ec68e2113652b7c74c62a48ad7ff7f71f98ef48,nominal_failure_probability,comparator_wait_characteristic_units,1.4000000000000001,0.7657912555710932,,,:,None,linear,linear
fig7_wait_failures,2,edit_lines=64,First-order theory: dispatch,71,0a5f08c55f41e3dc,,{},,086034341ac0f852c2a6fcb69ec68e2113652b7c74c62a48ad7ff7f71f98ef48,nominal_failure_probability,comparator_wait_characteristic_units,1.42,0.7704288994339445,,,:,None,linear,linear
fig7_wait_failures,2,edit_lines=64,First-order theory: dispatch,72,0a5f08c55f41e3dc,,{},,086034341ac0f852c2a6fcb69ec68e2113652b7c74c62a48ad7ff7f71f98ef48,nominal_failure_probability,comparator_wait_characteristic_units,1.44,0.7749747117955808,,,:,None,linear,linear
fig7_wait_failures,2,edit_lines=64,First-order theory: dispatch,73,0a5f08c55f41e3dc,,{},,086034341ac0f852c2a6fcb69ec68e2113652b7c74c62a48ad7ff7f71f98ef48,nominal_failure_probability,comparator_wait_characteristic_units,1.46,0.779430511041558,,,:,None,linear,linear
fig7_wait_failures,2,edit_lines=64,First-order theory: dispatch,74,0a5f08c55f41e3dc,,{},,086034341ac0f852c2a6fcb69ec68e2113652b7c74c62a48ad7ff7f71f98ef48,nominal_failure_probability,comparator_wait_characteristic_units,1.48,0.7837980795509861,,,:,None,linear,linear
fig7_wait_failures,2,edit_lines=64,First-order theory: dispatch,75,0a5f08c55f41e3dc,,{},,086034341ac0f852c2a6fcb69ec68e2113652b7c74c62a48ad7ff7f71f98ef48,nominal_failure_probability,comparator_wait_characteristic_units,1.5,0.788079164409504,,,:,None,linear,linear
fig7_wait_failures,2,edit_lines=64,First-order theory: dispatch,76,0a5f08c55f41e3dc,,{},,086034341ac0f852c2a6fcb69ec68e2113652b7c74c62a48ad7ff7f71f98ef48,nominal_failure_probability,comparator_wait_characteristic_units,1.52,0.7922754781081368,,,:,None,linear,linear
fig7_wait_failures,2,edit_lines=64,First-order theory: dispatch,77,0a5f08c55f41e3dc,,{},,086034341ac0f852c2a6fcb69ec68e2113652b7c74c62a48ad7ff7f71f98ef48,nominal_failure_probability,comparator_wait_characteristic_units,1.54,0.7963886992283157,,,:,None,linear,linear
fig7_wait_failures,2,edit_lines=64,First-order theory: dispatch,78,0a5f08c55f41e3dc,,{},,086034341ac0f852c2a6fcb69ec68e2113652b7c74c62a48ad7ff7f71f98ef48,nominal_failure_probability,comparator_wait_characteristic_units,1.56,0.8004204731133323,,,:,None,linear,linear
fig7_wait_failures,2,edit_lines=64,First-order theory: dispatch,79,0a5f08c55f41e3dc,,{},,086034341ac0f852c2a6fcb69ec68e2113652b7c74c62a48ad7ff7f71f98ef48,nominal_failure_probability,comparator_wait_characteristic_units,1.58,0.8043724125264984,,,:,None,linear,linear
fig7_wait_failures,2,edit_lines=64,First-order theory: dispatch,80,0a5f08c55f41e3dc,,{},,086034341ac0f852c2a6fcb69ec68e2113652b7c74c62a48ad7ff7f71f98ef48,nominal_failure_probability,comparator_wait_characteristic_units,1.6,0.8082460982962725,,,:,None,linear,linear
fig7_wait_failures,2,edit_lines=64,First-order theory: dispatch,81,0a5f08c55f41e3dc,,{},,086034341ac0f852c2a6fcb69ec68e2113652b7c74c62a48ad7ff7f71f98ef48,nominal_failure_probability,comparator_wait_characteristic_units,1.62,0.8120430799486124,,,:,None,linear,linear
fig7_wait_failures,2,edit_lines=64,First-order theory: dispatch,82,0a5f08c55f41e3dc,,{},,086034341ac0f852c2a6fcb69ec68e2113652b7c74c62a48ad7ff7f71f98ef48,nominal_failure_probability,comparator_wait_characteristic_units,1.6400000000000001,0.8157648763268059,,,:,None,linear,linear
fig7_wait_failures,2,edit_lines=64,First-order theory: dispatch,83,0a5f08c55f41e3dc,,{},,086034341ac0f852c2a6fcb69ec68e2113652b7c74c62a48ad7ff7f71f98ef48,nominal_failure_probability,comparator_wait_characteristic_units,1.6600000000000001,0.8194129761990292,,,:,None,linear,linear
fig7_wait_failures,2,edit_lines=64,First-order theory: dispatch,84,0a5f08c55f41e3dc,,{},,086034341ac0f852c2a6fcb69ec68e2113652b7c74c62a48ad7ff7f71f98ef48,nominal_failure_probability,comparator_wait_characteristic_units,1.68,0.822988838853873,,,:,None,linear,linear
fig7_wait_failures,2,edit_lines=64,First-order theory: dispatch,85,0a5f08c55f41e3dc,,{},,086034341ac0f852c2a6fcb69ec68e2113652b7c74c62a48ad7ff7f71f98ef48,nominal_failure_probability,comparator_wait_characteristic_units,1.7,0.826493894684078,,,:,None,linear,linear
fig7_wait_failures,2,edit_lines=64,First-order theory: dispatch,86,0a5f08c55f41e3dc,,{},,086034341ac0f852c2a6fcb69ec68e2113652b7c74c62a48ad7ff7f71f98ef48,nominal_failure_probability,comparator_wait_characteristic_units,1.72,0.8299295457587111,,,:,None,linear,linear
fig7_wait_failures,2,edit_lines=64,First-order theory: dispatch,87,0a5f08c55f41e3dc,,{},,086034341ac0f852c2a6fcb69ec68e2113652b7c74c62a48ad7ff7f71f98ef48,nominal_failure_probability,comparator_wait_characteristic_units,1.74,0.8332971663840114,,,:,None,linear,linear
fig7_wait_failures,2,edit_lines=64,First-order theory: dispatch,88,0a5f08c55f41e3dc,,{},,086034341ac0f852c2a6fcb69ec68e2113652b7c74c62a48ad7ff7f71f98ef48,nominal_failure_probability,comparator_wait_characteristic_units,1.76,0.8365981036531313,,,:,None,linear,linear
fig7_wait_failures,2,edit_lines=64,First-order theory: dispatch,89,0a5f08c55f41e3dc,,{},,086034341ac0f852c2a6fcb69ec68e2113652b7c74c62a48ad7ff7f71f98ef48,nominal_failure_probability,comparator_wait_characteristic_units,1.78,0.8398336779849913,,,:,None,linear,linear
fig7_wait_failures,2,edit_lines=64,First-order theory: dispatch,90,0a5f08c55f41e3dc,,{},,086034341ac0f852c2a6fcb69ec68e2113652b7c74c62a48ad7ff7f71f98ef48,nominal_failure_probability,comparator_wait_characteristic_units,1.8,0.8430051836524659,,,:,None,linear,linear
fig7_wait_failures,2,edit_lines=64,First-order theory: dispatch,91,0a5f08c55f41e3dc,,{},,086034341ac0f852c2a6fcb69ec68e2113652b7c74c62a48ad7ff7f71f98ef48,nominal_failure_probability,comparator_wait_characteristic_units,1.82,0.8461138893001093,,,:,None,linear,linear
fig7_wait_failures,2,edit_lines=64,First-order theory: dispatch,92,0a5f08c55f41e3dc,,{},,086034341ac0f852c2a6fcb69ec68e2113652b7c74c62a48ad7ff7f71f98ef48,nominal_failure_probability,comparator_wait_characteristic_units,1.84,0.8491610384516307,,,:,None,linear,linear
fig7_wait_failures,2,edit_lines=64,First-order theory: dispatch,93,0a5f08c55f41e3dc,,{},,086034341ac0f852c2a6fcb69ec68e2113652b7c74c62a48ad7ff7f71f98ef48,nominal_failure_probability,comparator_wait_characteristic_units,1.86,0.8521478500073197,,,:,None,linear,linear
fig7_wait_failures,2,edit_lines=64,First-order theory: dispatch,94,0a5f08c55f41e3dc,,{},,086034341ac0f852c2a6fcb69ec68e2113652b7c74c62a48ad7ff7f71f98ef48,nominal_failure_probability,comparator_wait_characteristic_units,1.8800000000000001,0.8550755187316235,,,:,None,linear,linear
fig7_wait_failures,2,edit_lines=64,First-order theory: dispatch,95,0a5f08c55f41e3dc,,{},,086034341ac0f852c2a6fcb69ec68e2113652b7c74c62a48ad7ff7f71f98ef48,nominal_failure_probability,comparator_wait_characteristic_units,1.9000000000000001,0.8579452157310676,,,:,None,linear,linear
fig7_wait_failures,2,edit_lines=64,First-order theory: dispatch,96,0a5f08c55f41e3dc,,{},,086034341ac0f852c2a6fcb69ec68e2113652b7c74c62a48ad7ff7f71f98ef48,nominal_failure_probability,comparator_wait_characteristic_units,1.92,0.8607580889227151,,,:,None,linear,linear
fig7_wait_failures,2,edit_lines=64,First-order theory: dispatch,97,0a5f08c55f41e3dc,,{},,086034341ac0f852c2a6fcb69ec68e2113652b7c74c62a48ad7ff7f71f98ef48,nominal_failure_probability,comparator_wait_characteristic_units,1.94,0.8635152634933482,,,:,None,linear,linear
fig7_wait_failures,2,edit_lines=64,First-order theory: dispatch,98,0a5f08c55f41e3dc,,{},,086034341ac0f852c2a6fcb69ec68e2113652b7c74c62a48ad7ff7f71f98ef48,nominal_failure_probability,comparator_wait_characteristic_units,1.96,0.8662178423495578,,,:,None,linear,linear
fig7_wait_failures,2,edit_lines=64,First-order theory: dispatch,99,0a5f08c55f41e3dc,,{},,086034341ac0f852c2a6fcb69ec68e2113652b7c74c62a48ad7ff7f71f98ef48,nominal_failure_probability,comparator_wait_characteristic_units,1.98,0.8688669065589213,,,:,None,linear,linear
fig7_wait_failures,2,edit_lines=64,First-order theory: dispatch,100,0a5f08c55f41e3dc,,{},,086034341ac0f852c2a6fcb69ec68e2113652b7c74c62a48ad7ff7f71f98ef48,nominal_failure_probability,comparator_wait_characteristic_units,2.0,0.871463515782444,,,:,None,linear,linear
fig7_wait_failures,2,edit_lines=64,First-order theory: dispatch,101,0a5f08c55f41e3dc,,{},,086034341ac0f852c2a6fcb69ec68e2113652b7c74c62a48ad7ff7f71f98ef48,nominal_failure_probability,comparator_wait_characteristic_units,2.02,0.8740087086984368,,,:,None,linear,linear
fig7_wait_failures,2,edit_lines=64,First-order theory: dispatch,102,0a5f08c55f41e3dc,,{},,086034341ac0f852c2a6fcb69ec68e2113652b7c74c62a48ad7ff7f71f98ef48,nominal_failure_probability,comparator_wait_characteristic_units,2.04,0.8765035034180029,,,:,None,linear,linear
fig7_wait_failures,2,edit_lines=64,First-order theory: dispatch,103,0a5f08c55f41e3dc,,{},,086034341ac0f852c2a6fcb69ec68e2113652b7c74c62a48ad7ff7f71f98ef48,nominal_failure_probability,comparator_wait_characteristic_units,2.06,0.8789488978922941,,,:,None,linear,linear
fig7_wait_failures,2,edit_lines=64,First-order theory: dispatch,104,0a5f08c55f41e3dc,,{},,086034341ac0f852c2a6fcb69ec68e2113652b7c74c62a48ad7ff7f71f98ef48,nominal_failure_probability,comparator_wait_characteristic_units,2.08,0.8813458703117062,,,:,None,linear,linear
fig7_wait_failures,2,edit_lines=64,First-order theory: dispatch,105,0a5f08c55f41e3dc,,{},,086034341ac0f852c2a6fcb69ec68e2113652b7c74c62a48ad7ff7f71f98ef48,nominal_failure_probability,comparator_wait_characteristic_units,2.1,0.8836953794971667,,,:,None,linear,linear
fig7_wait_failures,2,edit_lines=64,First-order theory: dispatch,106,0a5f08c55f41e3dc,,{},,086034341ac0f852c2a6fcb69ec68e2113652b7c74c62a48ad7ff7f71f98ef48,nominal_failure_probability,comparator_wait_characteristic_units,2.12,0.8859983652836771,,,:,None,linear,linear
fig7_wait_failures,2,edit_lines=64,First-order theory: dispatch,107,0a5f08c55f41e3dc,,{},,086034341ac0f852c2a6fcb69ec68e2113652b7c74c62a48ad7ff7f71f98ef48,nominal_failure_probability,comparator_wait_characteristic_units,2.14,0.888255748896259,,,:,None,linear,linear
fig7_wait_failures,2,edit_lines=64,First-order theory: dispatch,108,0a5f08c55f41e3dc,,{},,086034341ac0f852c2a6fcb69ec68e2113652b7c74c62a48ad7ff7f71f98ef48,nominal_failure_probability,comparator_wait_characteristic_units,2.16,0.8904684333184562,,,:,None,linear,linear
fig7_wait_failures,2,edit_lines=64,First-order theory: dispatch,109,0a5f08c55f41e3dc,,{},,086034341ac0f852c2a6fcb69ec68e2113652b7c74c62a48ad7ff7f71f98ef48,nominal_failure_probability,comparator_wait_characteristic_units,2.18,0.8926373036535403,,,:,None,linear,linear
fig7_wait_failures,2,edit_lines=64,First-order theory: dispatch,110,0a5f08c55f41e3dc,,{},,086034341ac0f852c2a6fcb69ec68e2113652b7c74c62a48ad7ff7f71f98ef48,nominal_failure_probability,comparator_wait_characteristic_units,2.2,0.8947632274785642,,,:,None,linear,linear
fig7_wait_failures,2,edit_lines=64,First-order theory: dispatch,111,0a5f08c55f41e3dc,,{},,086034341ac0f852c2a6fcb69ec68e2113652b7c74c62a48ad7ff7f71f98ef48,nominal_failure_probability,comparator_wait_characteristic_units,2.22,0.8968470551914038,,,:,None,linear,linear
fig7_wait_failures,2,edit_lines=64,First-order theory: dispatch,112,0a5f08c55f41e3dc,,{},,086034341ac0f852c2a6fcb69ec68e2113652b7c74c62a48ad7ff7f71f98ef48,nominal_failure_probability,comparator_wait_characteristic_units,2.24,0.8988896203509291,,,:,None,linear,linear
fig7_wait_failures,2,edit_lines=64,First-order theory: dispatch,113,0a5f08c55f41e3dc,,{},,086034341ac0f852c2a6fcb69ec68e2113652b7c74c62a48ad7ff7f71f98ef48,nominal_failure_probability,comparator_wait_characteristic_units,2.2600000000000002,0.9008917400104384,,,:,None,linear,linear
fig7_wait_failures,2,edit_lines=64,First-order theory: dispatch,114,0a5f08c55f41e3dc,,{},,086034341ac0f852c2a6fcb69ec68e2113652b7c74c62a48ad7ff7f71f98ef48,nominal_failure_probability,comparator_wait_characteristic_units,2.2800000000000002,0.9028542150444907,,,:,None,linear,linear
fig7_wait_failures,2,edit_lines=64,First-order theory: dispatch,115,0a5f08c55f41e3dc,,{},,086034341ac0f852c2a6fcb69ec68e2113652b7c74c62a48ad7ff7f71f98ef48,nominal_failure_probability,comparator_wait_characteristic_units,2.3000000000000003,0.9047778304692664,,,:,None,linear,linear
fig7_wait_failures,2,edit_lines=64,First-order theory: dispatch,116,0a5f08c55f41e3dc,,{},,086034341ac0f852c2a6fcb69ec68e2113652b7c74c62a48ad7ff7f71f98ef48,nominal_failure_probability,comparator_wait_characteristic_units,2.32,0.906663355756584,,,:,None,linear,linear
fig7_wait_failures,2,edit_lines=64,First-order theory: dispatch,117,0a5f08c55f41e3dc,,{},,086034341ac0f852c2a6fcb69ec68e2113652b7c74c62a48ad7ff7f71f98ef48,nominal_failure_probability,comparator_wait_characteristic_units,2.34,0.908511545141699,,,:,None,linear,linear
fig7_wait_failures,2,edit_lines=64,First-order theory: dispatch,118,0a5f08c55f41e3dc,,{},,086034341ac0f852c2a6fcb69ec68e2113652b7c74c62a48ad7ff7f71f98ef48,nominal_failure_probability,comparator_wait_characteristic_units,2.36,0.9103231379250084,,,:,None,linear,linear
fig7_wait_failures,2,edit_lines=64,First-order theory: dispatch,119,0a5f08c55f41e3dc,,{},,086034341ac0f852c2a6fcb69ec68e2113652b7c74c62a48ad7ff7f71f98ef48,nominal_failure_probability,comparator_wait_characteristic_units,2.38,0.9120988587677804,,,:,None,linear,linear
fig7_wait_failures,2,edit_lines=64,First-order theory: dispatch,120,0a5f08c55f41e3dc,,{},,086034341ac0f852c2a6fcb69ec68e2113652b7c74c62a48ad7ff7f71f98ef48,nominal_failure_probability,comparator_wait_characteristic_units,2.4,0.9138394179820286,,,:,None,linear,linear
fig7_wait_failures,2,edit_lines=64,First-order theory: dispatch,121,0a5f08c55f41e3dc,,{},,086034341ac0f852c2a6fcb69ec68e2113652b7c74c62a48ad7ff7f71f98ef48,nominal_failure_probability,comparator_wait_characteristic_units,2.42,0.9155455118146465,,,:,None,linear,linear
fig7_wait_failures,2,edit_lines=64,First-order theory: dispatch,122,0a5f08c55f41e3dc,,{},,086034341ac0f852c2a6fcb69ec68e2113652b7c74c62a48ad7ff7f71f98ef48,nominal_failure_probability,comparator_wait_characteristic_units,2.44,0.9172178227259155,,,:,None,linear,linear
fig7_wait_failures,2,edit_lines=64,First-order theory: dispatch,123,0a5f08c55f41e3dc,,{},,086034341ac0f852c2a6fcb69ec68e2113652b7c74c62a48ad7ff7f71f98ef48,nominal_failure_probability,comparator_wait_characteristic_units,2.46,0.9188570196624978,,,:,None,linear,linear
fig7_wait_failures,2,edit_lines=64,First-order theory: dispatch,124,0a5f08c55f41e3dc,,{},,086034341ac0f852c2a6fcb69ec68e2113652b7c74c62a48ad7ff7f71f98ef48,nominal_failure_probability,comparator_wait_characteristic_units,2.48,0.9204637583250241,,,:,None,linear,linear
fig7_wait_failures,2,edit_lines=64,First-order theory: dispatch,125,0a5f08c55f41e3dc,,{},,086034341ac0f852c2a6fcb69ec68e2113652b7c74c62a48ad7ff7f71f98ef48,nominal_failure_probability,comparator_wait_characteristic_units,2.5,0.9220386814303833,,,:,None,linear,linear
fig7_wait_failures,2,edit_lines=64,First-order theory: dispatch,126,0a5f08c55f41e3dc,,{},,086034341ac0f852c2a6fcb69ec68e2113652b7c74c62a48ad7ff7f71f98ef48,nominal_failure_probability,comparator_wait_characteristic_units,2.52,0.9235824189688163,,,:,None,linear,linear
fig7_wait_failures,2,edit_lines=64,First-order theory: dispatch,127,0a5f08c55f41e3dc,,{},,086034341ac0f852c2a6fcb69ec68e2113652b7c74c62a48ad7ff7f71f98ef48,nominal_failure_probability,comparator_wait_characteristic_units,2.54,0.9250955884559223,,,:,None,linear,linear
fig7_wait_failures,2,edit_lines=64,First-order theory: dispatch,128,0a5f08c55f41e3dc,,{},,086034341ac0f852c2a6fcb69ec68e2113652b7c74c62a48ad7ff7f71f98ef48,nominal_failure_probability,comparator_wait_characteristic_units,2.56,0.9265787951796718,,,:,None,linear,linear
fig7_wait_failures,2,edit_lines=64,First-order theory: dispatch,129,0a5f08c55f41e3dc,,{},,086034341ac0f852c2a6fcb69ec68e2113652b7c74c62a48ad7ff7f71f98ef48,nominal_failure_probability,comparator_wait_characteristic_units,2.58,0.9280326324425308,,,:,None,linear,linear
fig7_wait_failures,2,edit_lines=64,First-order theory: dispatch,130,0a5f08c55f41e3dc,,{},,086034341ac0f852c2a6fcb69ec68e2113652b7c74c62a48ad7ff7f71f98ef48,nominal_failure_probability,comparator_wait_characteristic_units,2.6,0.9294576817987891,,,:,None,linear,linear
fig7_wait_failures,2,edit_lines=64,First-order theory: dispatch,131,0a5f08c55f41e3dc,,{},,086034341ac0f852c2a6fcb69ec68e2113652b7c74c62a48ad7ff7f71f98ef48,nominal_failure_probability,comparator_wait_characteristic_units,2.62,0.93085451328719,,,:,None,linear,linear
fig7_wait_failures,2,edit_lines=64,First-order theory: dispatch,132,0a5f08c55f41e3dc,,{},,086034341ac0f852c2a6fcb69ec68e2113652b7c74c62a48ad7ff7f71f98ef48,nominal_failure_probability,comparator_wait_characteristic_units,2.64,0.9322236856589539,,,:,None,linear,linear
fig7_wait_failures,2,edit_lines=64,First-order theory: dispatch,133,0a5f08c55f41e3dc,,{},,086034341ac0f852c2a6fcb69ec68e2113652b7c74c62a48ad7ff7f71f98ef48,nominal_failure_probability,comparator_wait_characteristic_units,2.66,0.9335657466012849,,,:,None,linear,linear
fig7_wait_failures,2,edit_lines=64,First-order theory: dispatch,134,0a5f08c55f41e3dc,,{},,086034341ac0f852c2a6fcb69ec68e2113652b7c74c62a48ad7ff7f71f98ef48,nominal_failure_probability,comparator_wait_characteristic_units,2.68,0.9348812329564546,,,:,None,linear,linear
fig7_wait_failures,2,edit_lines=64,First-order theory: dispatch,135,0a5f08c55f41e3dc,,{},,086034341ac0f852c2a6fcb69ec68e2113652b7c74c62a48ad7ff7f71f98ef48,nominal_failure_probability,comparator_wait_characteristic_units,2.7,0.9361706709365453,,,:,None,linear,linear
fig7_wait_failures,2,edit_lines=64,First-order theory: dispatch,136,0a5f08c55f41e3dc,,{},,086034341ac0f852c2a6fcb69ec68e2113652b7c74c62a48ad7ff7f71f98ef48,nominal_failure_probability,comparator_wait_characteristic_units,2.72,0.9374345763339413,,,:,None,linear,linear
fig7_wait_failures,2,edit_lines=64,First-order theory: dispatch,137,0a5f08c55f41e3dc,,{},,086034341ac0f852c2a6fcb69ec68e2113652b7c74c62a48ad7ff7f71f98ef48,nominal_failure_probability,comparator_wait_characteristic_units,2.74,0.9386734547276542,,,:,None,linear,linear
fig7_wait_failures,2,edit_lines=64,First-order theory: dispatch,138,0a5f08c55f41e3dc,,{},,086034341ac0f852c2a6fcb69ec68e2113652b7c74c62a48ad7ff7f71f98ef48,nominal_failure_probability,comparator_wait_characteristic_units,2.7600000000000002,0.93988780168556,,,:,None,linear,linear
fig7_wait_failures,2,edit_lines=64,First-order theory: dispatch,139,0a5f08c55f41e3dc,,{},,086034341ac0f852c2a6fcb69ec68e2113652b7c74c62a48ad7ff7f71f98ef48,nominal_failure_probability,comparator_wait_characteristic_units,2.7800000000000002,0.9410781029626333,,,:,None,linear,linear
fig7_wait_failures,2,edit_lines=64,First-order theory: dispatch,140,0a5f08c55f41e3dc,,{},,086034341ac0f852c2a6fcb69ec68e2113652b7c74c62a48ad7ff7f71f98ef48,nominal_failure_probability,comparator_wait_characteristic_units,2.8000000000000003,0.942244834695256,,,:,None,linear,linear
fig7_wait_failures,2,edit_lines=64,First-order theory: dispatch,141,0a5f08c55f41e3dc,,{},,086034341ac0f852c2a6fcb69ec68e2113652b7c74c62a48ad7ff7f71f98ef48,nominal_failure_probability,comparator_wait_characteristic_units,2.82,0.9433884635916775,,,:,None,linear,linear
fig7_wait_failures,2,edit_lines=64,First-order theory: dispatch,142,0a5f08c55f41e3dc,,{},,086034341ac0f852c2a6fcb69ec68e2113652b7c74c62a48ad7ff7f71f98ef48,nominal_failure_probability,comparator_wait_characteristic_units,2.84,0.9445094471187052,,,:,None,linear,linear
fig7_wait_failures,2,edit_lines=64,First-order theory: dispatch,143,0a5f08c55f41e3dc,,{},,086034341ac0f852c2a6fcb69ec68e2113652b7c74c62a48ad7ff7f71f98ef48,nominal_failure_probability,comparator_wait_characteristic_units,2.86,0.9456082336846965,,,:,None,linear,linear
fig7_wait_failures,2,edit_lines=64,First-order theory: dispatch,144,0a5f08c55f41e3dc,,{},,086034341ac0f852c2a6fcb69ec68e2113652b7c74c62a48ad7ff7f71f98ef48,nominal_failure_probability,comparator_wait_characteristic_units,2.88,0.9466852628189285,,,:,None,linear,linear
fig7_wait_failures,2,edit_lines=64,First-order theory: dispatch,145,0a5f08c55f41e3dc,,{},,086034341ac0f852c2a6fcb69ec68e2113652b7c74c62a48ad7ff7f71f98ef48,nominal_failure_probability,comparator_wait_characteristic_units,2.9,0.9477409653474154,,,:,None,linear,linear
fig7_wait_failures,2,edit_lines=64,First-order theory: dispatch,146,0a5f08c55f41e3dc,,{},,086034341ac0f852c2a6fcb69ec68e2113652b7c74c62a48ad7ff7f71f98ef48,nominal_failure_probability,comparator_wait_characteristic_units,2.92,0.9487757635652447,,,:,None,linear,linear
fig7_wait_failures,2,edit_lines=64,First-order theory: dispatch,147,0a5f08c55f41e3dc,,{},,086034341ac0f852c2a6fcb69ec68e2113652b7c74c62a48ad7ff7f71f98ef48,nominal_failure_probability,comparator_wait_characteristic_units,2.94,0.9497900714055013,,,:,None,linear,linear
fig7_wait_failures,2,edit_lines=64,First-order theory: dispatch,148,0a5f08c55f41e3dc,,{},,086034341ac0f852c2a6fcb69ec68e2113652b7c74c62a48ad7ff7f71f98ef48,nominal_failure_probability,comparator_wait_characteristic_units,2.96,0.9507842946048455,,,:,None,linear,linear
fig7_wait_failures,2,edit_lines=64,First-order theory: dispatch,149,0a5f08c55f41e3dc,,{},,086034341ac0f852c2a6fcb69ec68e2113652b7c74c62a48ad7ff7f71f98ef48,nominal_failure_probability,comparator_wait_characteristic_units,2.98,0.9517588308658135,,,:,None,linear,linear
fig7_wait_failures,2,edit_lines=64,First-order theory: dispatch,150,0a5f08c55f41e3dc,,{},,086034341ac0f852c2a6fcb69ec68e2113652b7c74c62a48ad7ff7f71f98ef48,nominal_failure_probability,comparator_wait_characteristic_units,3.0,0.9527140700159036,,,:,None,linear,linear
fig7_wait_failures,2,edit_lines=64,First-order theory: dispatch,151,0a5f08c55f41e3dc,,{},,086034341ac0f852c2a6fcb69ec68e2113652b7c74c62a48ad7ff7f71f98ef48,nominal_failure_probability,comparator_wait_characteristic_units,3.02,0.9536503941635125,,,:,None,linear,linear
fig7_wait_failures,2,edit_lines=64,First-order theory: dispatch,152,0a5f08c55f41e3dc,,{},,086034341ac0f852c2a6fcb69ec68e2113652b7c74c62a48ad7ff7f71f98ef48,nominal_failure_probability,comparator_wait_characteristic_units,3.04,0.954568177850784,,,:,None,linear,linear
fig7_wait_failures,2,edit_lines=64,First-order theory: dispatch,153,0a5f08c55f41e3dc,,{},,086034341ac0f852c2a6fcb69ec68e2113652b7c74c62a48ad7ff7f71f98ef48,nominal_failure_probability,comparator_wait_characteristic_units,3.06,0.9554677882034299,,,:,None,linear,linear
fig7_wait_failures,2,edit_lines=64,First-order theory: dispatch,154,0a5f08c55f41e3dc,,{},,086034341ac0f852c2a6fcb69ec68e2113652b7c74c62a48ad7ff7f71f98ef48,nominal_failure_probability,comparator_wait_characteristic_units,3.08,0.9563495850775866,,,:,None,linear,linear
fig7_wait_failures,2,edit_lines=64,First-order theory: dispatch,155,0a5f08c55f41e3dc,,{},,086034341ac0f852c2a6fcb69ec68e2113652b7c74c62a48ad7ff7f71f98ef48,nominal_failure_probability,comparator_wait_characteristic_units,3.1,0.957213921203761,,,:,None,linear,linear
fig7_wait_failures,2,edit_lines=64,First-order theory: dispatch,156,0a5f08c55f41e3dc,,{},,086034341ac0f852c2a6fcb69ec68e2113652b7c74c62a48ad7ff7f71f98ef48,nominal_failure_probability,comparator_wait_characteristic_units,3.12,0.9580611423279283,,,:,None,linear,linear
fig7_wait_failures,2,edit_lines=64,First-order theory: dispatch,157,0a5f08c55f41e3dc,,{},,086034341ac0f852c2a6fcb69ec68e2113652b7c74c62a48ad7ff7f71f98ef48,nominal_failure_probability,comparator_wait_characteristic_units,3.14,0.9588915873498345,,,:,None,linear,linear
fig7_wait_failures,2,edit_lines=64,First-order theory: dispatch,158,0a5f08c55f41e3dc,,{},,086034341ac0f852c2a6fcb69ec68e2113652b7c74c62a48ad7ff7f71f98ef48,nominal_failure_probability,comparator_wait_characteristic_units,3.16,0.9597055884585611,,,:,None,linear,linear
fig7_wait_failures,2,edit_lines=64,First-order theory: dispatch,159,0a5f08c55f41e3dc,,{},,086034341ac0f852c2a6fcb69ec68e2113652b7c74c62a48ad7ff7f71f98ef48,nominal_failure_probability,comparator_wait_characteristic_units,3.18,0.9605034712654051,,,:,None,linear,linear
fig7_wait_failures,2,edit_lines=64,First-order theory: dispatch,160,0a5f08c55f41e3dc,,{},,086034341ac0f852c2a6fcb69ec68e2113652b7c74c62a48ad7ff7f71f98ef48,nominal_failure_probability,comparator_wait_characteristic_units,3.2,0.961285554934128,,,:,None,linear,linear
fig7_wait_failures,2,edit_lines=64,First-order theory: dispatch,161,0a5f08c55f41e3dc,,{},,086034341ac0f852c2a6fcb69ec68e2113652b7c74c62a48ad7ff7f71f98ef48,nominal_failure_probability,comparator_wait_characteristic_units,3.22,0.9620521523086251,,,:,None,linear,linear
fig7_wait_failures,2,edit_lines=64,First-order theory: dispatch,162,0a5f08c55f41e3dc,,{},,086034341ac0f852c2a6fcb69ec68e2113652b7c74c62a48ad7ff7f71f98ef48,nominal_failure_probability,comparator_wait_characteristic_units,3.24,0.9628035700380674,,,:,None,linear,linear
fig7_wait_failures,2,edit_lines=64,First-order theory: dispatch,163,0a5f08c55f41e3dc,,{},,086034341ac0f852c2a6fcb69ec68e2113652b7c74c62a48ad7ff7f71f98ef48,nominal_failure_probability,comparator_wait_characteristic_units,3.2600000000000002,0.9635401086995661,,,:,None,linear,linear
fig7_wait_failures,2,edit_lines=64,First-order theory: dispatch,164,0a5f08c55f41e3dc,,{},,086034341ac0f852c2a6fcb69ec68e2113652b7c74c62a48ad7ff7f71f98ef48,nominal_failure_probability,comparator_wait_characteristic_units,3.2800000000000002,0.9642620629184061,,,:,None,linear,linear
fig7_wait_failures,2,edit_lines=64,First-order theory: dispatch,165,0a5f08c55f41e3dc,,{},,086034341ac0f852c2a6fcb69ec68e2113652b7c74c62a48ad7ff7f71f98ef48,nominal_failure_probability,comparator_wait_characteristic_units,3.3000000000000003,0.9649697214859014,,,:,None,linear,linear
fig7_wait_failures,2,edit_lines=64,First-order theory: dispatch,166,0a5f08c55f41e3dc,,{},,086034341ac0f852c2a6fcb69ec68e2113652b7c74c62a48ad7ff7f71f98ef48,nominal_failure_probability,comparator_wait_characteristic_units,3.3200000000000003,0.9656633674749144,,,:,None,linear,linear
fig7_wait_failures,2,edit_lines=64,First-order theory: dispatch,167,0a5f08c55f41e3dc,,{},,086034341ac0f852c2a6fcb69ec68e2113652b7c74c62a48ad7ff7f71f98ef48,nominal_failure_probability,comparator_wait_characteristic_units,3.34,0.9663432783530895,,,:,None,linear,linear
fig7_wait_failures,2,edit_lines=64,First-order theory: dispatch,168,0a5f08c55f41e3dc,,{},,086034341ac0f852c2a6fcb69ec68e2113652b7c74c62a48ad7ff7f71f98ef48,nominal_failure_probability,comparator_wait_characteristic_units,3.36,0.9670097260938436,,,:,None,linear,linear
fig7_wait_failures,2,edit_lines=64,First-order theory: dispatch,169,0a5f08c55f41e3dc,,{},,086034341ac0f852c2a6fcb69ec68e2113652b7c74c62a48ad7ff7f71f98ef48,nominal_failure_probability,comparator_wait_characteristic_units,3.38,0.967662977285159,,,:,None,linear,linear
fig7_wait_failures,2,edit_lines=64,First-order theory: dispatch,170,0a5f08c55f41e3dc,,{},,086034341ac0f852c2a6fcb69ec68e2113652b7c74c62a48ad7ff7f71f98ef48,nominal_failure_probability,comparator_wait_characteristic_units,3.4,0.9683032932362224,,,:,None,linear,linear
fig7_wait_failures,2,edit_lines=64,First-order theory: dispatch,171,0a5f08c55f41e3dc,,{},,086034341ac0f852c2a6fcb69ec68e2113652b7c74c62a48ad7ff7f71f98ef48,nominal_failure_probability,comparator_wait_characteristic_units,3.42,0.968930930081952,,,:,None,linear,linear
fig7_wait_failures,2,edit_lines=64,First-order theory: dispatch,172,0a5f08c55f41e3dc,,{},,086034341ac0f852c2a6fcb69ec68e2113652b7c74c62a48ad7ff7f71f98ef48,nominal_failure_probability,comparator_wait_characteristic_units,3.44,0.9695461388854545,,,:,None,linear,linear
fig7_wait_failures,2,edit_lines=64,First-order theory: dispatch,173,0a5f08c55f41e3dc,,{},,086034341ac0f852c2a6fcb69ec68e2113652b7c74c62a48ad7ff7f71f98ef48,nominal_failure_probability,comparator_wait_characteristic_units,3.46,0.9701491657384543,,,:,None,linear,linear
fig7_wait_failures,2,edit_lines=64,First-order theory: dispatch,174,0a5f08c55f41e3dc,,{},,086034341ac0f852c2a6fcb69ec68e2113652b7c74c62a48ad7ff7f71f98ef48,nominal_failure_probability,comparator_wait_characteristic_units,3.48,0.9707402518597331,,,:,None,linear,linear
fig7_wait_failures,2,edit_lines=64,First-order theory: dispatch,175,0a5f08c55f41e3dc,,{},,086034341ac0f852c2a6fcb69ec68e2113652b7c74c62a48ad7ff7f71f98ef48,nominal_failure_probability,comparator_wait_characteristic_units,3.5,0.9713196336916206,,,:,None,linear,linear
fig7_wait_failures,2,edit_lines=64,First-order theory: dispatch,176,0a5f08c55f41e3dc,,{},,086034341ac0f852c2a6fcb69ec68e2113652b7c74c62a48ad7ff7f71f98ef48,nominal_failure_probability,comparator_wait_characteristic_units,3.52,0.9718875429945747,,,:,None,linear,linear
fig7_wait_failures,2,edit_lines=64,First-order theory: dispatch,177,0a5f08c55f41e3dc,,{},,086034341ac0f852c2a6fcb69ec68e2113652b7c74c62a48ad7ff7f71f98ef48,nominal_failure_probability,comparator_wait_characteristic_units,3.54,0.972444206939889,,,:,None,linear,linear
fig7_wait_failures,2,edit_lines=64,First-order theory: dispatch,178,0a5f08c55f41e3dc,,{},,086034341ac0f852c2a6fcb69ec68e2113652b7c74c62a48ad7ff7f71f98ef48,nominal_failure_probability,comparator_wait_characteristic_units,3.56,0.9729898482005637,,,:,None,linear,linear
fig7_wait_failures,2,edit_lines=64,First-order theory: dispatch,179,0a5f08c55f41e3dc,,{},,086034341ac0f852c2a6fcb69ec68e2113652b7c74c62a48ad7ff7f71f98ef48,nominal_failure_probability,comparator_wait_characteristic_units,3.58,0.9735246850403785,,,:,None,linear,linear
fig7_wait_failures,2,edit_lines=64,First-order theory: dispatch,180,0a5f08c55f41e3dc,,{},,086034341ac0f852c2a6fcb69ec68e2113652b7c74c62a48ad7ff7f71f98ef48,nominal_failure_probability,comparator_wait_characteristic_units,3.6,0.9740489314012004,,,:,None,linear,linear
fig7_wait_failures,2,edit_lines=64,First-order theory: dispatch,181,0a5f08c55f41e3dc,,{},,086034341ac0f852c2a6fcb69ec68e2113652b7c74c62a48ad7ff7f71f98ef48,nominal_failure_probability,comparator_wait_characteristic_units,3.62,0.9745627969885641,,,:,None,linear,linear
fig7_wait_failures,2,edit_lines=64,First-order theory: dispatch,182,0a5f08c55f41e3dc,,{},,086034341ac0f852c2a6fcb69ec68e2113652b7c74c62a48ad7ff7f71f98ef48,nominal_failure_probability,comparator_wait_characteristic_units,3.64,0.9750664873555559,,,:,None,linear,linear
fig7_wait_failures,2,edit_lines=64,First-order theory: dispatch,183,0a5f08c55f41e3dc,,{},,086034341ac0f852c2a6fcb69ec68e2113652b7c74c62a48ad7ff7f71f98ef48,nominal_failure_probability,comparator_wait_characteristic_units,3.66,0.9755602039850387,,,:,None,linear,linear
fig7_wait_failures,2,edit_lines=64,First-order theory: dispatch,184,0a5f08c55f41e3dc,,{},,086034341ac0f852c2a6fcb69ec68e2113652b7c74c62a48ad7ff7f71f98ef48,nominal_failure_probability,comparator_wait_characteristic_units,3.68,0.9760441443702472,,,:,None,linear,linear
fig7_wait_failures,2,edit_lines=64,First-order theory: dispatch,185,0a5f08c55f41e3dc,,{},,086034341ac0f852c2a6fcb69ec68e2113652b7c74c62a48ad7ff7f71f98ef48,nominal_failure_probability,comparator_wait_characteristic_units,3.7,0.9765185020937881,,,:,None,linear,linear
fig7_wait_failures,2,edit_lines=64,First-order theory: dispatch,186,0a5f08c55f41e3dc,,{},,086034341ac0f852c2a6fcb69ec68e2113652b7c74c62a48ad7ff7f71f98ef48,nominal_failure_probability,comparator_wait_characteristic_units,3.72,0.9769834669050758,,,:,None,linear,linear
fig7_wait_failures,2,edit_lines=64,First-order theory: dispatch,187,0a5f08c55f41e3dc,,{},,086034341ac0f852c2a6fcb69ec68e2113652b7c74c62a48ad7ff7f71f98ef48,nominal_failure_probability,comparator_wait_characteristic_units,3.74,0.9774392247962342,,,:,None,linear,linear
fig7_wait_failures,2,edit_lines=64,First-order theory: dispatch,188,0a5f08c55f41e3dc,,{},,086034341ac0f852c2a6fcb69ec68e2113652b7c74c62a48ad7ff7f71f98ef48,nominal_failure_probability,comparator_wait_characteristic_units,3.7600000000000002,0.9778859580764969,,,:,None,linear,linear
fig7_wait_failures,2,edit_lines=64,First-order theory: dispatch,189,0a5f08c55f41e3dc,,{},,086034341ac0f852c2a6fcb69ec68e2113652b7c74c62a48ad7ff7f71f98ef48,nominal_failure_probability,comparator_wait_characteristic_units,3.7800000000000002,0.9783238454451323,,,:,None,linear,linear
fig7_wait_failures,2,edit_lines=64,First-order theory: dispatch,190,0a5f08c55f41e3dc,,{},,086034341ac0f852c2a6fcb69ec68e2113652b7c74c62a48ad7ff7f71f98ef48,nominal_failure_probability,comparator_wait_characteristic_units,3.8000000000000003,0.9787530620629264,,,:,None,linear,linear
fig7_wait_failures,2,edit_lines=64,First-order theory: dispatch,191,0a5f08c55f41e3dc,,{},,086034341ac0f852c2a6fcb69ec68e2113652b7c74c62a48ad7ff7f71f98ef48,nominal_failure_probability,comparator_wait_characteristic_units,3.8200000000000003,0.9791737796222496,,,:,None,linear,linear
fig7_wait_failures,2,edit_lines=64,First-order theory: dispatch,192,0a5f08c55f41e3dc,,{},,086034341ac0f852c2a6fcb69ec68e2113652b7c74c62a48ad7ff7f71f98ef48,nominal_failure_probability,comparator_wait_characteristic_units,3.84,0.9795861664157349,,,:,None,linear,linear
fig7_wait_failures,2,edit_lines=64,First-order theory: dispatch,193,0a5f08c55f41e3dc,,{},,086034341ac0f852c2a6fcb69ec68e2113652b7c74c62a48ad7ff7f71f98ef48,nominal_failure_probability,comparator_wait_characteristic_units,3.86,0.9799903874035985,,,:,None,linear,linear
fig7_wait_failures,2,edit_lines=64,First-order theory: dispatch,194,0a5f08c55f41e3dc,,{},,086034341ac0f852c2a6fcb69ec68e2113652b7c74c62a48ad7ff7f71f98ef48,nominal_failure_probability,comparator_wait_characteristic_units,3.88,0.9803866042796251,,,:,None,linear,linear
fig7_wait_failures,2,edit_lines=64,First-order theory: dispatch,195,0a5f08c55f41e3dc,,{},,086034341ac0f852c2a6fcb69ec68e2113652b7c74c62a48ad7ff7f71f98ef48,nominal_failure_probability,comparator_wait_characteristic_units,3.9,0.9807749755358481,,,:,None,linear,linear
fig7_wait_failures,2,edit_lines=64,First-order theory: dispatch,196,0a5f08c55f41e3dc,,{},,086034341ac0f852c2a6fcb69ec68e2113652b7c74c62a48ad7ff7f71f98ef48,nominal_failure_probability,comparator_wait_characteristic_units,3.92,0.9811556565259484,,,:,None,linear,linear
fig7_wait_failures,2,edit_lines=64,First-order theory: dispatch,197,0a5f08c55f41e3dc,,{},,086034341ac0f852c2a6fcb69ec68e2113652b7c74c62a48ad7ff7f71f98ef48,nominal_failure_probability,comparator_wait_characteristic_units,3.94,0.9815287995273978,,,:,None,linear,linear
fig7_wait_failures,2,edit_lines=64,First-order theory: dispatch,198,0a5f08c55f41e3dc,,{},,086034341ac0f852c2a6fcb69ec68e2113652b7c74c62a48ad7ff7f71f98ef48,nominal_failure_probability,comparator_wait_characteristic_units,3.96,0.9818945538023722,,,:,None,linear,linear
fig7_wait_failures,2,edit_lines=64,First-order theory: dispatch,199,0a5f08c55f41e3dc,,{},,086034341ac0f852c2a6fcb69ec68e2113652b7c74c62a48ad7ff7f71f98ef48,nominal_failure_probability,comparator_wait_characteristic_units,3.98,0.9822530656574584,,,:,None,linear,linear
fig7_wait_failures,2,edit_lines=64,First-order theory: dispatch,200,0a5f08c55f41e3dc,,{},,086034341ac0f852c2a6fcb69ec68e2113652b7c74c62a48ad7ff7f71f98ef48,nominal_failure_probability,comparator_wait_characteristic_units,4.0,0.9826044785021787,,,:,None,linear,linear
fig7_wait_failures,2,edit_lines=64,Kick-back: re-read at repair start,0,8c76adf39dfb1324,failed_repair_completions|author_repair_completions,"{""author_repair_completions"":{""ci95_high"":""58.91980085542969"",""ci95_low"":""52.94686581123697"",""mean"":""55.93333333333333"",""n"":""30""},""failed_repair_completions"":{""ci95_high"":""0.0"",""ci95_low"":""0.0"",""mean"":""0"",""n"":""30""}}",5209b6b2f833ff958bc9320af9d577cef3453eb94ff185822028da80be7e5505,086034341ac0f852c2a6fcb69ec68e2113652b7c74c62a48ad7ff7f71f98ef48,failed_over_completed,wait_in_characteristic_units,0.0,0.0,,,--,s,linear,linear
fig7_wait_failures,2,edit_lines=64,Kick-back: re-read at repair start,1,f76c05fdb93e3ded,failed_repair_completions|author_repair_completions,"{""author_repair_completions"":{""ci95_high"":""170.08923789063905"",""ci95_low"":""163.11076210936093"",""mean"":""166.6"",""n"":""30""},""failed_repair_completions"":{""ci95_high"":""4.738653167253382"",""ci95_low"":""3.1946801660799515"",""mean"":""3.966666666666667"",""n"":""30""}}",5209b6b2f833ff958bc9320af9d577cef3453eb94ff185822028da80be7e5505,086034341ac0f852c2a6fcb69ec68e2113652b7c74c62a48ad7ff7f71f98ef48,failed_over_completed,wait_in_characteristic_units,0.25,0.02380952380952381,,,--,s,linear,linear
fig7_wait_failures,2,edit_lines=64,Kick-back: re-read at repair start,2,72974c27a05194da,failed_repair_completions|author_repair_completions,"{""author_repair_completions"":{""ci95_high"":""94.02532489379922"",""ci95_low"":""92.84134177286745"",""mean"":""93.43333333333334"",""n"":""30""},""failed_repair_completions"":{""ci95_high"":""2.617715050547324"",""ci95_low"":""1.582284949452676"",""mean"":""2.1"",""n"":""30""}}",5209b6b2f833ff958bc9320af9d577cef3453eb94ff185822028da80be7e5505,086034341ac0f852c2a6fcb69ec68e2113652b7c74c62a48ad7ff7f71f98ef48,failed_over_completed,wait_in_characteristic_units,0.5,0.022475918658580094,,,--,s,linear,linear
fig7_wait_failures,2,edit_lines=64,Kick-back: re-read at repair start,3,e18fc695c3c57c56,failed_repair_completions|author_repair_completions,"{""author_repair_completions"":{""ci95_high"":""49.023230663932225"",""ci95_low"":""48.64343600273445"",""mean"":""48.833333333333336"",""n"":""30""},""failed_repair_completions"":{""ci95_high"":""1.28411667129506"",""ci95_low"":""0.5825499953716068"",""mean"":""0.9333333333333333"",""n"":""30""}}",5209b6b2f833ff958bc9320af9d577cef3453eb94ff185822028da80be7e5505,086034341ac0f852c2a6fcb69ec68e2113652b7c74c62a48ad7ff7f71f98ef48,failed_over_completed,wait_in_characteristic_units,1.0,0.01911262798634812,,,--,s,linear,linear
fig7_wait_failures,2,edit_lines=64,Kick-back: re-read at repair start,4,2a417fe1a5021765,failed_repair_completions|author_repair_completions,"{""author_repair_completions"":{""ci95_high"":""24.920605700227487"",""ci95_low"":""24.612727633105845"",""mean"":""24.766666666666666"",""n"":""30""},""failed_repair_completions"":{""ci95_high"":""0.5132627756882407"",""ci95_low"":""0.08673722431175926"",""mean"":""0.3"",""n"":""30""}}",5209b6b2f833ff958bc9320af9d577cef3453eb94ff185822028da80be7e5505,086034341ac0f852c2a6fcb69ec68e2113652b7c74c62a48ad7ff7f71f98ef48,failed_over_completed,wait_in_characteristic_units,2.0,0.012113055181695828,,,--,s,linear,linear
fig7_wait_failures,2,edit_lines=64,Kick-back: re-read at repair start,5,0bdc708316cf1285,failed_repair_completions|author_repair_completions,"{""author_repair_completions"":{""ci95_high"":""12.157454955613874"",""ci95_low"":""11.975878377719459"",""mean"":""12.066666666666666"",""n"":""30""},""failed_repair_completions"":{""ci95_high"":""0.373280982368449"",""ci95_low"":""0.026719017631551073"",""mean"":""0.2"",""n"":""30""}}",5209b6b2f833ff958bc9320af9d577cef3453eb94ff185822028da80be7e5505,086034341ac0f852c2a6fcb69ec68e2113652b7c74c62a48ad7ff7f71f98ef48,failed_over_completed,wait_in_characteristic_units,4.0,0.01657458563535912,,,--,s,linear,linear
fig7_wait_failures,2,edit_lines=64,First-order theory: repair start,0,8c76adf39dfb1324,,{},,086034341ac0f852c2a6fcb69ec68e2113652b7c74c62a48ad7ff7f71f98ef48,nominal_failure_probability,comparator_wait_characteristic_units,0.0,0.050236707357164144,,,:,None,linear,linear
fig7_wait_failures,2,edit_lines=64,First-order theory: repair start,1,8c76adf39dfb1324,,{},,086034341ac0f852c2a6fcb69ec68e2113652b7c74c62a48ad7ff7f71f98ef48,nominal_failure_probability,comparator_wait_characteristic_units,0.02,0.050236707357164144,,,:,None,linear,linear
fig7_wait_failures,2,edit_lines=64,First-order theory: repair start,2,8c76adf39dfb1324,,{},,086034341ac0f852c2a6fcb69ec68e2113652b7c74c62a48ad7ff7f71f98ef48,nominal_failure_probability,comparator_wait_characteristic_units,0.04,0.050236707357164144,,,:,None,linear,linear
fig7_wait_failures,2,edit_lines=64,First-order theory: repair start,3,8c76adf39dfb1324,,{},,086034341ac0f852c2a6fcb69ec68e2113652b7c74c62a48ad7ff7f71f98ef48,nominal_failure_probability,comparator_wait_characteristic_units,0.06,0.050236707357164144,,,:,None,linear,linear
fig7_wait_failures,2,edit_lines=64,First-order theory: repair start,4,8c76adf39dfb1324,,{},,086034341ac0f852c2a6fcb69ec68e2113652b7c74c62a48ad7ff7f71f98ef48,nominal_failure_probability,comparator_wait_characteristic_units,0.08,0.050236707357164144,,,:,None,linear,linear
fig7_wait_failures,2,edit_lines=64,First-order theory: repair start,5,8c76adf39dfb1324,,{},,086034341ac0f852c2a6fcb69ec68e2113652b7c74c62a48ad7ff7f71f98ef48,nominal_failure_probability,comparator_wait_characteristic_units,0.1,0.050236707357164144,,,:,None,linear,linear
fig7_wait_failures,2,edit_lines=64,First-order theory: repair start,6,8c76adf39dfb1324,,{},,086034341ac0f852c2a6fcb69ec68e2113652b7c74c62a48ad7ff7f71f98ef48,nominal_failure_probability,comparator_wait_characteristic_units,0.12,0.050236707357164144,,,:,None,linear,linear
fig7_wait_failures,2,edit_lines=64,First-order theory: repair start,7,8c76adf39dfb1324,,{},,086034341ac0f852c2a6fcb69ec68e2113652b7c74c62a48ad7ff7f71f98ef48,nominal_failure_probability,comparator_wait_characteristic_units,0.14,0.050236707357164144,,,:,None,linear,linear
fig7_wait_failures,2,edit_lines=64,First-order theory: repair start,8,8c76adf39dfb1324,,{},,086034341ac0f852c2a6fcb69ec68e2113652b7c74c62a48ad7ff7f71f98ef48,nominal_failure_probability,comparator_wait_characteristic_units,0.16,0.050236707357164144,,,:,None,linear,linear
fig7_wait_failures,2,edit_lines=64,First-order theory: repair start,9,8c76adf39dfb1324,,{},,086034341ac0f852c2a6fcb69ec68e2113652b7c74c62a48ad7ff7f71f98ef48,nominal_failure_probability,comparator_wait_characteristic_units,0.18,0.050236707357164144,,,:,None,linear,linear
fig7_wait_failures,2,edit_lines=64,First-order theory: repair start,10,8c76adf39dfb1324,,{},,086034341ac0f852c2a6fcb69ec68e2113652b7c74c62a48ad7ff7f71f98ef48,nominal_failure_probability,comparator_wait_characteristic_units,0.2,0.050236707357164144,,,:,None,linear,linear
fig7_wait_failures,2,edit_lines=64,First-order theory: repair start,11,8c76adf39dfb1324,,{},,086034341ac0f852c2a6fcb69ec68e2113652b7c74c62a48ad7ff7f71f98ef48,nominal_failure_probability,comparator_wait_characteristic_units,0.22,0.050236707357164144,,,:,None,linear,linear
fig7_wait_failures,2,edit_lines=64,First-order theory: repair start,12,8c76adf39dfb1324,,{},,086034341ac0f852c2a6fcb69ec68e2113652b7c74c62a48ad7ff7f71f98ef48,nominal_failure_probability,comparator_wait_characteristic_units,0.24,0.050236707357164144,,,:,None,linear,linear
fig7_wait_failures,2,edit_lines=64,First-order theory: repair start,13,8c76adf39dfb1324,,{},,086034341ac0f852c2a6fcb69ec68e2113652b7c74c62a48ad7ff7f71f98ef48,nominal_failure_probability,comparator_wait_characteristic_units,0.26,0.050236707357164144,,,:,None,linear,linear
fig7_wait_failures,2,edit_lines=64,First-order theory: repair start,14,8c76adf39dfb1324,,{},,086034341ac0f852c2a6fcb69ec68e2113652b7c74c62a48ad7ff7f71f98ef48,nominal_failure_probability,comparator_wait_characteristic_units,0.28,0.050236707357164144,,,:,None,linear,linear
fig7_wait_failures,2,edit_lines=64,First-order theory: repair start,15,8c76adf39dfb1324,,{},,086034341ac0f852c2a6fcb69ec68e2113652b7c74c62a48ad7ff7f71f98ef48,nominal_failure_probability,comparator_wait_characteristic_units,0.3,0.050236707357164144,,,:,None,linear,linear
fig7_wait_failures,2,edit_lines=64,First-order theory: repair start,16,8c76adf39dfb1324,,{},,086034341ac0f852c2a6fcb69ec68e2113652b7c74c62a48ad7ff7f71f98ef48,nominal_failure_probability,comparator_wait_characteristic_units,0.32,0.050236707357164144,,,:,None,linear,linear
fig7_wait_failures,2,edit_lines=64,First-order theory: repair start,17,8c76adf39dfb1324,,{},,086034341ac0f852c2a6fcb69ec68e2113652b7c74c62a48ad7ff7f71f98ef48,nominal_failure_probability,comparator_wait_characteristic_units,0.34,0.050236707357164144,,,:,None,linear,linear
fig7_wait_failures,2,edit_lines=64,First-order theory: repair start,18,8c76adf39dfb1324,,{},,086034341ac0f852c2a6fcb69ec68e2113652b7c74c62a48ad7ff7f71f98ef48,nominal_failure_probability,comparator_wait_characteristic_units,0.36,0.050236707357164144,,,:,None,linear,linear
fig7_wait_failures,2,edit_lines=64,First-order theory: repair start,19,8c76adf39dfb1324,,{},,086034341ac0f852c2a6fcb69ec68e2113652b7c74c62a48ad7ff7f71f98ef48,nominal_failure_probability,comparator_wait_characteristic_units,0.38,0.050236707357164144,,,:,None,linear,linear
fig7_wait_failures,2,edit_lines=64,First-order theory: repair start,20,8c76adf39dfb1324,,{},,086034341ac0f852c2a6fcb69ec68e2113652b7c74c62a48ad7ff7f71f98ef48,nominal_failure_probability,comparator_wait_characteristic_units,0.4,0.050236707357164144,,,:,None,linear,linear
fig7_wait_failures,2,edit_lines=64,First-order theory: repair start,21,8c76adf39dfb1324,,{},,086034341ac0f852c2a6fcb69ec68e2113652b7c74c62a48ad7ff7f71f98ef48,nominal_failure_probability,comparator_wait_characteristic_units,0.42,0.050236707357164144,,,:,None,linear,linear
fig7_wait_failures,2,edit_lines=64,First-order theory: repair start,22,8c76adf39dfb1324,,{},,086034341ac0f852c2a6fcb69ec68e2113652b7c74c62a48ad7ff7f71f98ef48,nominal_failure_probability,comparator_wait_characteristic_units,0.44,0.050236707357164144,,,:,None,linear,linear
fig7_wait_failures,2,edit_lines=64,First-order theory: repair start,23,8c76adf39dfb1324,,{},,086034341ac0f852c2a6fcb69ec68e2113652b7c74c62a48ad7ff7f71f98ef48,nominal_failure_probability,comparator_wait_characteristic_units,0.46,0.050236707357164144,,,:,None,linear,linear
fig7_wait_failures,2,edit_lines=64,First-order theory: repair start,24,8c76adf39dfb1324,,{},,086034341ac0f852c2a6fcb69ec68e2113652b7c74c62a48ad7ff7f71f98ef48,nominal_failure_probability,comparator_wait_characteristic_units,0.48,0.050236707357164144,,,:,None,linear,linear
fig7_wait_failures,2,edit_lines=64,First-order theory: repair start,25,8c76adf39dfb1324,,{},,086034341ac0f852c2a6fcb69ec68e2113652b7c74c62a48ad7ff7f71f98ef48,nominal_failure_probability,comparator_wait_characteristic_units,0.5,0.050236707357164144,,,:,None,linear,linear
fig7_wait_failures,2,edit_lines=64,First-order theory: repair start,26,8c76adf39dfb1324,,{},,086034341ac0f852c2a6fcb69ec68e2113652b7c74c62a48ad7ff7f71f98ef48,nominal_failure_probability,comparator_wait_characteristic_units,0.52,0.050236707357164144,,,:,None,linear,linear
fig7_wait_failures,2,edit_lines=64,First-order theory: repair start,27,8c76adf39dfb1324,,{},,086034341ac0f852c2a6fcb69ec68e2113652b7c74c62a48ad7ff7f71f98ef48,nominal_failure_probability,comparator_wait_characteristic_units,0.54,0.050236707357164144,,,:,None,linear,linear
fig7_wait_failures,2,edit_lines=64,First-order theory: repair start,28,8c76adf39dfb1324,,{},,086034341ac0f852c2a6fcb69ec68e2113652b7c74c62a48ad7ff7f71f98ef48,nominal_failure_probability,comparator_wait_characteristic_units,0.56,0.050236707357164144,,,:,None,linear,linear
fig7_wait_failures,2,edit_lines=64,First-order theory: repair start,29,8c76adf39dfb1324,,{},,086034341ac0f852c2a6fcb69ec68e2113652b7c74c62a48ad7ff7f71f98ef48,nominal_failure_probability,comparator_wait_characteristic_units,0.58,0.050236707357164144,,,:,None,linear,linear
fig7_wait_failures,2,edit_lines=64,First-order theory: repair start,30,8c76adf39dfb1324,,{},,086034341ac0f852c2a6fcb69ec68e2113652b7c74c62a48ad7ff7f71f98ef48,nominal_failure_probability,comparator_wait_characteristic_units,0.6,0.050236707357164144,,,:,None,linear,linear
fig7_wait_failures,2,edit_lines=64,First-order theory: repair start,31,8c76adf39dfb1324,,{},,086034341ac0f852c2a6fcb69ec68e2113652b7c74c62a48ad7ff7f71f98ef48,nominal_failure_probability,comparator_wait_characteristic_units,0.62,0.050236707357164144,,,:,None,linear,linear
fig7_wait_failures,2,edit_lines=64,First-order theory: repair start,32,8c76adf39dfb1324,,{},,086034341ac0f852c2a6fcb69ec68e2113652b7c74c62a48ad7ff7f71f98ef48,nominal_failure_probability,comparator_wait_characteristic_units,0.64,0.050236707357164144,,,:,None,linear,linear
fig7_wait_failures,2,edit_lines=64,First-order theory: repair start,33,8c76adf39dfb1324,,{},,086034341ac0f852c2a6fcb69ec68e2113652b7c74c62a48ad7ff7f71f98ef48,nominal_failure_probability,comparator_wait_characteristic_units,0.66,0.050236707357164144,,,:,None,linear,linear
fig7_wait_failures,2,edit_lines=64,First-order theory: repair start,34,8c76adf39dfb1324,,{},,086034341ac0f852c2a6fcb69ec68e2113652b7c74c62a48ad7ff7f71f98ef48,nominal_failure_probability,comparator_wait_characteristic_units,0.68,0.050236707357164144,,,:,None,linear,linear
fig7_wait_failures,2,edit_lines=64,First-order theory: repair start,35,8c76adf39dfb1324,,{},,086034341ac0f852c2a6fcb69ec68e2113652b7c74c62a48ad7ff7f71f98ef48,nominal_failure_probability,comparator_wait_characteristic_units,0.7000000000000001,0.050236707357164144,,,:,None,linear,linear
fig7_wait_failures,2,edit_lines=64,First-order theory: repair start,36,8c76adf39dfb1324,,{},,086034341ac0f852c2a6fcb69ec68e2113652b7c74c62a48ad7ff7f71f98ef48,nominal_failure_probability,comparator_wait_characteristic_units,0.72,0.050236707357164144,,,:,None,linear,linear
fig7_wait_failures,2,edit_lines=64,First-order theory: repair start,37,8c76adf39dfb1324,,{},,086034341ac0f852c2a6fcb69ec68e2113652b7c74c62a48ad7ff7f71f98ef48,nominal_failure_probability,comparator_wait_characteristic_units,0.74,0.050236707357164144,,,:,None,linear,linear
fig7_wait_failures,2,edit_lines=64,First-order theory: repair start,38,8c76adf39dfb1324,,{},,086034341ac0f852c2a6fcb69ec68e2113652b7c74c62a48ad7ff7f71f98ef48,nominal_failure_probability,comparator_wait_characteristic_units,0.76,0.050236707357164144,,,:,None,linear,linear
fig7_wait_failures,2,edit_lines=64,First-order theory: repair start,39,8c76adf39dfb1324,,{},,086034341ac0f852c2a6fcb69ec68e2113652b7c74c62a48ad7ff7f71f98ef48,nominal_failure_probability,comparator_wait_characteristic_units,0.78,0.050236707357164144,,,:,None,linear,linear
fig7_wait_failures,2,edit_lines=64,First-order theory: repair start,40,8c76adf39dfb1324,,{},,086034341ac0f852c2a6fcb69ec68e2113652b7c74c62a48ad7ff7f71f98ef48,nominal_failure_probability,comparator_wait_characteristic_units,0.8,0.050236707357164144,,,:,None,linear,linear
fig7_wait_failures,2,edit_lines=64,First-order theory: repair start,41,8c76adf39dfb1324,,{},,086034341ac0f852c2a6fcb69ec68e2113652b7c74c62a48ad7ff7f71f98ef48,nominal_failure_probability,comparator_wait_characteristic_units,0.8200000000000001,0.050236707357164144,,,:,None,linear,linear
fig7_wait_failures,2,edit_lines=64,First-order theory: repair start,42,8c76adf39dfb1324,,{},,086034341ac0f852c2a6fcb69ec68e2113652b7c74c62a48ad7ff7f71f98ef48,nominal_failure_probability,comparator_wait_characteristic_units,0.84,0.050236707357164144,,,:,None,linear,linear
fig7_wait_failures,2,edit_lines=64,First-order theory: repair start,43,8c76adf39dfb1324,,{},,086034341ac0f852c2a6fcb69ec68e2113652b7c74c62a48ad7ff7f71f98ef48,nominal_failure_probability,comparator_wait_characteristic_units,0.86,0.050236707357164144,,,:,None,linear,linear
fig7_wait_failures,2,edit_lines=64,First-order theory: repair start,44,8c76adf39dfb1324,,{},,086034341ac0f852c2a6fcb69ec68e2113652b7c74c62a48ad7ff7f71f98ef48,nominal_failure_probability,comparator_wait_characteristic_units,0.88,0.050236707357164144,,,:,None,linear,linear
fig7_wait_failures,2,edit_lines=64,First-order theory: repair start,45,8c76adf39dfb1324,,{},,086034341ac0f852c2a6fcb69ec68e2113652b7c74c62a48ad7ff7f71f98ef48,nominal_failure_probability,comparator_wait_characteristic_units,0.9,0.050236707357164144,,,:,None,linear,linear
fig7_wait_failures,2,edit_lines=64,First-order theory: repair start,46,8c76adf39dfb1324,,{},,086034341ac0f852c2a6fcb69ec68e2113652b7c74c62a48ad7ff7f71f98ef48,nominal_failure_probability,comparator_wait_characteristic_units,0.92,0.050236707357164144,,,:,None,linear,linear
fig7_wait_failures,2,edit_lines=64,First-order theory: repair start,47,8c76adf39dfb1324,,{},,086034341ac0f852c2a6fcb69ec68e2113652b7c74c62a48ad7ff7f71f98ef48,nominal_failure_probability,comparator_wait_characteristic_units,0.9400000000000001,0.050236707357164144,,,:,None,linear,linear
fig7_wait_failures,2,edit_lines=64,First-order theory: repair start,48,8c76adf39dfb1324,,{},,086034341ac0f852c2a6fcb69ec68e2113652b7c74c62a48ad7ff7f71f98ef48,nominal_failure_probability,comparator_wait_characteristic_units,0.96,0.050236707357164144,,,:,None,linear,linear
fig7_wait_failures,2,edit_lines=64,First-order theory: repair start,49,8c76adf39dfb1324,,{},,086034341ac0f852c2a6fcb69ec68e2113652b7c74c62a48ad7ff7f71f98ef48,nominal_failure_probability,comparator_wait_characteristic_units,0.98,0.050236707357164144,,,:,None,linear,linear
fig7_wait_failures,2,edit_lines=64,First-order theory: repair start,50,8c76adf39dfb1324,,{},,086034341ac0f852c2a6fcb69ec68e2113652b7c74c62a48ad7ff7f71f98ef48,nominal_failure_probability,comparator_wait_characteristic_units,1.0,0.050236707357164144,,,:,None,linear,linear
fig7_wait_failures,2,edit_lines=64,First-order theory: repair start,51,8c76adf39dfb1324,,{},,086034341ac0f852c2a6fcb69ec68e2113652b7c74c62a48ad7ff7f71f98ef48,nominal_failure_probability,comparator_wait_characteristic_units,1.02,0.050236707357164144,,,:,None,linear,linear
fig7_wait_failures,2,edit_lines=64,First-order theory: repair start,52,8c76adf39dfb1324,,{},,086034341ac0f852c2a6fcb69ec68e2113652b7c74c62a48ad7ff7f71f98ef48,nominal_failure_probability,comparator_wait_characteristic_units,1.04,0.050236707357164144,,,:,None,linear,linear
fig7_wait_failures,2,edit_lines=64,First-order theory: repair start,53,8c76adf39dfb1324,,{},,086034341ac0f852c2a6fcb69ec68e2113652b7c74c62a48ad7ff7f71f98ef48,nominal_failure_probability,comparator_wait_characteristic_units,1.06,0.050236707357164144,,,:,None,linear,linear
fig7_wait_failures,2,edit_lines=64,First-order theory: repair start,54,8c76adf39dfb1324,,{},,086034341ac0f852c2a6fcb69ec68e2113652b7c74c62a48ad7ff7f71f98ef48,nominal_failure_probability,comparator_wait_characteristic_units,1.08,0.050236707357164144,,,:,None,linear,linear
fig7_wait_failures,2,edit_lines=64,First-order theory: repair start,55,8c76adf39dfb1324,,{},,086034341ac0f852c2a6fcb69ec68e2113652b7c74c62a48ad7ff7f71f98ef48,nominal_failure_probability,comparator_wait_characteristic_units,1.1,0.050236707357164144,,,:,None,linear,linear
fig7_wait_failures,2,edit_lines=64,First-order theory: repair start,56,8c76adf39dfb1324,,{},,086034341ac0f852c2a6fcb69ec68e2113652b7c74c62a48ad7ff7f71f98ef48,nominal_failure_probability,comparator_wait_characteristic_units,1.12,0.050236707357164144,,,:,None,linear,linear
fig7_wait_failures,2,edit_lines=64,First-order theory: repair start,57,8c76adf39dfb1324,,{},,086034341ac0f852c2a6fcb69ec68e2113652b7c74c62a48ad7ff7f71f98ef48,nominal_failure_probability,comparator_wait_characteristic_units,1.1400000000000001,0.050236707357164144,,,:,None,linear,linear
fig7_wait_failures,2,edit_lines=64,First-order theory: repair start,58,8c76adf39dfb1324,,{},,086034341ac0f852c2a6fcb69ec68e2113652b7c74c62a48ad7ff7f71f98ef48,nominal_failure_probability,comparator_wait_characteristic_units,1.16,0.050236707357164144,,,:,None,linear,linear
fig7_wait_failures,2,edit_lines=64,First-order theory: repair start,59,8c76adf39dfb1324,,{},,086034341ac0f852c2a6fcb69ec68e2113652b7c74c62a48ad7ff7f71f98ef48,nominal_failure_probability,comparator_wait_characteristic_units,1.18,0.050236707357164144,,,:,None,linear,linear
fig7_wait_failures,2,edit_lines=64,First-order theory: repair start,60,8c76adf39dfb1324,,{},,086034341ac0f852c2a6fcb69ec68e2113652b7c74c62a48ad7ff7f71f98ef48,nominal_failure_probability,comparator_wait_characteristic_units,1.2,0.050236707357164144,,,:,None,linear,linear
fig7_wait_failures,2,edit_lines=64,First-order theory: repair start,61,8c76adf39dfb1324,,{},,086034341ac0f852c2a6fcb69ec68e2113652b7c74c62a48ad7ff7f71f98ef48,nominal_failure_probability,comparator_wait_characteristic_units,1.22,0.050236707357164144,,,:,None,linear,linear
fig7_wait_failures,2,edit_lines=64,First-order theory: repair start,62,8c76adf39dfb1324,,{},,086034341ac0f852c2a6fcb69ec68e2113652b7c74c62a48ad7ff7f71f98ef48,nominal_failure_probability,comparator_wait_characteristic_units,1.24,0.050236707357164144,,,:,None,linear,linear
fig7_wait_failures,2,edit_lines=64,First-order theory: repair start,63,8c76adf39dfb1324,,{},,086034341ac0f852c2a6fcb69ec68e2113652b7c74c62a48ad7ff7f71f98ef48,nominal_failure_probability,comparator_wait_characteristic_units,1.26,0.050236707357164144,,,:,None,linear,linear
fig7_wait_failures,2,edit_lines=64,First-order theory: repair start,64,8c76adf39dfb1324,,{},,086034341ac0f852c2a6fcb69ec68e2113652b7c74c62a48ad7ff7f71f98ef48,nominal_failure_probability,comparator_wait_characteristic_units,1.28,0.050236707357164144,,,:,None,linear,linear
fig7_wait_failures,2,edit_lines=64,First-order theory: repair start,65,8c76adf39dfb1324,,{},,086034341ac0f852c2a6fcb69ec68e2113652b7c74c62a48ad7ff7f71f98ef48,nominal_failure_probability,comparator_wait_characteristic_units,1.3,0.050236707357164144,,,:,None,linear,linear
fig7_wait_failures,2,edit_lines=64,First-order theory: repair start,66,8c76adf39dfb1324,,{},,086034341ac0f852c2a6fcb69ec68e2113652b7c74c62a48ad7ff7f71f98ef48,nominal_failure_probability,comparator_wait_characteristic_units,1.32,0.050236707357164144,,,:,None,linear,linear
fig7_wait_failures,2,edit_lines=64,First-order theory: repair start,67,8c76adf39dfb1324,,{},,086034341ac0f852c2a6fcb69ec68e2113652b7c74c62a48ad7ff7f71f98ef48,nominal_failure_probability,comparator_wait_characteristic_units,1.34,0.050236707357164144,,,:,None,linear,linear
fig7_wait_failures,2,edit_lines=64,First-order theory: repair start,68,8c76adf39dfb1324,,{},,086034341ac0f852c2a6fcb69ec68e2113652b7c74c62a48ad7ff7f71f98ef48,nominal_failure_probability,comparator_wait_characteristic_units,1.36,0.050236707357164144,,,:,None,linear,linear
fig7_wait_failures,2,edit_lines=64,First-order theory: repair start,69,8c76adf39dfb1324,,{},,086034341ac0f852c2a6fcb69ec68e2113652b7c74c62a48ad7ff7f71f98ef48,nominal_failure_probability,comparator_wait_characteristic_units,1.3800000000000001,0.050236707357164144,,,:,None,linear,linear
fig7_wait_failures,2,edit_lines=64,First-order theory: repair start,70,8c76adf39dfb1324,,{},,086034341ac0f852c2a6fcb69ec68e2113652b7c74c62a48ad7ff7f71f98ef48,nominal_failure_probability,comparator_wait_characteristic_units,1.4000000000000001,0.050236707357164144,,,:,None,linear,linear
fig7_wait_failures,2,edit_lines=64,First-order theory: repair start,71,8c76adf39dfb1324,,{},,086034341ac0f852c2a6fcb69ec68e2113652b7c74c62a48ad7ff7f71f98ef48,nominal_failure_probability,comparator_wait_characteristic_units,1.42,0.050236707357164144,,,:,None,linear,linear
fig7_wait_failures,2,edit_lines=64,First-order theory: repair start,72,8c76adf39dfb1324,,{},,086034341ac0f852c2a6fcb69ec68e2113652b7c74c62a48ad7ff7f71f98ef48,nominal_failure_probability,comparator_wait_characteristic_units,1.44,0.050236707357164144,,,:,None,linear,linear
fig7_wait_failures,2,edit_lines=64,First-order theory: repair start,73,8c76adf39dfb1324,,{},,086034341ac0f852c2a6fcb69ec68e2113652b7c74c62a48ad7ff7f71f98ef48,nominal_failure_probability,comparator_wait_characteristic_units,1.46,0.050236707357164144,,,:,None,linear,linear
fig7_wait_failures,2,edit_lines=64,First-order theory: repair start,74,8c76adf39dfb1324,,{},,086034341ac0f852c2a6fcb69ec68e2113652b7c74c62a48ad7ff7f71f98ef48,nominal_failure_probability,comparator_wait_characteristic_units,1.48,0.050236707357164144,,,:,None,linear,linear
fig7_wait_failures,2,edit_lines=64,First-order theory: repair start,75,8c76adf39dfb1324,,{},,086034341ac0f852c2a6fcb69ec68e2113652b7c74c62a48ad7ff7f71f98ef48,nominal_failure_probability,comparator_wait_characteristic_units,1.5,0.050236707357164144,,,:,None,linear,linear
fig7_wait_failures,2,edit_lines=64,First-order theory: repair start,76,8c76adf39dfb1324,,{},,086034341ac0f852c2a6fcb69ec68e2113652b7c74c62a48ad7ff7f71f98ef48,nominal_failure_probability,comparator_wait_characteristic_units,1.52,0.050236707357164144,,,:,None,linear,linear
fig7_wait_failures,2,edit_lines=64,First-order theory: repair start,77,8c76adf39dfb1324,,{},,086034341ac0f852c2a6fcb69ec68e2113652b7c74c62a48ad7ff7f71f98ef48,nominal_failure_probability,comparator_wait_characteristic_units,1.54,0.050236707357164144,,,:,None,linear,linear
fig7_wait_failures,2,edit_lines=64,First-order theory: repair start,78,8c76adf39dfb1324,,{},,086034341ac0f852c2a6fcb69ec68e2113652b7c74c62a48ad7ff7f71f98ef48,nominal_failure_probability,comparator_wait_characteristic_units,1.56,0.050236707357164144,,,:,None,linear,linear
fig7_wait_failures,2,edit_lines=64,First-order theory: repair start,79,8c76adf39dfb1324,,{},,086034341ac0f852c2a6fcb69ec68e2113652b7c74c62a48ad7ff7f71f98ef48,nominal_failure_probability,comparator_wait_characteristic_units,1.58,0.050236707357164144,,,:,None,linear,linear
fig7_wait_failures,2,edit_lines=64,First-order theory: repair start,80,8c76adf39dfb1324,,{},,086034341ac0f852c2a6fcb69ec68e2113652b7c74c62a48ad7ff7f71f98ef48,nominal_failure_probability,comparator_wait_characteristic_units,1.6,0.050236707357164144,,,:,None,linear,linear
fig7_wait_failures,2,edit_lines=64,First-order theory: repair start,81,8c76adf39dfb1324,,{},,086034341ac0f852c2a6fcb69ec68e2113652b7c74c62a48ad7ff7f71f98ef48,nominal_failure_probability,comparator_wait_characteristic_units,1.62,0.050236707357164144,,,:,None,linear,linear
fig7_wait_failures,2,edit_lines=64,First-order theory: repair start,82,8c76adf39dfb1324,,{},,086034341ac0f852c2a6fcb69ec68e2113652b7c74c62a48ad7ff7f71f98ef48,nominal_failure_probability,comparator_wait_characteristic_units,1.6400000000000001,0.050236707357164144,,,:,None,linear,linear
fig7_wait_failures,2,edit_lines=64,First-order theory: repair start,83,8c76adf39dfb1324,,{},,086034341ac0f852c2a6fcb69ec68e2113652b7c74c62a48ad7ff7f71f98ef48,nominal_failure_probability,comparator_wait_characteristic_units,1.6600000000000001,0.050236707357164144,,,:,None,linear,linear
fig7_wait_failures,2,edit_lines=64,First-order theory: repair start,84,8c76adf39dfb1324,,{},,086034341ac0f852c2a6fcb69ec68e2113652b7c74c62a48ad7ff7f71f98ef48,nominal_failure_probability,comparator_wait_characteristic_units,1.68,0.050236707357164144,,,:,None,linear,linear
fig7_wait_failures,2,edit_lines=64,First-order theory: repair start,85,8c76adf39dfb1324,,{},,086034341ac0f852c2a6fcb69ec68e2113652b7c74c62a48ad7ff7f71f98ef48,nominal_failure_probability,comparator_wait_characteristic_units,1.7,0.050236707357164144,,,:,None,linear,linear
fig7_wait_failures,2,edit_lines=64,First-order theory: repair start,86,8c76adf39dfb1324,,{},,086034341ac0f852c2a6fcb69ec68e2113652b7c74c62a48ad7ff7f71f98ef48,nominal_failure_probability,comparator_wait_characteristic_units,1.72,0.050236707357164144,,,:,None,linear,linear
fig7_wait_failures,2,edit_lines=64,First-order theory: repair start,87,8c76adf39dfb1324,,{},,086034341ac0f852c2a6fcb69ec68e2113652b7c74c62a48ad7ff7f71f98ef48,nominal_failure_probability,comparator_wait_characteristic_units,1.74,0.050236707357164144,,,:,None,linear,linear
fig7_wait_failures,2,edit_lines=64,First-order theory: repair start,88,8c76adf39dfb1324,,{},,086034341ac0f852c2a6fcb69ec68e2113652b7c74c62a48ad7ff7f71f98ef48,nominal_failure_probability,comparator_wait_characteristic_units,1.76,0.050236707357164144,,,:,None,linear,linear
fig7_wait_failures,2,edit_lines=64,First-order theory: repair start,89,8c76adf39dfb1324,,{},,086034341ac0f852c2a6fcb69ec68e2113652b7c74c62a48ad7ff7f71f98ef48,nominal_failure_probability,comparator_wait_characteristic_units,1.78,0.050236707357164144,,,:,None,linear,linear
fig7_wait_failures,2,edit_lines=64,First-order theory: repair start,90,8c76adf39dfb1324,,{},,086034341ac0f852c2a6fcb69ec68e2113652b7c74c62a48ad7ff7f71f98ef48,nominal_failure_probability,comparator_wait_characteristic_units,1.8,0.050236707357164144,,,:,None,linear,linear
fig7_wait_failures,2,edit_lines=64,First-order theory: repair start,91,8c76adf39dfb1324,,{},,086034341ac0f852c2a6fcb69ec68e2113652b7c74c62a48ad7ff7f71f98ef48,nominal_failure_probability,comparator_wait_characteristic_units,1.82,0.050236707357164144,,,:,None,linear,linear
fig7_wait_failures,2,edit_lines=64,First-order theory: repair start,92,8c76adf39dfb1324,,{},,086034341ac0f852c2a6fcb69ec68e2113652b7c74c62a48ad7ff7f71f98ef48,nominal_failure_probability,comparator_wait_characteristic_units,1.84,0.050236707357164144,,,:,None,linear,linear
fig7_wait_failures,2,edit_lines=64,First-order theory: repair start,93,8c76adf39dfb1324,,{},,086034341ac0f852c2a6fcb69ec68e2113652b7c74c62a48ad7ff7f71f98ef48,nominal_failure_probability,comparator_wait_characteristic_units,1.86,0.050236707357164144,,,:,None,linear,linear
fig7_wait_failures,2,edit_lines=64,First-order theory: repair start,94,8c76adf39dfb1324,,{},,086034341ac0f852c2a6fcb69ec68e2113652b7c74c62a48ad7ff7f71f98ef48,nominal_failure_probability,comparator_wait_characteristic_units,1.8800000000000001,0.050236707357164144,,,:,None,linear,linear
fig7_wait_failures,2,edit_lines=64,First-order theory: repair start,95,8c76adf39dfb1324,,{},,086034341ac0f852c2a6fcb69ec68e2113652b7c74c62a48ad7ff7f71f98ef48,nominal_failure_probability,comparator_wait_characteristic_units,1.9000000000000001,0.050236707357164144,,,:,None,linear,linear
fig7_wait_failures,2,edit_lines=64,First-order theory: repair start,96,8c76adf39dfb1324,,{},,086034341ac0f852c2a6fcb69ec68e2113652b7c74c62a48ad7ff7f71f98ef48,nominal_failure_probability,comparator_wait_characteristic_units,1.92,0.050236707357164144,,,:,None,linear,linear
fig7_wait_failures,2,edit_lines=64,First-order theory: repair start,97,8c76adf39dfb1324,,{},,086034341ac0f852c2a6fcb69ec68e2113652b7c74c62a48ad7ff7f71f98ef48,nominal_failure_probability,comparator_wait_characteristic_units,1.94,0.050236707357164144,,,:,None,linear,linear
fig7_wait_failures,2,edit_lines=64,First-order theory: repair start,98,8c76adf39dfb1324,,{},,086034341ac0f852c2a6fcb69ec68e2113652b7c74c62a48ad7ff7f71f98ef48,nominal_failure_probability,comparator_wait_characteristic_units,1.96,0.050236707357164144,,,:,None,linear,linear
fig7_wait_failures,2,edit_lines=64,First-order theory: repair start,99,8c76adf39dfb1324,,{},,086034341ac0f852c2a6fcb69ec68e2113652b7c74c62a48ad7ff7f71f98ef48,nominal_failure_probability,comparator_wait_characteristic_units,1.98,0.050236707357164144,,,:,None,linear,linear
fig7_wait_failures,2,edit_lines=64,First-order theory: repair start,100,8c76adf39dfb1324,,{},,086034341ac0f852c2a6fcb69ec68e2113652b7c74c62a48ad7ff7f71f98ef48,nominal_failure_probability,comparator_wait_characteristic_units,2.0,0.050236707357164144,,,:,None,linear,linear
fig7_wait_failures,2,edit_lines=64,First-order theory: repair start,101,8c76adf39dfb1324,,{},,086034341ac0f852c2a6fcb69ec68e2113652b7c74c62a48ad7ff7f71f98ef48,nominal_failure_probability,comparator_wait_characteristic_units,2.02,0.050236707357164144,,,:,None,linear,linear
fig7_wait_failures,2,edit_lines=64,First-order theory: repair start,102,8c76adf39dfb1324,,{},,086034341ac0f852c2a6fcb69ec68e2113652b7c74c62a48ad7ff7f71f98ef48,nominal_failure_probability,comparator_wait_characteristic_units,2.04,0.050236707357164144,,,:,None,linear,linear
fig7_wait_failures,2,edit_lines=64,First-order theory: repair start,103,8c76adf39dfb1324,,{},,086034341ac0f852c2a6fcb69ec68e2113652b7c74c62a48ad7ff7f71f98ef48,nominal_failure_probability,comparator_wait_characteristic_units,2.06,0.050236707357164144,,,:,None,linear,linear
fig7_wait_failures,2,edit_lines=64,First-order theory: repair start,104,8c76adf39dfb1324,,{},,086034341ac0f852c2a6fcb69ec68e2113652b7c74c62a48ad7ff7f71f98ef48,nominal_failure_probability,comparator_wait_characteristic_units,2.08,0.050236707357164144,,,:,None,linear,linear
fig7_wait_failures,2,edit_lines=64,First-order theory: repair start,105,8c76adf39dfb1324,,{},,086034341ac0f852c2a6fcb69ec68e2113652b7c74c62a48ad7ff7f71f98ef48,nominal_failure_probability,comparator_wait_characteristic_units,2.1,0.050236707357164144,,,:,None,linear,linear
fig7_wait_failures,2,edit_lines=64,First-order theory: repair start,106,8c76adf39dfb1324,,{},,086034341ac0f852c2a6fcb69ec68e2113652b7c74c62a48ad7ff7f71f98ef48,nominal_failure_probability,comparator_wait_characteristic_units,2.12,0.050236707357164144,,,:,None,linear,linear
fig7_wait_failures,2,edit_lines=64,First-order theory: repair start,107,8c76adf39dfb1324,,{},,086034341ac0f852c2a6fcb69ec68e2113652b7c74c62a48ad7ff7f71f98ef48,nominal_failure_probability,comparator_wait_characteristic_units,2.14,0.050236707357164144,,,:,None,linear,linear
fig7_wait_failures,2,edit_lines=64,First-order theory: repair start,108,8c76adf39dfb1324,,{},,086034341ac0f852c2a6fcb69ec68e2113652b7c74c62a48ad7ff7f71f98ef48,nominal_failure_probability,comparator_wait_characteristic_units,2.16,0.050236707357164144,,,:,None,linear,linear
fig7_wait_failures,2,edit_lines=64,First-order theory: repair start,109,8c76adf39dfb1324,,{},,086034341ac0f852c2a6fcb69ec68e2113652b7c74c62a48ad7ff7f71f98ef48,nominal_failure_probability,comparator_wait_characteristic_units,2.18,0.050236707357164144,,,:,None,linear,linear
fig7_wait_failures,2,edit_lines=64,First-order theory: repair start,110,8c76adf39dfb1324,,{},,086034341ac0f852c2a6fcb69ec68e2113652b7c74c62a48ad7ff7f71f98ef48,nominal_failure_probability,comparator_wait_characteristic_units,2.2,0.050236707357164144,,,:,None,linear,linear
fig7_wait_failures,2,edit_lines=64,First-order theory: repair start,111,8c76adf39dfb1324,,{},,086034341ac0f852c2a6fcb69ec68e2113652b7c74c62a48ad7ff7f71f98ef48,nominal_failure_probability,comparator_wait_characteristic_units,2.22,0.050236707357164144,,,:,None,linear,linear
fig7_wait_failures,2,edit_lines=64,First-order theory: repair start,112,8c76adf39dfb1324,,{},,086034341ac0f852c2a6fcb69ec68e2113652b7c74c62a48ad7ff7f71f98ef48,nominal_failure_probability,comparator_wait_characteristic_units,2.24,0.050236707357164144,,,:,None,linear,linear
fig7_wait_failures,2,edit_lines=64,First-order theory: repair start,113,8c76adf39dfb1324,,{},,086034341ac0f852c2a6fcb69ec68e2113652b7c74c62a48ad7ff7f71f98ef48,nominal_failure_probability,comparator_wait_characteristic_units,2.2600000000000002,0.050236707357164144,,,:,None,linear,linear
fig7_wait_failures,2,edit_lines=64,First-order theory: repair start,114,8c76adf39dfb1324,,{},,086034341ac0f852c2a6fcb69ec68e2113652b7c74c62a48ad7ff7f71f98ef48,nominal_failure_probability,comparator_wait_characteristic_units,2.2800000000000002,0.050236707357164144,,,:,None,linear,linear
fig7_wait_failures,2,edit_lines=64,First-order theory: repair start,115,8c76adf39dfb1324,,{},,086034341ac0f852c2a6fcb69ec68e2113652b7c74c62a48ad7ff7f71f98ef48,nominal_failure_probability,comparator_wait_characteristic_units,2.3000000000000003,0.050236707357164144,,,:,None,linear,linear
fig7_wait_failures,2,edit_lines=64,First-order theory: repair start,116,8c76adf39dfb1324,,{},,086034341ac0f852c2a6fcb69ec68e2113652b7c74c62a48ad7ff7f71f98ef48,nominal_failure_probability,comparator_wait_characteristic_units,2.32,0.050236707357164144,,,:,None,linear,linear
fig7_wait_failures,2,edit_lines=64,First-order theory: repair start,117,8c76adf39dfb1324,,{},,086034341ac0f852c2a6fcb69ec68e2113652b7c74c62a48ad7ff7f71f98ef48,nominal_failure_probability,comparator_wait_characteristic_units,2.34,0.050236707357164144,,,:,None,linear,linear
fig7_wait_failures,2,edit_lines=64,First-order theory: repair start,118,8c76adf39dfb1324,,{},,086034341ac0f852c2a6fcb69ec68e2113652b7c74c62a48ad7ff7f71f98ef48,nominal_failure_probability,comparator_wait_characteristic_units,2.36,0.050236707357164144,,,:,None,linear,linear
fig7_wait_failures,2,edit_lines=64,First-order theory: repair start,119,8c76adf39dfb1324,,{},,086034341ac0f852c2a6fcb69ec68e2113652b7c74c62a48ad7ff7f71f98ef48,nominal_failure_probability,comparator_wait_characteristic_units,2.38,0.050236707357164144,,,:,None,linear,linear
fig7_wait_failures,2,edit_lines=64,First-order theory: repair start,120,8c76adf39dfb1324,,{},,086034341ac0f852c2a6fcb69ec68e2113652b7c74c62a48ad7ff7f71f98ef48,nominal_failure_probability,comparator_wait_characteristic_units,2.4,0.050236707357164144,,,:,None,linear,linear
fig7_wait_failures,2,edit_lines=64,First-order theory: repair start,121,8c76adf39dfb1324,,{},,086034341ac0f852c2a6fcb69ec68e2113652b7c74c62a48ad7ff7f71f98ef48,nominal_failure_probability,comparator_wait_characteristic_units,2.42,0.050236707357164144,,,:,None,linear,linear
fig7_wait_failures,2,edit_lines=64,First-order theory: repair start,122,8c76adf39dfb1324,,{},,086034341ac0f852c2a6fcb69ec68e2113652b7c74c62a48ad7ff7f71f98ef48,nominal_failure_probability,comparator_wait_characteristic_units,2.44,0.050236707357164144,,,:,None,linear,linear
fig7_wait_failures,2,edit_lines=64,First-order theory: repair start,123,8c76adf39dfb1324,,{},,086034341ac0f852c2a6fcb69ec68e2113652b7c74c62a48ad7ff7f71f98ef48,nominal_failure_probability,comparator_wait_characteristic_units,2.46,0.050236707357164144,,,:,None,linear,linear
fig7_wait_failures,2,edit_lines=64,First-order theory: repair start,124,8c76adf39dfb1324,,{},,086034341ac0f852c2a6fcb69ec68e2113652b7c74c62a48ad7ff7f71f98ef48,nominal_failure_probability,comparator_wait_characteristic_units,2.48,0.050236707357164144,,,:,None,linear,linear
fig7_wait_failures,2,edit_lines=64,First-order theory: repair start,125,8c76adf39dfb1324,,{},,086034341ac0f852c2a6fcb69ec68e2113652b7c74c62a48ad7ff7f71f98ef48,nominal_failure_probability,comparator_wait_characteristic_units,2.5,0.050236707357164144,,,:,None,linear,linear
fig7_wait_failures,2,edit_lines=64,First-order theory: repair start,126,8c76adf39dfb1324,,{},,086034341ac0f852c2a6fcb69ec68e2113652b7c74c62a48ad7ff7f71f98ef48,nominal_failure_probability,comparator_wait_characteristic_units,2.52,0.050236707357164144,,,:,None,linear,linear
fig7_wait_failures,2,edit_lines=64,First-order theory: repair start,127,8c76adf39dfb1324,,{},,086034341ac0f852c2a6fcb69ec68e2113652b7c74c62a48ad7ff7f71f98ef48,nominal_failure_probability,comparator_wait_characteristic_units,2.54,0.050236707357164144,,,:,None,linear,linear
fig7_wait_failures,2,edit_lines=64,First-order theory: repair start,128,8c76adf39dfb1324,,{},,086034341ac0f852c2a6fcb69ec68e2113652b7c74c62a48ad7ff7f71f98ef48,nominal_failure_probability,comparator_wait_characteristic_units,2.56,0.050236707357164144,,,:,None,linear,linear
fig7_wait_failures,2,edit_lines=64,First-order theory: repair start,129,8c76adf39dfb1324,,{},,086034341ac0f852c2a6fcb69ec68e2113652b7c74c62a48ad7ff7f71f98ef48,nominal_failure_probability,comparator_wait_characteristic_units,2.58,0.050236707357164144,,,:,None,linear,linear
fig7_wait_failures,2,edit_lines=64,First-order theory: repair start,130,8c76adf39dfb1324,,{},,086034341ac0f852c2a6fcb69ec68e2113652b7c74c62a48ad7ff7f71f98ef48,nominal_failure_probability,comparator_wait_characteristic_units,2.6,0.050236707357164144,,,:,None,linear,linear
fig7_wait_failures,2,edit_lines=64,First-order theory: repair start,131,8c76adf39dfb1324,,{},,086034341ac0f852c2a6fcb69ec68e2113652b7c74c62a48ad7ff7f71f98ef48,nominal_failure_probability,comparator_wait_characteristic_units,2.62,0.050236707357164144,,,:,None,linear,linear
fig7_wait_failures,2,edit_lines=64,First-order theory: repair start,132,8c76adf39dfb1324,,{},,086034341ac0f852c2a6fcb69ec68e2113652b7c74c62a48ad7ff7f71f98ef48,nominal_failure_probability,comparator_wait_characteristic_units,2.64,0.050236707357164144,,,:,None,linear,linear
fig7_wait_failures,2,edit_lines=64,First-order theory: repair start,133,8c76adf39dfb1324,,{},,086034341ac0f852c2a6fcb69ec68e2113652b7c74c62a48ad7ff7f71f98ef48,nominal_failure_probability,comparator_wait_characteristic_units,2.66,0.050236707357164144,,,:,None,linear,linear
fig7_wait_failures,2,edit_lines=64,First-order theory: repair start,134,8c76adf39dfb1324,,{},,086034341ac0f852c2a6fcb69ec68e2113652b7c74c62a48ad7ff7f71f98ef48,nominal_failure_probability,comparator_wait_characteristic_units,2.68,0.050236707357164144,,,:,None,linear,linear
fig7_wait_failures,2,edit_lines=64,First-order theory: repair start,135,8c76adf39dfb1324,,{},,086034341ac0f852c2a6fcb69ec68e2113652b7c74c62a48ad7ff7f71f98ef48,nominal_failure_probability,comparator_wait_characteristic_units,2.7,0.050236707357164144,,,:,None,linear,linear
fig7_wait_failures,2,edit_lines=64,First-order theory: repair start,136,8c76adf39dfb1324,,{},,086034341ac0f852c2a6fcb69ec68e2113652b7c74c62a48ad7ff7f71f98ef48,nominal_failure_probability,comparator_wait_characteristic_units,2.72,0.050236707357164144,,,:,None,linear,linear
fig7_wait_failures,2,edit_lines=64,First-order theory: repair start,137,8c76adf39dfb1324,,{},,086034341ac0f852c2a6fcb69ec68e2113652b7c74c62a48ad7ff7f71f98ef48,nominal_failure_probability,comparator_wait_characteristic_units,2.74,0.050236707357164144,,,:,None,linear,linear
fig7_wait_failures,2,edit_lines=64,First-order theory: repair start,138,8c76adf39dfb1324,,{},,086034341ac0f852c2a6fcb69ec68e2113652b7c74c62a48ad7ff7f71f98ef48,nominal_failure_probability,comparator_wait_characteristic_units,2.7600000000000002,0.050236707357164144,,,:,None,linear,linear
fig7_wait_failures,2,edit_lines=64,First-order theory: repair start,139,8c76adf39dfb1324,,{},,086034341ac0f852c2a6fcb69ec68e2113652b7c74c62a48ad7ff7f71f98ef48,nominal_failure_probability,comparator_wait_characteristic_units,2.7800000000000002,0.050236707357164144,,,:,None,linear,linear
fig7_wait_failures,2,edit_lines=64,First-order theory: repair start,140,8c76adf39dfb1324,,{},,086034341ac0f852c2a6fcb69ec68e2113652b7c74c62a48ad7ff7f71f98ef48,nominal_failure_probability,comparator_wait_characteristic_units,2.8000000000000003,0.050236707357164144,,,:,None,linear,linear
fig7_wait_failures,2,edit_lines=64,First-order theory: repair start,141,8c76adf39dfb1324,,{},,086034341ac0f852c2a6fcb69ec68e2113652b7c74c62a48ad7ff7f71f98ef48,nominal_failure_probability,comparator_wait_characteristic_units,2.82,0.050236707357164144,,,:,None,linear,linear
fig7_wait_failures,2,edit_lines=64,First-order theory: repair start,142,8c76adf39dfb1324,,{},,086034341ac0f852c2a6fcb69ec68e2113652b7c74c62a48ad7ff7f71f98ef48,nominal_failure_probability,comparator_wait_characteristic_units,2.84,0.050236707357164144,,,:,None,linear,linear
fig7_wait_failures,2,edit_lines=64,First-order theory: repair start,143,8c76adf39dfb1324,,{},,086034341ac0f852c2a6fcb69ec68e2113652b7c74c62a48ad7ff7f71f98ef48,nominal_failure_probability,comparator_wait_characteristic_units,2.86,0.050236707357164144,,,:,None,linear,linear
fig7_wait_failures,2,edit_lines=64,First-order theory: repair start,144,8c76adf39dfb1324,,{},,086034341ac0f852c2a6fcb69ec68e2113652b7c74c62a48ad7ff7f71f98ef48,nominal_failure_probability,comparator_wait_characteristic_units,2.88,0.050236707357164144,,,:,None,linear,linear
fig7_wait_failures,2,edit_lines=64,First-order theory: repair start,145,8c76adf39dfb1324,,{},,086034341ac0f852c2a6fcb69ec68e2113652b7c74c62a48ad7ff7f71f98ef48,nominal_failure_probability,comparator_wait_characteristic_units,2.9,0.050236707357164144,,,:,None,linear,linear
fig7_wait_failures,2,edit_lines=64,First-order theory: repair start,146,8c76adf39dfb1324,,{},,086034341ac0f852c2a6fcb69ec68e2113652b7c74c62a48ad7ff7f71f98ef48,nominal_failure_probability,comparator_wait_characteristic_units,2.92,0.050236707357164144,,,:,None,linear,linear
fig7_wait_failures,2,edit_lines=64,First-order theory: repair start,147,8c76adf39dfb1324,,{},,086034341ac0f852c2a6fcb69ec68e2113652b7c74c62a48ad7ff7f71f98ef48,nominal_failure_probability,comparator_wait_characteristic_units,2.94,0.050236707357164144,,,:,None,linear,linear
fig7_wait_failures,2,edit_lines=64,First-order theory: repair start,148,8c76adf39dfb1324,,{},,086034341ac0f852c2a6fcb69ec68e2113652b7c74c62a48ad7ff7f71f98ef48,nominal_failure_probability,comparator_wait_characteristic_units,2.96,0.050236707357164144,,,:,None,linear,linear
fig7_wait_failures,2,edit_lines=64,First-order theory: repair start,149,8c76adf39dfb1324,,{},,086034341ac0f852c2a6fcb69ec68e2113652b7c74c62a48ad7ff7f71f98ef48,nominal_failure_probability,comparator_wait_characteristic_units,2.98,0.050236707357164144,,,:,None,linear,linear
fig7_wait_failures,2,edit_lines=64,First-order theory: repair start,150,8c76adf39dfb1324,,{},,086034341ac0f852c2a6fcb69ec68e2113652b7c74c62a48ad7ff7f71f98ef48,nominal_failure_probability,comparator_wait_characteristic_units,3.0,0.050236707357164144,,,:,None,linear,linear
fig7_wait_failures,2,edit_lines=64,First-order theory: repair start,151,8c76adf39dfb1324,,{},,086034341ac0f852c2a6fcb69ec68e2113652b7c74c62a48ad7ff7f71f98ef48,nominal_failure_probability,comparator_wait_characteristic_units,3.02,0.050236707357164144,,,:,None,linear,linear
fig7_wait_failures,2,edit_lines=64,First-order theory: repair start,152,8c76adf39dfb1324,,{},,086034341ac0f852c2a6fcb69ec68e2113652b7c74c62a48ad7ff7f71f98ef48,nominal_failure_probability,comparator_wait_characteristic_units,3.04,0.050236707357164144,,,:,None,linear,linear
fig7_wait_failures,2,edit_lines=64,First-order theory: repair start,153,8c76adf39dfb1324,,{},,086034341ac0f852c2a6fcb69ec68e2113652b7c74c62a48ad7ff7f71f98ef48,nominal_failure_probability,comparator_wait_characteristic_units,3.06,0.050236707357164144,,,:,None,linear,linear
fig7_wait_failures,2,edit_lines=64,First-order theory: repair start,154,8c76adf39dfb1324,,{},,086034341ac0f852c2a6fcb69ec68e2113652b7c74c62a48ad7ff7f71f98ef48,nominal_failure_probability,comparator_wait_characteristic_units,3.08,0.050236707357164144,,,:,None,linear,linear
fig7_wait_failures,2,edit_lines=64,First-order theory: repair start,155,8c76adf39dfb1324,,{},,086034341ac0f852c2a6fcb69ec68e2113652b7c74c62a48ad7ff7f71f98ef48,nominal_failure_probability,comparator_wait_characteristic_units,3.1,0.050236707357164144,,,:,None,linear,linear
fig7_wait_failures,2,edit_lines=64,First-order theory: repair start,156,8c76adf39dfb1324,,{},,086034341ac0f852c2a6fcb69ec68e2113652b7c74c62a48ad7ff7f71f98ef48,nominal_failure_probability,comparator_wait_characteristic_units,3.12,0.050236707357164144,,,:,None,linear,linear
fig7_wait_failures,2,edit_lines=64,First-order theory: repair start,157,8c76adf39dfb1324,,{},,086034341ac0f852c2a6fcb69ec68e2113652b7c74c62a48ad7ff7f71f98ef48,nominal_failure_probability,comparator_wait_characteristic_units,3.14,0.050236707357164144,,,:,None,linear,linear
fig7_wait_failures,2,edit_lines=64,First-order theory: repair start,158,8c76adf39dfb1324,,{},,086034341ac0f852c2a6fcb69ec68e2113652b7c74c62a48ad7ff7f71f98ef48,nominal_failure_probability,comparator_wait_characteristic_units,3.16,0.050236707357164144,,,:,None,linear,linear
fig7_wait_failures,2,edit_lines=64,First-order theory: repair start,159,8c76adf39dfb1324,,{},,086034341ac0f852c2a6fcb69ec68e2113652b7c74c62a48ad7ff7f71f98ef48,nominal_failure_probability,comparator_wait_characteristic_units,3.18,0.050236707357164144,,,:,None,linear,linear
fig7_wait_failures,2,edit_lines=64,First-order theory: repair start,160,8c76adf39dfb1324,,{},,086034341ac0f852c2a6fcb69ec68e2113652b7c74c62a48ad7ff7f71f98ef48,nominal_failure_probability,comparator_wait_characteristic_units,3.2,0.050236707357164144,,,:,None,linear,linear
fig7_wait_failures,2,edit_lines=64,First-order theory: repair start,161,8c76adf39dfb1324,,{},,086034341ac0f852c2a6fcb69ec68e2113652b7c74c62a48ad7ff7f71f98ef48,nominal_failure_probability,comparator_wait_characteristic_units,3.22,0.050236707357164144,,,:,None,linear,linear
fig7_wait_failures,2,edit_lines=64,First-order theory: repair start,162,8c76adf39dfb1324,,{},,086034341ac0f852c2a6fcb69ec68e2113652b7c74c62a48ad7ff7f71f98ef48,nominal_failure_probability,comparator_wait_characteristic_units,3.24,0.050236707357164144,,,:,None,linear,linear
fig7_wait_failures,2,edit_lines=64,First-order theory: repair start,163,8c76adf39dfb1324,,{},,086034341ac0f852c2a6fcb69ec68e2113652b7c74c62a48ad7ff7f71f98ef48,nominal_failure_probability,comparator_wait_characteristic_units,3.2600000000000002,0.050236707357164144,,,:,None,linear,linear
fig7_wait_failures,2,edit_lines=64,First-order theory: repair start,164,8c76adf39dfb1324,,{},,086034341ac0f852c2a6fcb69ec68e2113652b7c74c62a48ad7ff7f71f98ef48,nominal_failure_probability,comparator_wait_characteristic_units,3.2800000000000002,0.050236707357164144,,,:,None,linear,linear
fig7_wait_failures,2,edit_lines=64,First-order theory: repair start,165,8c76adf39dfb1324,,{},,086034341ac0f852c2a6fcb69ec68e2113652b7c74c62a48ad7ff7f71f98ef48,nominal_failure_probability,comparator_wait_characteristic_units,3.3000000000000003,0.050236707357164144,,,:,None,linear,linear
fig7_wait_failures,2,edit_lines=64,First-order theory: repair start,166,8c76adf39dfb1324,,{},,086034341ac0f852c2a6fcb69ec68e2113652b7c74c62a48ad7ff7f71f98ef48,nominal_failure_probability,comparator_wait_characteristic_units,3.3200000000000003,0.050236707357164144,,,:,None,linear,linear
fig7_wait_failures,2,edit_lines=64,First-order theory: repair start,167,8c76adf39dfb1324,,{},,086034341ac0f852c2a6fcb69ec68e2113652b7c74c62a48ad7ff7f71f98ef48,nominal_failure_probability,comparator_wait_characteristic_units,3.34,0.050236707357164144,,,:,None,linear,linear
fig7_wait_failures,2,edit_lines=64,First-order theory: repair start,168,8c76adf39dfb1324,,{},,086034341ac0f852c2a6fcb69ec68e2113652b7c74c62a48ad7ff7f71f98ef48,nominal_failure_probability,comparator_wait_characteristic_units,3.36,0.050236707357164144,,,:,None,linear,linear
fig7_wait_failures,2,edit_lines=64,First-order theory: repair start,169,8c76adf39dfb1324,,{},,086034341ac0f852c2a6fcb69ec68e2113652b7c74c62a48ad7ff7f71f98ef48,nominal_failure_probability,comparator_wait_characteristic_units,3.38,0.050236707357164144,,,:,None,linear,linear
fig7_wait_failures,2,edit_lines=64,First-order theory: repair start,170,8c76adf39dfb1324,,{},,086034341ac0f852c2a6fcb69ec68e2113652b7c74c62a48ad7ff7f71f98ef48,nominal_failure_probability,comparator_wait_characteristic_units,3.4,0.050236707357164144,,,:,None,linear,linear
fig7_wait_failures,2,edit_lines=64,First-order theory: repair start,171,8c76adf39dfb1324,,{},,086034341ac0f852c2a6fcb69ec68e2113652b7c74c62a48ad7ff7f71f98ef48,nominal_failure_probability,comparator_wait_characteristic_units,3.42,0.050236707357164144,,,:,None,linear,linear
fig7_wait_failures,2,edit_lines=64,First-order theory: repair start,172,8c76adf39dfb1324,,{},,086034341ac0f852c2a6fcb69ec68e2113652b7c74c62a48ad7ff7f71f98ef48,nominal_failure_probability,comparator_wait_characteristic_units,3.44,0.050236707357164144,,,:,None,linear,linear
fig7_wait_failures,2,edit_lines=64,First-order theory: repair start,173,8c76adf39dfb1324,,{},,086034341ac0f852c2a6fcb69ec68e2113652b7c74c62a48ad7ff7f71f98ef48,nominal_failure_probability,comparator_wait_characteristic_units,3.46,0.050236707357164144,,,:,None,linear,linear
fig7_wait_failures,2,edit_lines=64,First-order theory: repair start,174,8c76adf39dfb1324,,{},,086034341ac0f852c2a6fcb69ec68e2113652b7c74c62a48ad7ff7f71f98ef48,nominal_failure_probability,comparator_wait_characteristic_units,3.48,0.050236707357164144,,,:,None,linear,linear
fig7_wait_failures,2,edit_lines=64,First-order theory: repair start,175,8c76adf39dfb1324,,{},,086034341ac0f852c2a6fcb69ec68e2113652b7c74c62a48ad7ff7f71f98ef48,nominal_failure_probability,comparator_wait_characteristic_units,3.5,0.050236707357164144,,,:,None,linear,linear
fig7_wait_failures,2,edit_lines=64,First-order theory: repair start,176,8c76adf39dfb1324,,{},,086034341ac0f852c2a6fcb69ec68e2113652b7c74c62a48ad7ff7f71f98ef48,nominal_failure_probability,comparator_wait_characteristic_units,3.52,0.050236707357164144,,,:,None,linear,linear
fig7_wait_failures,2,edit_lines=64,First-order theory: repair start,177,8c76adf39dfb1324,,{},,086034341ac0f852c2a6fcb69ec68e2113652b7c74c62a48ad7ff7f71f98ef48,nominal_failure_probability,comparator_wait_characteristic_units,3.54,0.050236707357164144,,,:,None,linear,linear
fig7_wait_failures,2,edit_lines=64,First-order theory: repair start,178,8c76adf39dfb1324,,{},,086034341ac0f852c2a6fcb69ec68e2113652b7c74c62a48ad7ff7f71f98ef48,nominal_failure_probability,comparator_wait_characteristic_units,3.56,0.050236707357164144,,,:,None,linear,linear
fig7_wait_failures,2,edit_lines=64,First-order theory: repair start,179,8c76adf39dfb1324,,{},,086034341ac0f852c2a6fcb69ec68e2113652b7c74c62a48ad7ff7f71f98ef48,nominal_failure_probability,comparator_wait_characteristic_units,3.58,0.050236707357164144,,,:,None,linear,linear
fig7_wait_failures,2,edit_lines=64,First-order theory: repair start,180,8c76adf39dfb1324,,{},,086034341ac0f852c2a6fcb69ec68e2113652b7c74c62a48ad7ff7f71f98ef48,nominal_failure_probability,comparator_wait_characteristic_units,3.6,0.050236707357164144,,,:,None,linear,linear
fig7_wait_failures,2,edit_lines=64,First-order theory: repair start,181,8c76adf39dfb1324,,{},,086034341ac0f852c2a6fcb69ec68e2113652b7c74c62a48ad7ff7f71f98ef48,nominal_failure_probability,comparator_wait_characteristic_units,3.62,0.050236707357164144,,,:,None,linear,linear
fig7_wait_failures,2,edit_lines=64,First-order theory: repair start,182,8c76adf39dfb1324,,{},,086034341ac0f852c2a6fcb69ec68e2113652b7c74c62a48ad7ff7f71f98ef48,nominal_failure_probability,comparator_wait_characteristic_units,3.64,0.050236707357164144,,,:,None,linear,linear
fig7_wait_failures,2,edit_lines=64,First-order theory: repair start,183,8c76adf39dfb1324,,{},,086034341ac0f852c2a6fcb69ec68e2113652b7c74c62a48ad7ff7f71f98ef48,nominal_failure_probability,comparator_wait_characteristic_units,3.66,0.050236707357164144,,,:,None,linear,linear
fig7_wait_failures,2,edit_lines=64,First-order theory: repair start,184,8c76adf39dfb1324,,{},,086034341ac0f852c2a6fcb69ec68e2113652b7c74c62a48ad7ff7f71f98ef48,nominal_failure_probability,comparator_wait_characteristic_units,3.68,0.050236707357164144,,,:,None,linear,linear
fig7_wait_failures,2,edit_lines=64,First-order theory: repair start,185,8c76adf39dfb1324,,{},,086034341ac0f852c2a6fcb69ec68e2113652b7c74c62a48ad7ff7f71f98ef48,nominal_failure_probability,comparator_wait_characteristic_units,3.7,0.050236707357164144,,,:,None,linear,linear
fig7_wait_failures,2,edit_lines=64,First-order theory: repair start,186,8c76adf39dfb1324,,{},,086034341ac0f852c2a6fcb69ec68e2113652b7c74c62a48ad7ff7f71f98ef48,nominal_failure_probability,comparator_wait_characteristic_units,3.72,0.050236707357164144,,,:,None,linear,linear
fig7_wait_failures,2,edit_lines=64,First-order theory: repair start,187,8c76adf39dfb1324,,{},,086034341ac0f852c2a6fcb69ec68e2113652b7c74c62a48ad7ff7f71f98ef48,nominal_failure_probability,comparator_wait_characteristic_units,3.74,0.050236707357164144,,,:,None,linear,linear
fig7_wait_failures,2,edit_lines=64,First-order theory: repair start,188,8c76adf39dfb1324,,{},,086034341ac0f852c2a6fcb69ec68e2113652b7c74c62a48ad7ff7f71f98ef48,nominal_failure_probability,comparator_wait_characteristic_units,3.7600000000000002,0.050236707357164144,,,:,None,linear,linear
fig7_wait_failures,2,edit_lines=64,First-order theory: repair start,189,8c76adf39dfb1324,,{},,086034341ac0f852c2a6fcb69ec68e2113652b7c74c62a48ad7ff7f71f98ef48,nominal_failure_probability,comparator_wait_characteristic_units,3.7800000000000002,0.050236707357164144,,,:,None,linear,linear
fig7_wait_failures,2,edit_lines=64,First-order theory: repair start,190,8c76adf39dfb1324,,{},,086034341ac0f852c2a6fcb69ec68e2113652b7c74c62a48ad7ff7f71f98ef48,nominal_failure_probability,comparator_wait_characteristic_units,3.8000000000000003,0.050236707357164144,,,:,None,linear,linear
fig7_wait_failures,2,edit_lines=64,First-order theory: repair start,191,8c76adf39dfb1324,,{},,086034341ac0f852c2a6fcb69ec68e2113652b7c74c62a48ad7ff7f71f98ef48,nominal_failure_probability,comparator_wait_characteristic_units,3.8200000000000003,0.050236707357164144,,,:,None,linear,linear
fig7_wait_failures,2,edit_lines=64,First-order theory: repair start,192,8c76adf39dfb1324,,{},,086034341ac0f852c2a6fcb69ec68e2113652b7c74c62a48ad7ff7f71f98ef48,nominal_failure_probability,comparator_wait_characteristic_units,3.84,0.050236707357164144,,,:,None,linear,linear
fig7_wait_failures,2,edit_lines=64,First-order theory: repair start,193,8c76adf39dfb1324,,{},,086034341ac0f852c2a6fcb69ec68e2113652b7c74c62a48ad7ff7f71f98ef48,nominal_failure_probability,comparator_wait_characteristic_units,3.86,0.050236707357164144,,,:,None,linear,linear
fig7_wait_failures,2,edit_lines=64,First-order theory: repair start,194,8c76adf39dfb1324,,{},,086034341ac0f852c2a6fcb69ec68e2113652b7c74c62a48ad7ff7f71f98ef48,nominal_failure_probability,comparator_wait_characteristic_units,3.88,0.050236707357164144,,,:,None,linear,linear
fig7_wait_failures,2,edit_lines=64,First-order theory: repair start,195,8c76adf39dfb1324,,{},,086034341ac0f852c2a6fcb69ec68e2113652b7c74c62a48ad7ff7f71f98ef48,nominal_failure_probability,comparator_wait_characteristic_units,3.9,0.050236707357164144,,,:,None,linear,linear
fig7_wait_failures,2,edit_lines=64,First-order theory: repair start,196,8c76adf39dfb1324,,{},,086034341ac0f852c2a6fcb69ec68e2113652b7c74c62a48ad7ff7f71f98ef48,nominal_failure_probability,comparator_wait_characteristic_units,3.92,0.050236707357164144,,,:,None,linear,linear
fig7_wait_failures,2,edit_lines=64,First-order theory: repair start,197,8c76adf39dfb1324,,{},,086034341ac0f852c2a6fcb69ec68e2113652b7c74c62a48ad7ff7f71f98ef48,nominal_failure_probability,comparator_wait_characteristic_units,3.94,0.050236707357164144,,,:,None,linear,linear
fig7_wait_failures,2,edit_lines=64,First-order theory: repair start,198,8c76adf39dfb1324,,{},,086034341ac0f852c2a6fcb69ec68e2113652b7c74c62a48ad7ff7f71f98ef48,nominal_failure_probability,comparator_wait_characteristic_units,3.96,0.050236707357164144,,,:,None,linear,linear
fig7_wait_failures,2,edit_lines=64,First-order theory: repair start,199,8c76adf39dfb1324,,{},,086034341ac0f852c2a6fcb69ec68e2113652b7c74c62a48ad7ff7f71f98ef48,nominal_failure_probability,comparator_wait_characteristic_units,3.98,0.050236707357164144,,,:,None,linear,linear
fig7_wait_failures,2,edit_lines=64,First-order theory: repair start,200,8c76adf39dfb1324,,{},,086034341ac0f852c2a6fcb69ec68e2113652b7c74c62a48ad7ff7f71f98ef48,nominal_failure_probability,comparator_wait_characteristic_units,4.0,0.050236707357164144,,,:,None,linear,linear
