cell_id,case,policy,agents,dependency_probability,avoidance_probability,edit_length_lines,nominal_overlap_probability,nominal_mu,sync_interval,post_dispatch_wait,wait_in_characteristic_units,observation_horizon,baseline_read_time,repair_clock,base_repair_time,edits_per_agent_time,files,lines_per_file,mean_completed_repair_attempts,mean_failed_completed_repairs,pooled_failure_fraction_completed_repairs,fixed_clock_collision_exposure,first_order_failure_probability,mean_initial_conflicts,mean_dispatches,pooled_dispatches_per_initial_conflict,mean_unresolved_initial_conflicts_no_dependency,pooled_unresolved_initial_conflict_fraction_no_dependency,seed_mean_over_five_unresolved_fraction,window_divided_by_minimum_attempt_slot,maximum_completed_attempts_per_window,maximum_dispatches_per_window_no_dependency,unobserved_tail_mean_upper_bound
b79cfd601b272f19,0,kick_back,2,0.0,0.0,4,0.003435063819150432,0.003435063819150432,0.5,0.0,0.0,9315.693007390562,dispatch,fixed,0.25,1.0,8,256,16.366666666666667,0.0,0.0,0.25,0.0008583973208360372,16.366666666666667,16.366666666666667,1.0,0.0,0.0,0.0,37262.77202956225,37262,37263,not_identifiable_without_future_process_assumptions
1918b54e0001e096,0,kick_back,2,0.0,0.0,4,0.003435063819150432,0.003435063819150432,0.5,72.77885162023877,0.25,9315.693007390562,dispatch,fixed,0.25,1.0,8,256,119.26666666666667,26.466666666666665,0.22191168250419227,73.02885162023877,0.2218677374342486,93.8,120.26666666666667,1.2821606254442075,1.0,0.010660980810234541,0.0,127.56181701765756,127,128,not_identifiable_without_future_process_assumptions
f5bf7d8c90604b94,0,kick_back,2,0.0,0.0,4,0.003435063819150432,0.003435063819150432,0.5,145.55770324047754,0.5,9315.693007390562,dispatch,fixed,0.25,1.0,8,256,59.53333333333333,23.6,0.3964165733482643,145.80770324047754,0.3939899845806688,36.93333333333333,60.53333333333333,1.6389891696750905,1.0,0.027075812274368234,0.0,63.89026642869745,63,64,not_identifiable_without_future_process_assumptions
0c2612cd98ff5942,0,kick_back,2,0.0,0.0,4,0.003435063819150432,0.003435063819150432,0.5,291.1154064809551,1.0,9315.693007390562,dispatch,fixed,0.25,1.0,8,256,29.5,19.7,0.6677966101694915,291.3654064809551,0.6324363455552499,10.8,30.5,2.824074074074074,1.0,0.09259259259259259,0.01726190476190476,31.97254306852477,31,32,not_identifiable_without_future_process_assumptions
19659e37918c0f58,0,kick_back,2,0.0,0.0,4,0.003435063819150432,0.003435063819150432,0.5,582.2308129619101,2.0,9315.693007390562,dispatch,fixed,0.25,1.0,8,256,14.4,12.333333333333334,0.8564814814814815,582.4808129619101,0.8647808882079322,3.066666666666667,15.4,5.021739130434782,1.0000000000000004,0.32608695652173925,0.2833333333333333,15.993132821011459,15,16,not_identifiable_without_future_process_assumptions
8eddd17f1a28480b,0,kick_back,2,0.0,0.0,4,0.003435063819150432,0.003435063819150432,0.5,1164.4616259238203,4.0,9315.693007390562,dispatch,fixed,0.25,1.0,8,256,6.833333333333333,6.766666666666667,0.9902439024390244,1164.7116259238203,0.9817000832066173,1.0666666666666667,7.833333333333333,7.34375,1.0000000000000002,0.9375000000000002,0.9666666666666667,7.998282836750759,7,8,not_identifiable_without_future_process_assumptions
dbbe9cb482dce9a7,0,kick_back,2,0.0,0.0,4,0.003435063819150432,0.003435063819150432,0.5,0.0,0.0,9315.693007390562,dispatch,context,0.25,1.0,8,256,16.366666666666667,0.0,0.0,,,16.366666666666667,16.366666666666667,1.0,0.0,0.0,0.0,37262.77202956225,37262,,not_identifiable_without_future_process_assumptions
353e2efd40b67376,0,kick_back,2,0.0,0.0,4,0.003435063819150432,0.003435063819150432,0.5,72.77885162023877,0.25,9315.693007390562,dispatch,context,0.25,1.0,8,256,82.43333333333334,25.4,0.308127780024262,,,58.03333333333333,83.43333333333334,1.437679494543366,0.9999999999999929,0.01723147616312452,0.0,127.56181701765756,127,,not_identifiable_without_future_process_assumptions
b1765d4e54fc4147,0,kick_back,2,0.0,0.0,4,0.003435063819150432,0.003435063819150432,0.5,145.55770324047754,0.5,9315.693007390562,dispatch,context,0.25,1.0,8,256,49.8,22.0,0.44176706827309237,,,28.8,50.8,1.7638888888888888,1.0000000000000036,0.03472222222222234,0.0015873015873015873,63.89026642869745,63,,not_identifiable_without_future_process_assumptions
8a8b4cd69abe3fb6,0,kick_back,2,0.0,0.0,4,0.003435063819150432,0.003435063819150432,0.5,291.1154064809551,1.0,9315.693007390562,dispatch,context,0.25,1.0,8,256,27.8,19.033333333333335,0.6846522781774581,,,9.8,28.8,2.9387755102040813,1.033333333333335,0.10544217687074846,0.014285714285714285,31.97254306852477,31,,not_identifiable_without_future_process_assumptions
75b22aca532a1c3f,0,kick_back,2,0.0,0.0,4,0.003435063819150432,0.003435063819150432,0.5,582.2308129619101,2.0,9315.693007390562,dispatch,context,0.25,1.0,8,256,14.266666666666667,12.566666666666666,0.880841121495327,,,2.7,15.266666666666667,5.654320987654321,0.9999999999999991,0.37037037037037,0.32222222222222224,15.993132821011459,15,,not_identifiable_without_future_process_assumptions
6c04158a9ed67cc4,0,kick_back,2,0.0,0.0,4,0.003435063819150432,0.003435063819150432,0.5,1164.4616259238203,4.0,9315.693007390562,dispatch,context,0.25,1.0,8,256,6.8,6.733333333333333,0.9901960784313726,,,1.0666666666666667,7.8,7.3125,1.0000000000000002,0.9375000000000002,0.9666666666666667,7.998282836750759,7,,not_identifiable_without_future_process_assumptions
ec6cf256683f1dc0,0,kick_back,2,0.0,0.0,4,0.003435063819150432,0.003435063819150432,0.5,0.0,0.0,9315.693007390562,start,fixed,0.25,1.0,8,256,16.366666666666667,0.0,0.0,0.25,0.0008583973208360372,16.366666666666667,16.366666666666667,1.0,0.0,0.0,0.0,37262.77202956225,37262,37263,not_identifiable_without_future_process_assumptions
4ce7f81da14c783a,0,kick_back,2,0.0,0.0,4,0.003435063819150432,0.003435063819150432,0.5,72.77885162023877,0.25,9315.693007390562,start,fixed,0.25,1.0,8,256,119.26666666666667,0.03333333333333333,0.00027948574622694243,0.25,0.0008583973208360372,120.23333333333333,120.26666666666667,1.000277238702523,1.0,0.008317161075686166,0.0,127.56181701765756,127,128,not_identifiable_without_future_process_assumptions
33ce2c0516c40511,0,kick_back,2,0.0,0.0,4,0.003435063819150432,0.003435063819150432,0.5,145.55770324047754,0.5,9315.693007390562,start,fixed,0.25,1.0,8,256,59.53333333333333,0.03333333333333333,0.0005599104143337066,0.25,0.0008583973208360372,60.5,60.53333333333333,1.0005509641873278,1.0,0.01652892561983471,0.0,63.89026642869745,63,64,not_identifiable_without_future_process_assumptions
82a007ef801a8367,0,kick_back,2,0.0,0.0,4,0.003435063819150432,0.003435063819150432,0.5,291.1154064809551,1.0,9315.693007390562,start,fixed,0.25,1.0,8,256,29.5,0.06666666666666667,0.0022598870056497176,0.25,0.0008583973208360372,30.433333333333334,30.5,1.0021905805038336,1.0,0.03285870755750274,0.0,31.97254306852477,31,32,not_identifiable_without_future_process_assumptions
a07514f0bdfae64e,0,kick_back,2,0.0,0.0,4,0.003435063819150432,0.003435063819150432,0.5,582.2308129619101,2.0,9315.693007390562,start,fixed,0.25,1.0,8,256,14.4,0.0,0.0,0.25,0.0008583973208360372,15.466666666666667,15.4,0.9956896551724138,1.0666666666666664,0.0689655172413793,0.0,15.993132821011459,15,16,not_identifiable_without_future_process_assumptions
11fddae346b73e8a,0,kick_back,2,0.0,0.0,4,0.003435063819150432,0.003435063819150432,0.5,1164.4616259238203,4.0,9315.693007390562,start,fixed,0.25,1.0,8,256,6.833333333333333,0.0,0.0,0.25,0.0008583973208360372,7.833333333333333,7.833333333333333,1.0,1.0,0.12765957446808512,0.0,7.998282836750759,7,8,not_identifiable_without_future_process_assumptions
572292e49a831913,0,kick_back,2,0.0,0.0,4,0.003435063819150432,0.003435063819150432,0.5,0.0,0.0,9315.693007390562,start,context,0.25,1.0,8,256,16.366666666666667,0.0,0.0,,,16.366666666666667,16.366666666666667,1.0,0.0,0.0,0.0,37262.77202956225,37262,,not_identifiable_without_future_process_assumptions
e1645838a2eaca3e,0,kick_back,2,0.0,0.0,4,0.003435063819150432,0.003435063819150432,0.5,72.77885162023877,0.25,9315.693007390562,start,context,0.25,1.0,8,256,76.96666666666667,10.266666666666667,0.13339107838891295,,,67.7,77.96666666666667,1.1516494337764647,1.0,0.014771048744460856,0.0,127.56181701765756,127,,not_identifiable_without_future_process_assumptions
a5df322da596e761,0,kick_back,2,0.0,0.0,4,0.003435063819150432,0.003435063819150432,0.5,145.55770324047754,0.5,9315.693007390562,start,context,0.25,1.0,8,256,45.9,6.133333333333334,0.13362381989832972,,,40.8,46.9,1.1495098039215688,1.0333333333333314,0.02532679738562087,0.0,63.89026642869745,63,,not_identifiable_without_future_process_assumptions
9f2d456d5053b888,0,kick_back,2,0.0,0.0,4,0.003435063819150432,0.003435063819150432,0.5,291.1154064809551,1.0,9315.693007390562,start,context,0.25,1.0,8,256,25.5,3.8,0.14901960784313725,,,22.7,26.5,1.1674008810572687,1.0,0.04405286343612335,0.0,31.97254306852477,31,,not_identifiable_without_future_process_assumptions
0602887d3d614686,0,kick_back,2,0.0,0.0,4,0.003435063819150432,0.003435063819150432,0.5,582.2308129619101,2.0,9315.693007390562,start,context,0.25,1.0,8,256,13.3,1.7,0.12781954887218044,,,12.6,14.3,1.134920634920635,0.9999999999999982,0.07936507936507922,0.0,15.993132821011459,15,,not_identifiable_without_future_process_assumptions
9c7b939687a02556,0,kick_back,2,0.0,0.0,4,0.003435063819150432,0.003435063819150432,0.5,1164.4616259238203,4.0,9315.693007390562,start,context,0.25,1.0,8,256,6.733333333333333,1.0666666666666667,0.15841584158415842,,,6.666666666666667,7.733333333333333,1.16,1.0,0.15,0.0,7.998282836750759,7,,not_identifiable_without_future_process_assumptions
fde43e4dd8ab0b08,0,kick_back,2,0.0,0.0,16,0.01556231814190527,0.01556231814190527,0.5,0.0,0.0,2056.2489282256947,dispatch,fixed,0.25,1.0,8,256,16.233333333333334,0.0,0.0,0.25,0.0038830210364065496,16.233333333333334,16.233333333333334,1.0,0.0,0.0,0.0,8224.995712902779,8224,8225,not_identifiable_without_future_process_assumptions
cccf761136c3bea8,0,kick_back,2,0.0,0.0,16,0.01556231814190527,0.01556231814190527,0.5,16.06444475176324,0.25,2056.2489282256947,dispatch,fixed,0.25,1.0,8,256,118.56666666666666,25.6,0.21591228563396123,16.31444475176324,0.22422331675243126,93.96666666666667,119.56666666666666,1.272437034409365,1.0,0.01064207165661582,0.0,126.0385480176062,126,127,not_identifiable_without_future_process_assumptions
cc1d00cdab41cd67,0,kick_back,2,0.0,0.0,16,0.01556231814190527,0.01556231814190527,0.5,32.12888950352648,0.5,2056.2489282256947,dispatch,fixed,0.25,1.0,8,256,59.5,22.2,0.373109243697479,32.37888950352648,0.39582451159825627,38.333333333333336,60.5,1.5782608695652174,1.0333333333333385,0.02695652173913057,0.0,63.50585087242546,63,64,not_identifiable_without_future_process_assumptions
5c904ae28358bc71,0,kick_back,2,0.0,0.0,16,0.01556231814190527,0.01556231814190527,0.5,64.25777900705296,1.0,2056.2489282256947,dispatch,fixed,0.25,1.0,8,256,29.633333333333333,18.233333333333334,0.6152980877390327,64.50777900705296,0.6335490424374879,12.433333333333334,30.633333333333333,2.4638069705093835,1.033333333333335,0.08310991957104572,0.008624708624708625,31.87598394917417,31,32,not_identifiable_without_future_process_assumptions
65511e47d2b27e24,0,kick_back,2,0.0,0.0,16,0.01556231814190527,0.01556231814190527,0.5,128.51555801410592,2.0,2056.2489282256947,dispatch,fixed,0.25,1.0,8,256,14.466666666666667,12.366666666666667,0.8548387096774194,128.76555801410592,0.8651902265151631,3.1,15.466666666666667,4.989247311827957,1.0000000000000004,0.3225806451612905,0.3055555555555556,15.968935792600986,15,16,not_identifiable_without_future_process_assumptions
4cda1abf86d416d1,0,kick_back,2,0.0,0.0,16,0.01556231814190527,0.01556231814190527,0.5,257.03111602821184,4.0,2056.2489282256947,dispatch,fixed,0.25,1.0,8,256,6.833333333333333,6.7,0.9804878048780489,257.28111602821184,0.981755481122366,1.1333333333333333,7.833333333333333,6.911764705882353,1.0000000000000004,0.882352941176471,0.9,7.992226401879488,7,8,not_identifiable_without_future_process_assumptions
8de0e771553b9fe2,0,kick_back,2,0.0,0.0,16,0.01556231814190527,0.01556231814190527,0.5,0.0,0.0,2056.2489282256947,dispatch,context,0.25,1.0,8,256,16.333333333333332,0.0,0.0,,,16.333333333333332,16.333333333333332,1.0,0.0,0.0,0.0,8224.995712902779,8224,,not_identifiable_without_future_process_assumptions
1ebc171fac396282,0,kick_back,2,0.0,0.0,16,0.01556231814190527,0.01556231814190527,0.5,16.06444475176324,0.25,2056.2489282256947,dispatch,context,0.25,1.0,8,256,81.5,24.533333333333335,0.3010224948875256,,,57.96666666666667,82.5,1.4232317423806784,1.0,0.017251293847038527,0.0,126.0385480176062,126,,not_identifiable_without_future_process_assumptions
ac07858dd809ab2a,0,kick_back,2,0.0,0.0,16,0.01556231814190527,0.01556231814190527,0.5,32.12888950352648,0.5,2056.2489282256947,dispatch,context,0.25,1.0,8,256,49.666666666666664,21.6,0.43489932885906046,,,29.066666666666666,50.666666666666664,1.7431192660550459,1.0000000000000036,0.03440366972477076,0.001282051282051282,63.50585087242546,63,,not_identifiable_without_future_process_assumptions
e47eb358461537ed,0,kick_back,2,0.0,0.0,16,0.01556231814190527,0.01556231814190527,0.5,64.25777900705296,1.0,2056.2489282256947,dispatch,context,0.25,1.0,8,256,27.833333333333332,17.4,0.6251497005988024,,,11.5,28.833333333333332,2.5072463768115942,1.0666666666666664,0.09275362318840577,0.013425925925925926,31.87598394917417,31,,not_identifiable_without_future_process_assumptions
5a43c475fe1a4b72,0,kick_back,2,0.0,0.0,16,0.01556231814190527,0.01556231814190527,0.5,128.51555801410592,2.0,2056.2489282256947,dispatch,context,0.25,1.0,8,256,14.233333333333333,12.2,0.8571428571428571,,,3.033333333333333,15.233333333333333,5.021978021978022,1.0,0.32967032967032966,0.24722222222222223,15.968935792600986,15,,not_identifiable_without_future_process_assumptions
a2902ebbf655ad7a,0,kick_back,2,0.0,0.0,16,0.01556231814190527,0.01556231814190527,0.5,257.03111602821184,4.0,2056.2489282256947,dispatch,context,0.25,1.0,8,256,6.8,6.666666666666667,0.9803921568627452,,,1.1333333333333333,7.8,6.882352941176471,1.0000000000000004,0.882352941176471,0.9,7.992226401879488,7,,not_identifiable_without_future_process_assumptions
fa4089d3c8bc0fba,0,kick_back,2,0.0,0.0,16,0.01556231814190527,0.01556231814190527,0.5,0.0,0.0,2056.2489282256947,start,fixed,0.25,1.0,8,256,16.233333333333334,0.0,0.0,0.25,0.0038830210364065496,16.233333333333334,16.233333333333334,1.0,0.0,0.0,0.0,8224.995712902779,8224,8225,not_identifiable_without_future_process_assumptions
f70ec1e80987e228,0,kick_back,2,0.0,0.0,16,0.01556231814190527,0.01556231814190527,0.5,16.06444475176324,0.25,2056.2489282256947,start,fixed,0.25,1.0,8,256,118.56666666666666,0.5666666666666667,0.004779308405960078,0.25,0.0038830210364065496,119.0,119.56666666666666,1.0047619047619047,1.0,0.008403361344537815,0.0,126.0385480176062,126,127,not_identifiable_without_future_process_assumptions
350876e5ac630b1c,0,kick_back,2,0.0,0.0,16,0.01556231814190527,0.01556231814190527,0.5,32.12888950352648,0.5,2056.2489282256947,start,fixed,0.25,1.0,8,256,59.5,0.2,0.0033613445378151263,0.25,0.0038830210364065496,60.3,60.5,1.0033167495854063,1.0,0.01658374792703151,0.0,63.50585087242546,63,64,not_identifiable_without_future_process_assumptions
3db81cf87ea6d9cb,0,kick_back,2,0.0,0.0,16,0.01556231814190527,0.01556231814190527,0.5,64.25777900705296,1.0,2056.2489282256947,start,fixed,0.25,1.0,8,256,29.633333333333333,0.3333333333333333,0.01124859392575928,0.25,0.0038830210364065496,30.3,30.633333333333333,1.011001100110011,1.0,0.033003300330033,0.0,31.87598394917417,31,32,not_identifiable_without_future_process_assumptions
4dab0b6f386e4f6f,0,kick_back,2,0.0,0.0,16,0.01556231814190527,0.01556231814190527,0.5,128.51555801410592,2.0,2056.2489282256947,start,fixed,0.25,1.0,8,256,14.466666666666667,0.0,0.0,0.25,0.0038830210364065496,15.466666666666667,15.466666666666667,1.0,1.0,0.06465517241379311,0.0,15.968935792600986,15,16,not_identifiable_without_future_process_assumptions
c2e3fc9abe41e451,0,kick_back,2,0.0,0.0,16,0.01556231814190527,0.01556231814190527,0.5,257.03111602821184,4.0,2056.2489282256947,start,fixed,0.25,1.0,8,256,6.833333333333333,0.03333333333333333,0.004878048780487805,0.25,0.0038830210364065496,7.8,7.833333333333333,1.0042735042735043,1.0,0.12820512820512822,0.0,7.992226401879488,7,8,not_identifiable_without_future_process_assumptions
3a615c6798a28356,0,kick_back,2,0.0,0.0,16,0.01556231814190527,0.01556231814190527,0.5,0.0,0.0,2056.2489282256947,start,context,0.25,1.0,8,256,16.333333333333332,0.0,0.0,,,16.333333333333332,16.333333333333332,1.0,0.0,0.0,0.0,8224.995712902779,8224,,not_identifiable_without_future_process_assumptions
134e77f96118d1d6,0,kick_back,2,0.0,0.0,16,0.01556231814190527,0.01556231814190527,0.5,16.06444475176324,0.25,2056.2489282256947,start,context,0.25,1.0,8,256,76.43333333333334,10.0,0.13083296990841692,,,67.43333333333334,77.43333333333334,1.148294611962432,1.0,0.014829461196243203,0.0,126.0385480176062,126,,not_identifiable_without_future_process_assumptions
edb161cdaa135797,0,kick_back,2,0.0,0.0,16,0.01556231814190527,0.01556231814190527,0.5,32.12888950352648,0.5,2056.2489282256947,start,context,0.25,1.0,8,256,45.93333333333333,6.366666666666666,0.1386066763425254,,,40.56666666666667,46.93333333333333,1.1569433032046013,1.000000000000007,0.02465078060805276,0.0,63.50585087242546,63,,not_identifiable_without_future_process_assumptions
5d133770e224f260,0,kick_back,2,0.0,0.0,16,0.01556231814190527,0.01556231814190527,0.5,64.25777900705296,1.0,2056.2489282256947,start,context,0.25,1.0,8,256,25.466666666666665,3.4,0.13350785340314136,,,23.066666666666666,26.466666666666665,1.1473988439306357,1.0,0.04335260115606936,0.0,31.87598394917417,31,,not_identifiable_without_future_process_assumptions
495c0efea851462a,0,kick_back,2,0.0,0.0,16,0.01556231814190527,0.01556231814190527,0.5,128.51555801410592,2.0,2056.2489282256947,start,context,0.25,1.0,8,256,13.4,1.9333333333333333,0.14427860696517414,,,12.533333333333333,14.4,1.148936170212766,1.0666666666666664,0.08510638297872339,0.0,15.968935792600986,15,,not_identifiable_without_future_process_assumptions
c08dfc20875c223a,0,kick_back,2,0.0,0.0,16,0.01556231814190527,0.01556231814190527,0.5,257.03111602821184,4.0,2056.2489282256947,start,context,0.25,1.0,8,256,6.733333333333333,1.3,0.19306930693069307,,,6.466666666666667,7.733333333333333,1.1958762886597938,1.0333333333333332,0.15979381443298968,0.0,7.992226401879488,7,,not_identifiable_without_future_process_assumptions
ddb3576bf600537b,0,kick_back,2,0.0,0.0,64,0.06872332143144783,0.06872332143144783,0.5,0.0,0.0,465.6352360955125,dispatch,fixed,0.25,1.0,8,256,16.0,0.0,0.0,0.25,0.017034081516169853,16.033333333333335,16.033333333333335,1.0,0.03333333333333499,0.0020790020790021823,0.0,1862.54094438205,1862,1863,not_identifiable_without_future_process_assumptions
a493d46dfbebd57f,0,kick_back,2,0.0,0.0,64,0.06872332143144783,0.06872332143144783,0.5,3.6377752819961913,0.25,465.6352360955125,dispatch,fixed,0.25,1.0,8,256,110.93333333333334,24.1,0.21724759615384617,3.8877752819961913,0.23446537295229034,87.83333333333333,111.93333333333334,1.27438330170778,0.9999999999999858,0.011385199240986556,0.0,119.76907159521589,119,120,not_identifiable_without_future_process_assumptions
371c249afde6ef17,0,kick_back,2,0.0,0.0,64,0.06872332143144783,0.06872332143144783,0.5,7.2755505639923825,0.5,465.6352360955125,dispatch,fixed,0.25,1.0,8,256,58.266666666666666,22.666666666666668,0.3890160183066362,7.5255505639923825,0.4038010329869679,36.6,59.266666666666666,1.6193078324225865,1.000000000000007,0.027322404371584893,0.0,61.87390970747636,61,62,not_identifiable_without_future_process_assumptions
b7694b73f3523093,0,kick_back,2,0.0,0.0,64,0.06872332143144783,0.06872332143144783,0.5,14.551101127984765,1.0,465.6352360955125,dispatch,fixed,0.25,1.0,8,256,29.366666666666667,18.433333333333334,0.6276958002270148,14.801101127984765,0.6383870472175951,12.0,30.366666666666667,2.5305555555555554,1.0666666666666664,0.08888888888888886,0.0030303030303030303,31.459499672975397,31,32,not_identifiable_without_future_process_assumptions
75605433b52537b5,0,kick_back,2,0.0,0.0,64,0.06872332143144783,0.06872332143144783,0.5,29.10220225596953,2.0,465.6352360955125,dispatch,fixed,0.25,1.0,8,256,14.5,12.466666666666667,0.8597701149425288,29.35220225596953,0.8669700290100537,3.066666666666667,15.5,5.054347826086956,1.0333333333333337,0.33695652173913054,0.21388888888888888,15.863724024346878,15,16,not_identifiable_without_future_process_assumptions
ff50f694d9bdc4a4,0,kick_back,2,0.0,0.0,64,0.06872332143144783,0.06872332143144783,0.5,58.20440451193906,4.0,465.6352360955125,dispatch,fixed,0.25,1.0,8,256,6.866666666666666,6.7,0.975728155339806,58.45440451193906,0.9819963511971173,1.1666666666666667,7.866666666666666,6.742857142857142,1.0000000000000007,0.8571428571428577,0.85,7.965785298529703,7,8,not_identifiable_without_future_process_assumptions
2de593103b175773,0,kick_back,2,0.0,0.0,64,0.06872332143144783,0.06872332143144783,0.5,0.0,0.0,465.6352360955125,dispatch,context,0.25,1.0,8,256,16.433333333333334,0.03333333333333333,0.002028397565922921,,,16.433333333333334,16.466666666666665,1.0020283975659228,0.03333333333333499,0.002028397565923022,0.0,1862.54094438205,1862,,not_identifiable_without_future_process_assumptions
87040ac96ce4daf9,0,kick_back,2,0.0,0.0,64,0.06872332143144783,0.06872332143144783,0.5,3.6377752819961913,0.25,465.6352360955125,dispatch,context,0.25,1.0,8,256,75.63333333333334,23.3,0.30806522697223443,,,53.333333333333336,76.63333333333334,1.4368750000000001,0.9999999999999929,0.018749999999999867,0.0,119.76907159521589,119,,not_identifiable_without_future_process_assumptions
d3dfa838634c7fd9,0,kick_back,2,0.0,0.0,64,0.06872332143144783,0.06872332143144783,0.5,7.2755505639923825,0.5,465.6352360955125,dispatch,context,0.25,1.0,8,256,48.06666666666667,22.033333333333335,0.45839112343966715,,,27.033333333333335,49.06666666666667,1.8150431565967942,1.0,0.03699136868064118,0.0,61.87390970747636,61,,not_identifiable_without_future_process_assumptions
3148df38ea1824eb,0,kick_back,2,0.0,0.0,64,0.06872332143144783,0.06872332143144783,0.5,14.551101127984765,1.0,465.6352360955125,dispatch,context,0.25,1.0,8,256,27.2,17.9,0.6580882352941176,,,10.366666666666667,28.2,2.720257234726688,1.0666666666666664,0.10289389067524113,0.014604377104377104,31.459499672975397,31,,not_identifiable_without_future_process_assumptions
9790272b43e888c7,0,kick_back,2,0.0,0.0,64,0.06872332143144783,0.06872332143144783,0.5,29.10220225596953,2.0,465.6352360955125,dispatch,context,0.25,1.0,8,256,14.166666666666666,12.2,0.8611764705882353,,,3.0,15.166666666666666,5.055555555555555,1.0333333333333332,0.3444444444444444,0.37777777777777777,15.863724024346878,15,,not_identifiable_without_future_process_assumptions
ce75450ecc325a3c,0,kick_back,2,0.0,0.0,64,0.06872332143144783,0.06872332143144783,0.5,58.20440451193906,4.0,465.6352360955125,dispatch,context,0.25,1.0,8,256,6.8,6.6,0.9705882352941176,,,1.2,7.8,6.5,0.9999999999999998,0.8333333333333331,0.85,7.965785298529703,7,,not_identifiable_without_future_process_assumptions
fe4b210ca9501577,0,kick_back,2,0.0,0.0,64,0.06872332143144783,0.06872332143144783,0.5,0.0,0.0,465.6352360955125,start,fixed,0.25,1.0,8,256,16.0,0.0,0.0,0.25,0.017034081516169853,16.033333333333335,16.033333333333335,1.0,0.03333333333333499,0.0020790020790021823,0.0,1862.54094438205,1862,1863,not_identifiable_without_future_process_assumptions
74b07ff36fda2c73,0,kick_back,2,0.0,0.0,64,0.06872332143144783,0.06872332143144783,0.5,3.6377752819961913,0.25,465.6352360955125,start,fixed,0.25,1.0,8,256,108.56666666666666,2.0,0.018421860607921402,0.25,0.017034081516169853,107.56666666666666,109.56666666666666,1.0185931205453982,1.0,0.009296560272699102,0.0,119.76907159521589,119,120,not_identifiable_without_future_process_assumptions
3ae90918e198ebed,0,kick_back,2,0.0,0.0,64,0.06872332143144783,0.06872332143144783,0.5,7.2755505639923825,0.5,465.6352360955125,start,fixed,0.25,1.0,8,256,58.2,1.4333333333333333,0.024627720504009163,0.25,0.017034081516169853,57.8,59.2,1.0242214532871974,1.0333333333333243,0.017877739331026373,0.0,61.87390970747636,61,62,not_identifiable_without_future_process_assumptions
1b1b15e4caa57cd6,0,kick_back,2,0.0,0.0,64,0.06872332143144783,0.06872332143144783,0.5,14.551101127984765,1.0,465.6352360955125,start,fixed,0.25,1.0,8,256,29.366666666666667,0.36666666666666664,0.012485811577752554,0.25,0.017034081516169853,30.2,30.366666666666667,1.0055187637969096,1.1999999999999993,0.03973509933774832,0.0,31.459499672975397,31,32,not_identifiable_without_future_process_assumptions
06473c6cf3ced5a3,0,kick_back,2,0.0,0.0,64,0.06872332143144783,0.06872332143144783,0.5,29.10220225596953,2.0,465.6352360955125,start,fixed,0.25,1.0,8,256,14.5,0.16666666666666666,0.011494252873563218,0.25,0.017034081516169853,15.533333333333333,15.5,0.9978540772532188,1.1999999999999993,0.07725321888412012,0.0,15.863724024346878,15,16,not_identifiable_without_future_process_assumptions
9f094c5249de2977,0,kick_back,2,0.0,0.0,64,0.06872332143144783,0.06872332143144783,0.5,58.20440451193906,4.0,465.6352360955125,start,fixed,0.25,1.0,8,256,6.866666666666666,0.03333333333333333,0.004854368932038835,0.25,0.017034081516169853,7.933333333333334,7.866666666666666,0.9915966386554621,1.1000000000000005,0.138655462184874,0.0,7.965785298529703,7,8,not_identifiable_without_future_process_assumptions
6c5bc5697351df14,0,kick_back,2,0.0,0.0,64,0.06872332143144783,0.06872332143144783,0.5,0.0,0.0,465.6352360955125,start,context,0.25,1.0,8,256,16.433333333333334,0.03333333333333333,0.002028397565922921,,,16.433333333333334,16.466666666666665,1.0020283975659228,0.03333333333333499,0.002028397565923022,0.0,1862.54094438205,1862,,not_identifiable_without_future_process_assumptions
13e7b62f2d527842,0,kick_back,2,0.0,0.0,64,0.06872332143144783,0.06872332143144783,0.5,3.6377752819961913,0.25,465.6352360955125,start,context,0.25,1.0,8,256,69.93333333333334,9.4,0.1344137273593899,,,61.56666666666667,70.93333333333334,1.1521386031402274,1.0333333333333314,0.016783974011911177,0.0,119.76907159521589,119,,not_identifiable_without_future_process_assumptions
8efea0537d0d2fba,0,kick_back,2,0.0,0.0,64,0.06872332143144783,0.06872332143144783,0.5,7.2755505639923825,0.5,465.6352360955125,start,context,0.25,1.0,8,256,44.56666666666667,6.166666666666667,0.13836948391922213,,,39.4,45.56666666666667,1.1565143824027073,0.9999999999999929,0.025380710659898296,0.0,61.87390970747636,61,,not_identifiable_without_future_process_assumptions
f9fc2ff54eb600f8,0,kick_back,2,0.0,0.0,64,0.06872332143144783,0.06872332143144783,0.5,14.551101127984765,1.0,465.6352360955125,start,context,0.25,1.0,8,256,25.366666666666667,3.4,0.1340341655716163,,,23.1,26.366666666666667,1.1414141414141414,1.1333333333333329,0.049062049062049036,0.0,31.459499672975397,31,,not_identifiable_without_future_process_assumptions
7e48c81e02996431,0,kick_back,2,0.0,0.0,64,0.06872332143144783,0.06872332143144783,0.5,29.10220225596953,2.0,465.6352360955125,start,context,0.25,1.0,8,256,13.366666666666667,2.066666666666667,0.1546134663341646,,,12.433333333333334,14.366666666666667,1.155495978552279,1.1333333333333329,0.09115281501340479,0.0,15.863724024346878,15,,not_identifiable_without_future_process_assumptions
a9357651fbbbafe2,0,kick_back,2,0.0,0.0,64,0.06872332143144783,0.06872332143144783,0.5,58.20440451193906,4.0,465.6352360955125,start,context,0.25,1.0,8,256,6.7,1.0,0.14925373134328357,,,6.833333333333333,7.7,1.126829268292683,1.1333333333333329,0.1658536585365853,0.0,7.965785298529703,7,,not_identifiable_without_future_process_assumptions
02b20d8006444bf2,1,kick_back,4,0.0,0.0,4,0.003435063819150432,0.010305191457451296,0.5,0.0,0.0,3105.2310024635212,dispatch,fixed,0.25,1.0,8,256,33.1,0.0,0.0,0.25,0.0025729820571334544,33.1,33.1,1.0,0.0,0.0,0.0,12420.924009854085,12420,12421,not_identifiable_without_future_process_assumptions
3707cb5b5d32215d,1,kick_back,4,0.0,0.0,4,0.003435063819150432,0.010305191457451296,0.5,24.25961720674626,0.25,3105.2310024635212,dispatch,fixed,0.25,1.0,8,256,122.93333333333334,12.4,0.10086767895878525,24.50961720674626,0.22320305736951937,113.53333333333333,123.93333333333334,1.0916030534351147,3.0,0.026423957721667647,0.0,126.69439005390944,126,127,not_identifiable_without_future_process_assumptions
87fe399ab241af87,1,kick_back,4,0.0,0.0,4,0.003435063819150432,0.010305191457451296,0.5,48.51923441349252,0.5,3105.2310024635212,dispatch,fixed,0.25,1.0,8,256,61.46666666666667,11.4,0.18546637744034708,48.76923441349252,0.3950299327919085,53.06666666666667,62.46666666666667,1.1771356783919598,3.0,0.05653266331658291,0.0,63.671924314736145,63,64,not_identifiable_without_future_process_assumptions
cfc00d9707027260,1,kick_back,4,0.0,0.0,4,0.003435063819150432,0.010305191457451296,0.5,97.03846882698504,1.0,3105.2310024635212,dispatch,fixed,0.25,1.0,8,256,30.566666666666666,10.466666666666667,0.3424209378407852,97.28846882698504,0.6330671060298801,23.1,31.566666666666666,1.3665223665223665,3.0,0.12987012987012986,0.0,31.91777031649838,31,32,not_identifiable_without_future_process_assumptions
da826101a53572f3,1,kick_back,4,0.0,0.0,4,0.003435063819150432,0.010305191457451296,0.5,194.07693765397008,2.0,3105.2310024635212,dispatch,fixed,0.25,1.0,8,256,14.9,8.266666666666667,0.5548098434004475,194.32693765397008,0.8650129320188522,9.633333333333333,15.9,1.6505190311418687,3.0,0.31141868512110726,0.008928571428571428,15.97941613217246,15,16,not_identifiable_without_future_process_assumptions
de6fe7be801f0b4c,1,kick_back,4,0.0,0.0,4,0.003435063819150432,0.010305191457451296,0.5,388.15387530794015,4.0,3105.2310024635212,dispatch,fixed,0.25,1.0,8,256,6.966666666666667,5.833333333333333,0.8373205741626794,388.40387530794015,0.9817314869214915,4.133333333333334,7.966666666666667,1.9274193548387095,3.0,0.7258064516129031,0.06222222222222222,7.994850720790532,7,8,not_identifiable_without_future_process_assumptions
7c6899635b1f253d,1,kick_back,4,0.0,0.0,4,0.003435063819150432,0.010305191457451296,0.5,0.0,0.0,3105.2310024635212,dispatch,context,0.25,1.0,8,256,33.13333333333333,0.03333333333333333,0.001006036217303823,,,33.1,33.13333333333333,1.001007049345418,0.0,0.0,0.0,12420.924009854085,12420,,not_identifiable_without_future_process_assumptions
913a51e3831212b8,1,kick_back,4,0.0,0.0,4,0.003435063819150432,0.010305191457451296,0.5,24.25961720674626,0.25,3105.2310024635212,dispatch,context,0.25,1.0,8,256,79.3,12.133333333333333,0.15300546448087432,,,70.16666666666667,80.3,1.144418052256532,3.000000000000014,0.042755344418052454,0.0,126.69439005390944,126,,not_identifiable_without_future_process_assumptions
b60651adb91d876d,1,kick_back,4,0.0,0.0,4,0.003435063819150432,0.010305191457451296,0.5,48.51923441349252,0.5,3105.2310024635212,dispatch,context,0.25,1.0,8,256,48.46666666666667,11.8,0.24346629986244842,,,39.666666666666664,49.46666666666667,1.247058823529412,2.999999999999993,0.07563025210084016,0.0,63.671924314736145,63,,not_identifiable_without_future_process_assumptions
c040aa23b28b32e8,1,kick_back,4,0.0,0.0,4,0.003435063819150432,0.010305191457451296,0.5,97.03846882698504,1.0,3105.2310024635212,dispatch,context,0.25,1.0,8,256,27.266666666666666,10.166666666666666,0.3728606356968215,,,20.1,28.266666666666666,1.4063018242122718,3.0,0.14925373134328357,0.0,31.91777031649838,31,,not_identifiable_without_future_process_assumptions
138f41a1602780bc,1,kick_back,4,0.0,0.0,4,0.003435063819150432,0.010305191457451296,0.5,194.07693765397008,2.0,3105.2310024635212,dispatch,context,0.25,1.0,8,256,14.4,8.266666666666667,0.5740740740740741,,,9.133333333333333,15.4,1.686131386861314,3.0,0.3284671532846716,0.01798941798941799,15.97941613217246,15,,not_identifiable_without_future_process_assumptions
20ba252ff559da54,1,kick_back,4,0.0,0.0,4,0.003435063819150432,0.010305191457451296,0.5,388.15387530794015,4.0,3105.2310024635212,dispatch,context,0.25,1.0,8,256,6.966666666666667,5.866666666666666,0.8421052631578947,,,4.1,7.966666666666667,1.9430894308943092,2.999999999999999,0.7317073170731706,0.06222222222222222,7.994850720790532,7,,not_identifiable_without_future_process_assumptions
d8d14b4e07c89637,1,kick_back,4,0.0,0.0,4,0.003435063819150432,0.010305191457451296,0.5,0.0,0.0,3105.2310024635212,start,fixed,0.25,1.0,8,256,33.1,0.0,0.0,0.25,0.0025729820571334544,33.1,33.1,1.0,0.0,0.0,0.0,12420.924009854085,12420,12421,not_identifiable_without_future_process_assumptions
8c1d6df6dd5658a5,1,kick_back,4,0.0,0.0,4,0.003435063819150432,0.010305191457451296,0.5,24.25961720674626,0.25,3105.2310024635212,start,fixed,0.25,1.0,8,256,122.93333333333334,0.3,0.002440347071583514,0.25,0.0025729820571334544,125.63333333333334,123.93333333333334,0.9864685592995489,3.0,0.023879013000795965,0.0,126.69439005390944,126,127,not_identifiable_without_future_process_assumptions
3fcd2dbee09e2e1b,1,kick_back,4,0.0,0.0,4,0.003435063819150432,0.010305191457451296,0.5,48.51923441349252,0.5,3105.2310024635212,start,fixed,0.25,1.0,8,256,61.46666666666667,0.1,0.0016268980477223427,0.25,0.0025729820571334544,64.36666666666666,62.46666666666667,0.9704816157431384,2.999999999999993,0.046607975142413154,0.0,63.671924314736145,63,64,not_identifiable_without_future_process_assumptions
cfc9652c78eaf652,1,kick_back,4,0.0,0.0,4,0.003435063819150432,0.010305191457451296,0.5,97.03846882698504,1.0,3105.2310024635212,start,fixed,0.25,1.0,8,256,30.566666666666666,0.06666666666666667,0.0021810250817884407,0.25,0.0025729820571334544,33.5,31.566666666666666,0.9422885572139303,3.0,0.08955223880597014,0.0,31.91777031649838,31,32,not_identifiable_without_future_process_assumptions
f787499fc07184e2,1,kick_back,4,0.0,0.0,4,0.003435063819150432,0.010305191457451296,0.5,194.07693765397008,2.0,3105.2310024635212,start,fixed,0.25,1.0,8,256,14.9,0.0,0.0,0.25,0.0025729820571334544,17.9,15.9,0.8882681564245811,2.9999999999999982,0.1675977653631284,0.0,15.97941613217246,15,16,not_identifiable_without_future_process_assumptions
32317f42642bca58,1,kick_back,4,0.0,0.0,4,0.003435063819150432,0.010305191457451296,0.5,388.15387530794015,4.0,3105.2310024635212,start,fixed,0.25,1.0,8,256,6.966666666666667,0.03333333333333333,0.004784688995215311,0.25,0.0025729820571334544,9.933333333333334,7.966666666666667,0.802013422818792,3.0,0.30201342281879195,0.0,7.994850720790532,7,8,not_identifiable_without_future_process_assumptions
4c2c30fddaa5ead8,1,kick_back,4,0.0,0.0,4,0.003435063819150432,0.010305191457451296,0.5,0.0,0.0,3105.2310024635212,start,context,0.25,1.0,8,256,33.13333333333333,0.03333333333333333,0.001006036217303823,,,33.1,33.13333333333333,1.001007049345418,0.0,0.0,0.0,12420.924009854085,12420,,not_identifiable_without_future_process_assumptions
f865cb66292ed04a,1,kick_back,4,0.0,0.0,4,0.003435063819150432,0.010305191457451296,0.5,24.25961720674626,0.25,3105.2310024635212,start,context,0.25,1.0,8,256,76.66666666666667,4.666666666666667,0.06086956521739131,,,75.0,77.66666666666667,1.0355555555555556,3.0,0.04,0.0,126.69439005390944,126,,not_identifiable_without_future_process_assumptions
0e8e2cf31b44a679,1,kick_back,4,0.0,0.0,4,0.003435063819150432,0.010305191457451296,0.5,48.51923441349252,0.5,3105.2310024635212,start,context,0.25,1.0,8,256,46.06666666666667,3.0,0.06512301013024602,,,46.06666666666667,47.06666666666667,1.0217076700434153,3.0,0.06512301013024602,0.0,63.671924314736145,63,,not_identifiable_without_future_process_assumptions
8e26d8c148356661,1,kick_back,4,0.0,0.0,4,0.003435063819150432,0.010305191457451296,0.5,97.03846882698504,1.0,3105.2310024635212,start,context,0.25,1.0,8,256,25.766666666666666,1.6,0.06209573091849936,,,27.166666666666668,26.766666666666666,0.9852760736196319,3.0000000000000036,0.11042944785276086,0.0,31.91777031649838,31,,not_identifiable_without_future_process_assumptions
d4ca42d7e3c1c224,1,kick_back,4,0.0,0.0,4,0.003435063819150432,0.010305191457451296,0.5,194.07693765397008,2.0,3105.2310024635212,start,context,0.25,1.0,8,256,13.666666666666666,0.7666666666666667,0.056097560975609764,,,15.9,14.666666666666666,0.9224318658280922,3.0000000000000018,0.18867924528301896,0.0,15.97941613217246,15,,not_identifiable_without_future_process_assumptions
b6d0ac26e828cd0b,1,kick_back,4,0.0,0.0,4,0.003435063819150432,0.010305191457451296,0.5,388.15387530794015,4.0,3105.2310024635212,start,context,0.25,1.0,8,256,6.933333333333334,0.43333333333333335,0.0625,,,9.5,7.933333333333334,0.8350877192982457,3.0,0.3157894736842105,0.0,7.994850720790532,7,,not_identifiable_without_future_process_assumptions
7ffbca498ce8f21a,1,kick_back,4,0.0,0.0,16,0.01556231814190527,0.04668695442571581,0.5,0.0,0.0,685.416309408565,dispatch,fixed,0.25,1.0,8,256,33.833333333333336,0.0,0.0,0.25,0.011603888099730056,33.833333333333336,33.833333333333336,1.0,0.0,0.0,0.0,2741.66523763426,2741,2742,not_identifiable_without_future_process_assumptions
10d3547ed2a37f76,1,kick_back,4,0.0,0.0,16,0.01556231814190527,0.04668695442571581,0.5,5.354814917254414,0.25,685.416309408565,dispatch,fixed,0.25,1.0,8,256,116.6,11.033333333333333,0.09462550028587764,5.604814917254414,0.23023633406733784,108.53333333333333,117.6,1.0835380835380835,2.9666666666666686,0.027334152334152352,0.0,122.29062324582958,122,123,not_identifiable_without_future_process_assumptions
fdae7268df4944dc,1,kick_back,4,0.0,0.0,16,0.01556231814190527,0.04668695442571581,0.5,10.709629834508828,0.5,685.416309408565,dispatch,fixed,0.25,1.0,8,256,59.86666666666667,11.4,0.19042316258351893,10.959629834508828,0.40050745419172745,51.46666666666667,60.86666666666667,1.182642487046632,3.0,0.05829015544041451,0.0,62.540096678300166,62,63,not_identifiable_without_future_process_assumptions
6b8c21b4615cc392,1,kick_back,4,0.0,0.0,16,0.01556231814190527,0.04668695442571581,0.5,21.419259669017656,1.0,685.416309408565,dispatch,fixed,0.25,1.0,8,256,30.033333333333335,9.766666666666667,0.3251942286348502,21.669259669017656,0.6363893906981024,23.3,31.033333333333335,1.3319027181688126,3.033333333333335,0.13018597997138776,0.0,31.630813413923953,31,32,not_identifiable_without_future_process_assumptions
9d9e9e0c0aa33826,1,kick_back,4,0.0,0.0,16,0.01556231814190527,0.04668695442571581,0.5,42.83851933803531,2.0,685.416309408565,dispatch,fixed,0.25,1.0,8,256,14.733333333333333,8.333333333333334,0.5656108597285069,43.08851933803531,0.8662351322460102,9.4,15.733333333333333,1.6737588652482267,3.0000000000000018,0.31914893617021295,0.0037037037037037034,15.90716784745794,15,16,not_identifiable_without_future_process_assumptions
9e253da13fdcf05d,1,kick_back,4,0.0,0.0,16,0.01556231814190527,0.04668695442571581,0.5,85.67703867607062,4.0,685.416309408565,dispatch,fixed,0.25,1.0,8,256,6.933333333333334,5.433333333333334,0.7836538461538461,85.92703867607062,0.9818968937354058,4.5,7.933333333333334,1.762962962962963,3.0,0.6666666666666666,0.06111111111111111,7.976724439352092,7,8,not_identifiable_without_future_process_assumptions
484d762965781247,1,kick_back,4,0.0,0.0,16,0.01556231814190527,0.04668695442571581,0.5,0.0,0.0,685.416309408565,dispatch,context,0.25,1.0,8,256,34.4,0.06666666666666667,0.001937984496124031,,,34.333333333333336,34.4,1.0019417475728154,7.105427357601002e-15,2.0695419488158256e-16,0.0,2741.66523763426,2741,,not_identifiable_without_future_process_assumptions
a23b8544feaff105,1,kick_back,4,0.0,0.0,16,0.01556231814190527,0.04668695442571581,0.5,5.354814917254414,0.25,685.416309408565,dispatch,context,0.25,1.0,8,256,76.5,10.833333333333334,0.14161220043572986,,,68.73333333333333,77.5,1.1275460717749757,3.066666666666663,0.04461687681862264,0.0,122.29062324582958,122,,not_identifiable_without_future_process_assumptions
1c9853144c300693,1,kick_back,4,0.0,0.0,16,0.01556231814190527,0.04668695442571581,0.5,10.709629834508828,0.5,685.416309408565,dispatch,context,0.25,1.0,8,256,46.63333333333333,10.566666666666666,0.226590421729807,,,39.06666666666667,47.63333333333333,1.219283276450512,3.000000000000007,0.07679180887372031,0.0,62.540096678300166,62,,not_identifiable_without_future_process_assumptions
55558788ce745332,1,kick_back,4,0.0,0.0,16,0.01556231814190527,0.04668695442571581,0.5,21.419259669017656,1.0,685.416309408565,dispatch,context,0.25,1.0,8,256,26.5,9.2,0.3471698113207547,,,20.3,27.5,1.354679802955665,3.0,0.14778325123152708,0.0,31.630813413923953,31,,not_identifiable_without_future_process_assumptions
4cf7e12e332832a4,1,kick_back,4,0.0,0.0,16,0.01556231814190527,0.04668695442571581,0.5,42.83851933803531,2.0,685.416309408565,dispatch,context,0.25,1.0,8,256,14.066666666666666,8.4,0.5971563981042655,,,8.666666666666666,15.066666666666666,1.7384615384615385,3.0,0.3461538461538462,0.01111111111111111,15.90716784745794,15,,not_identifiable_without_future_process_assumptions
d9ecd99ca345419c,1,kick_back,4,0.0,0.0,16,0.01556231814190527,0.04668695442571581,0.5,85.67703867607062,4.0,685.416309408565,dispatch,context,0.25,1.0,8,256,6.933333333333334,5.533333333333333,0.798076923076923,,,4.4,7.933333333333334,1.803030303030303,3.0,0.6818181818181818,0.07222222222222222,7.976724439352092,7,,not_identifiable_without_future_process_assumptions
8c43ef60ff809e72,1,kick_back,4,0.0,0.0,16,0.01556231814190527,0.04668695442571581,0.5,0.0,0.0,685.416309408565,start,fixed,0.25,1.0,8,256,33.833333333333336,0.0,0.0,0.25,0.011603888099730056,33.833333333333336,33.833333333333336,1.0,0.0,0.0,0.0,2741.66523763426,2741,2742,not_identifiable_without_future_process_assumptions
032c0619b8f3f009,1,kick_back,4,0.0,0.0,16,0.01556231814190527,0.04668695442571581,0.5,5.354814917254414,0.25,685.416309408565,start,fixed,0.25,1.0,8,256,116.6,0.6,0.005145797598627788,0.25,0.011603888099730056,118.96666666666667,117.6,0.9885121882880358,2.9666666666666686,0.024936957130848994,0.0,122.29062324582958,122,123,not_identifiable_without_future_process_assumptions
239187bc9ecf2ed4,1,kick_back,4,0.0,0.0,16,0.01556231814190527,0.04668695442571581,0.5,10.709629834508828,0.5,685.416309408565,start,fixed,0.25,1.0,8,256,59.86666666666667,0.3,0.005011135857461024,0.25,0.011603888099730056,62.56666666666667,60.86666666666667,0.9728289824187533,3.0,0.04794885455514118,0.0,62.540096678300166,62,63,not_identifiable_without_future_process_assumptions
c721de96820cdbc1,1,kick_back,4,0.0,0.0,16,0.01556231814190527,0.04668695442571581,0.5,21.419259669017656,1.0,685.416309408565,start,fixed,0.25,1.0,8,256,30.033333333333335,0.13333333333333333,0.004439511653718091,0.25,0.011603888099730056,32.9,31.033333333333335,0.9432624113475179,2.9999999999999964,0.0911854103343464,0.0,31.630813413923953,31,32,not_identifiable_without_future_process_assumptions
c4659f8f06dc7b92,1,kick_back,4,0.0,0.0,16,0.01556231814190527,0.04668695442571581,0.5,42.83851933803531,2.0,685.416309408565,start,fixed,0.25,1.0,8,256,14.733333333333333,0.06666666666666667,0.004524886877828055,0.25,0.011603888099730056,17.666666666666668,15.733333333333333,0.890566037735849,3.0000000000000018,0.16981132075471708,0.0,15.90716784745794,15,16,not_identifiable_without_future_process_assumptions
aa685c470f857ca4,1,kick_back,4,0.0,0.0,16,0.01556231814190527,0.04668695442571581,0.5,85.67703867607062,4.0,685.416309408565,start,fixed,0.25,1.0,8,256,6.933333333333334,0.06666666666666667,0.009615384615384614,0.25,0.011603888099730056,9.866666666666667,7.933333333333334,0.8040540540540541,3.0,0.30405405405405406,0.0,7.976724439352092,7,8,not_identifiable_without_future_process_assumptions
3c8354c4bfc5af7a,1,kick_back,4,0.0,0.0,16,0.01556231814190527,0.04668695442571581,0.5,0.0,0.0,685.416309408565,start,context,0.25,1.0,8,256,34.4,0.06666666666666667,0.001937984496124031,,,34.333333333333336,34.4,1.0019417475728154,7.105427357601002e-15,2.0695419488158256e-16,0.0,2741.66523763426,2741,,not_identifiable_without_future_process_assumptions
1cb66000dc7c3665,1,kick_back,4,0.0,0.0,16,0.01556231814190527,0.04668695442571581,0.5,5.354814917254414,0.25,685.416309408565,start,context,0.25,1.0,8,256,73.4,5.3,0.07220708446866485,,,71.1,74.4,1.0464135021097047,2.999999999999986,0.04219409282700402,0.0,122.29062324582958,122,,not_identifiable_without_future_process_assumptions
2265a6cdbcbf2b51,1,kick_back,4,0.0,0.0,16,0.01556231814190527,0.04668695442571581,0.5,10.709629834508828,0.5,685.416309408565,start,context,0.25,1.0,8,256,44.733333333333334,3.2666666666666666,0.07302533532041729,,,44.46666666666667,45.733333333333334,1.0284857571214392,3.0,0.06746626686656672,0.0,62.540096678300166,62,,not_identifiable_without_future_process_assumptions
077f99ce32087edf,1,kick_back,4,0.0,0.0,16,0.01556231814190527,0.04668695442571581,0.5,21.419259669017656,1.0,685.416309408565,start,context,0.25,1.0,8,256,25.433333333333334,2.1333333333333333,0.08387942332896461,,,26.3,26.433333333333334,1.0050697084917617,3.0,0.11406844106463879,0.0,31.630813413923953,31,,not_identifiable_without_future_process_assumptions
6ae9c5d910d3daed,1,kick_back,4,0.0,0.0,16,0.01556231814190527,0.04668695442571581,0.5,42.83851933803531,2.0,685.416309408565,start,context,0.25,1.0,8,256,13.5,0.8666666666666667,0.06419753086419754,,,15.666666666666666,14.5,0.9255319148936171,3.033333333333333,0.19361702127659575,0.0,15.90716784745794,15,,not_identifiable_without_future_process_assumptions
078e784a58246c26,1,kick_back,4,0.0,0.0,16,0.01556231814190527,0.04668695442571581,0.5,85.67703867607062,4.0,685.416309408565,start,context,0.25,1.0,8,256,6.833333333333333,0.5666666666666667,0.08292682926829269,,,9.266666666666667,7.833333333333333,0.8453237410071941,3.000000000000001,0.32374100719424465,0.0,7.976724439352092,7,,not_identifiable_without_future_process_assumptions
0a5f08c55f41e3dc,1,kick_back,4,0.0,0.0,64,0.06872332143144783,0.20616996429434348,0.5,0.0,0.0,256.0,dispatch,fixed,0.25,1.0,8,256,55.93333333333333,0.0,0.0,0.25,0.050236707357164144,56.06666666666667,56.06666666666667,1.0,0.13333333333333997,0.0023781212841856116,0.0,1024.0,1024,1025,not_identifiable_without_future_process_assumptions
5169b70191430273,1,kick_back,4,0.0,0.0,64,0.06872332143144783,0.20616996429434348,0.5,1.212591760665397,0.25,256.0,dispatch,fixed,0.25,1.0,8,256,168.96666666666667,21.133333333333333,0.12507397908857762,1.462591760665397,0.2603236039572836,150.56666666666666,169.96666666666667,1.1288465795882223,2.73333333333332,0.018153641797653223,0.0,175.03175314178878,175,176,not_identifiable_without_future_process_assumptions
4a94f3bf96ccc231,1,kick_back,4,0.0,0.0,64,0.06872332143144783,0.20616996429434348,0.5,2.425183521330794,0.5,256.0,dispatch,fixed,0.25,1.0,8,256,93.43333333333334,17.333333333333332,0.1855155190866928,2.675183521330794,0.42393944354249785,79.1,94.43333333333334,1.1938474504846188,2.999999999999986,0.03792667509481651,0.0,95.69436936148982,95,96,not_identifiable_without_future_process_assumptions
f4a4a5e023b3e44d,1,kick_back,4,0.0,0.0,64,0.06872332143144783,0.20616996429434348,0.5,4.850367042661588,1.0,256.0,dispatch,fixed,0.25,1.0,8,256,48.833333333333336,15.866666666666667,0.3249146757679181,5.100367042661588,0.6506016106574045,36.03333333333333,49.833333333333336,1.3829787234042554,3.066666666666663,0.0851063829787233,0.0,50.1924661222829,50,51,not_identifiable_without_future_process_assumptions
c1003e4f1a8f1834,1,kick_back,4,0.0,0.0,64,0.06872332143144783,0.20616996429434348,0.5,9.700734085323177,2.0,256.0,dispatch,fixed,0.25,1.0,8,256,24.766666666666666,11.8,0.4764468371467026,9.950734085323177,0.871463515782444,15.966666666666667,25.766666666666666,1.6137787056367432,3.0000000000000018,0.18789144050104395,0.002564102564102564,25.72674516321232,25,26,not_identifiable_without_future_process_assumptions
e4b07b52afea2143,1,kick_back,4,0.0,0.0,64,0.06872332143144783,0.20616996429434348,0.5,19.401468170646353,4.0,256.0,dispatch,fixed,0.25,1.0,8,256,12.066666666666666,8.8,0.7292817679558011,19.651468170646353,0.9826044785021787,6.333333333333333,13.066666666666666,2.0631578947368423,3.0666666666666673,0.4842105263157896,0.044814814814814814,13.027016494492276,13,14,not_identifiable_without_future_process_assumptions
bfd00a8e2d29196e,1,kick_back,4,0.0,0.0,64,0.06872332143144783,0.20616996429434348,0.5,0.0,0.0,256.0,dispatch,context,0.25,1.0,8,256,66.03333333333333,1.9333333333333333,0.0292781423523473,,,64.36666666666666,66.26666666666667,1.0295183842568618,0.2666666666666657,0.004142931123770053,0.0,1024.0,1024,,not_identifiable_without_future_process_assumptions
bd7e07ab490403b9,1,kick_back,4,0.0,0.0,64,0.06872332143144783,0.20616996429434348,0.5,1.212591760665397,0.25,256.0,dispatch,context,0.25,1.0,8,256,93.06666666666666,17.833333333333332,0.1916189111747851,,,78.2,94.06666666666666,1.2028985507246377,2.9666666666666686,0.037936913895993206,0.0,175.03175314178878,175,,not_identifiable_without_future_process_assumptions
91e4ffc169ba9814,1,kick_back,4,0.0,0.0,64,0.06872332143144783,0.20616996429434348,0.5,2.425183521330794,0.5,256.0,dispatch,context,0.25,1.0,8,256,64.66666666666667,15.0,0.23195876288659792,,,52.733333333333334,65.66666666666667,1.245259165613148,3.066666666666663,0.058154235145385515,0.0,95.69436936148982,95,,not_identifiable_without_future_process_assumptions
f45f7edc7b4c671b,1,kick_back,4,0.0,0.0,64,0.06872332143144783,0.20616996429434348,0.5,4.850367042661588,1.0,256.0,dispatch,context,0.25,1.0,8,256,40.333333333333336,14.6,0.3619834710743801,,,28.766666666666666,41.333333333333336,1.4368482039397452,3.0333333333333314,0.1054461181923522,0.0,50.1924661222829,50,,not_identifiable_without_future_process_assumptions
cb6c2cada572fafa,1,kick_back,4,0.0,0.0,64,0.06872332143144783,0.20616996429434348,0.5,9.700734085323177,2.0,256.0,dispatch,context,0.25,1.0,8,256,22.7,11.966666666666667,0.527165932452276,,,13.833333333333334,23.7,1.7132530120481926,3.1000000000000014,0.22409638554216876,0.008372183372183373,25.72674516321232,25,,not_identifiable_without_future_process_assumptions
41939dafcdcec34e,1,kick_back,4,0.0,0.0,64,0.06872332143144783,0.20616996429434348,0.5,19.401468170646353,4.0,256.0,dispatch,context,0.25,1.0,8,256,11.966666666666667,8.9,0.7437325905292479,,,6.166666666666667,12.966666666666667,2.1027027027027025,3.1000000000000005,0.5027027027027028,0.056666666666666664,13.027016494492276,13,,not_identifiable_without_future_process_assumptions
8c76adf39dfb1324,1,kick_back,4,0.0,0.0,64,0.06872332143144783,0.20616996429434348,0.5,0.0,0.0,256.0,start,fixed,0.25,1.0,8,256,55.93333333333333,0.0,0.0,0.25,0.050236707357164144,56.06666666666667,56.06666666666667,1.0,0.13333333333333997,0.0023781212841856116,0.0,1024.0,1024,1025,not_identifiable_without_future_process_assumptions
f76c05fdb93e3ded,1,kick_back,4,0.0,0.0,64,0.06872332143144783,0.20616996429434348,0.5,1.212591760665397,0.25,256.0,start,fixed,0.25,1.0,8,256,166.6,3.966666666666667,0.02380952380952381,0.25,0.050236707357164144,165.36666666666667,167.6,1.0135053416649868,2.7333333333333485,0.0165289256198348,0.0,175.03175314178878,175,176,not_identifiable_without_future_process_assumptions
72974c27a05194da,1,kick_back,4,0.0,0.0,64,0.06872332143144783,0.20616996429434348,0.5,2.425183521330794,0.5,256.0,start,fixed,0.25,1.0,8,256,93.43333333333334,2.1,0.022475918658580094,0.25,0.050236707357164144,94.53333333333333,94.43333333333334,0.9989421720733428,3.1999999999999886,0.03385049365303232,0.0,95.69436936148982,95,96,not_identifiable_without_future_process_assumptions
e18fc695c3c57c56,1,kick_back,4,0.0,0.0,64,0.06872332143144783,0.20616996429434348,0.5,4.850367042661588,1.0,256.0,start,fixed,0.25,1.0,8,256,48.833333333333336,0.9333333333333333,0.01911262798634812,0.25,0.050236707357164144,51.0,49.833333333333336,0.977124183006536,3.0999999999999943,0.060784313725490084,0.0,50.1924661222829,50,51,not_identifiable_without_future_process_assumptions
2a417fe1a5021765,1,kick_back,4,0.0,0.0,64,0.06872332143144783,0.20616996429434348,0.5,9.700734085323177,2.0,256.0,start,fixed,0.25,1.0,8,256,24.766666666666666,0.3,0.012113055181695828,0.25,0.050236707357164144,27.6,25.766666666666666,0.9335748792270531,3.1333333333333364,0.11352657004830928,0.0,25.72674516321232,25,26,not_identifiable_without_future_process_assumptions
0bdc708316cf1285,1,kick_back,4,0.0,0.0,64,0.06872332143144783,0.20616996429434348,0.5,19.401468170646353,4.0,256.0,start,fixed,0.25,1.0,8,256,12.066666666666666,0.2,0.01657458563535912,0.25,0.050236707357164144,15.0,13.066666666666666,0.8711111111111111,3.133333333333333,0.20888888888888885,0.0,13.027016494492276,13,14,not_identifiable_without_future_process_assumptions
aaa6a6fd65cff473,1,kick_back,4,0.0,0.0,64,0.06872332143144783,0.20616996429434348,0.5,0.0,0.0,256.0,start,context,0.25,1.0,8,256,66.03333333333333,1.9333333333333333,0.0292781423523473,,,64.36666666666666,66.26666666666667,1.0295183842568618,0.2666666666666657,0.004142931123770053,0.0,1024.0,1024,,not_identifiable_without_future_process_assumptions
7087492fc1b6483d,1,kick_back,4,0.0,0.0,64,0.06872332143144783,0.20616996429434348,0.5,1.212591760665397,0.25,256.0,start,context,0.25,1.0,8,256,93.43333333333334,11.133333333333333,0.11915804495183731,,,85.3,94.43333333333334,1.1070730754200862,2.999999999999986,0.03516998827667041,0.0,175.03175314178878,175,,not_identifiable_without_future_process_assumptions
62f43ece57a79b97,1,kick_back,4,0.0,0.0,64,0.06872332143144783,0.20616996429434348,0.5,2.425183521330794,0.5,256.0,start,context,0.25,1.0,8,256,61.46666666666667,6.466666666666667,0.1052060737527115,,,58.0,62.46666666666667,1.0770114942528737,3.0,0.05172413793103448,0.0,95.69436936148982,95,,not_identifiable_without_future_process_assumptions
3290b251f27a8a40,1,kick_back,4,0.0,0.0,64,0.06872332143144783,0.20616996429434348,0.5,4.850367042661588,1.0,256.0,start,context,0.25,1.0,8,256,37.8,3.966666666666667,0.10493827160493828,,,36.86666666666667,38.8,1.0524412296564194,3.0333333333333385,0.08227848101265837,0.0,50.1924661222829,50,,not_identifiable_without_future_process_assumptions
e17f743d326e2924,1,kick_back,4,0.0,0.0,64,0.06872332143144783,0.20616996429434348,0.5,9.700734085323177,2.0,256.0,start,context,0.25,1.0,8,256,21.4,2.3333333333333335,0.1090342679127726,,,22.166666666666668,22.4,1.0105263157894735,3.1000000000000014,0.13984962406015045,0.0,25.72674516321232,25,,not_identifiable_without_future_process_assumptions
adb59c09311223eb,1,kick_back,4,0.0,0.0,64,0.06872332143144783,0.20616996429434348,0.5,19.401468170646353,4.0,256.0,start,context,0.25,1.0,8,256,11.233333333333333,1.3333333333333333,0.11869436201780416,,,12.933333333333334,12.233333333333333,0.9458762886597938,3.033333333333335,0.23453608247422691,0.0,13.027016494492276,13,,not_identifiable_without_future_process_assumptions
d8a8a765556d037a,2,kick_back,8,0.0,0.0,4,0.003435063819150432,0.024045446734053025,0.5,0.0,0.0,1330.8132867700804,dispatch,fixed,0.25,1.0,8,256,62.86666666666667,0.0,0.0,0.25,0.005993329599421228,62.86666666666667,62.86666666666667,1.0,0.0,0.0,0.0,5323.2531470803215,5323,5324,not_identifiable_without_future_process_assumptions
b7ba5ca31aba9fbb,2,kick_back,8,0.0,0.0,4,0.003435063819150432,0.024045446734053025,0.5,10.396978802891253,0.25,1330.8132867700804,dispatch,fixed,0.25,1.0,8,256,122.46666666666667,9.933333333333334,0.08111050626020685,10.646978802891253,0.2258668267138294,119.2,123.46666666666667,1.0357941834451903,6.666666666666671,0.05592841163310966,0.0,124.99445254917666,124,125,not_identifiable_without_future_process_assumptions
5b71f2df79207d46,2,kick_back,8,0.0,0.0,4,0.003435063819150432,0.024045446734053025,0.5,20.793957605782506,0.5,1330.8132867700804,dispatch,fixed,0.25,1.0,8,256,61.9,9.1,0.1470113085621971,21.043957605782506,0.39710447844317875,59.666666666666664,62.9,1.0541899441340783,6.866666666666667,0.11508379888268158,0.0,63.23968674050153,63,64,not_identifiable_without_future_process_assumptions
fb4c6b3ba45294d9,2,kick_back,8,0.0,0.0,4,0.003435063819150432,0.024045446734053025,0.5,41.58791521156501,1.0,1330.8132867700804,dispatch,fixed,0.25,1.0,8,256,30.766666666666666,7.966666666666667,0.25893824485373784,41.83791521156501,0.6343253815723491,29.7,31.766666666666666,1.0695847362514028,6.900000000000002,0.2323232323232324,0.0,31.808785883341802,31,32,not_identifiable_without_future_process_assumptions
b24fa12e435c4b9f,2,kick_back,8,0.0,0.0,4,0.003435063819150432,0.024045446734053025,0.5,83.17583042313002,2.0,1330.8132867700804,dispatch,fixed,0.25,1.0,8,256,15.0,6.566666666666666,0.43777777777777777,83.42583042313002,0.8654758257222553,15.3,16.0,1.0457516339869282,6.866666666666667,0.44880174291939,0.0,15.952053219252212,15,16,not_identifiable_without_future_process_assumptions
63e7af8f6bc0b339,2,kick_back,8,0.0,0.0,4,0.003435063819150432,0.024045446734053025,0.5,166.35166084626005,4.0,1330.8132867700804,dispatch,fixed,0.25,1.0,8,256,7.0,5.066666666666666,0.7238095238095238,166.60166084626005,0.9817941327719499,8.8,8.0,0.9090909090909091,6.866666666666667,0.7803030303030303,0.017857142857142856,7.987995317754692,7,8,not_identifiable_without_future_process_assumptions
61b1125dcaff76aa,2,kick_back,8,0.0,0.0,4,0.003435063819150432,0.024045446734053025,0.5,0.0,0.0,1330.8132867700804,dispatch,context,0.25,1.0,8,256,63.56666666666667,0.13333333333333333,0.002097535395909806,,,63.46666666666667,63.6,1.0021008403361344,0.03333333333333144,0.0005252100840335836,0.0,5323.2531470803215,5323,,not_identifiable_without_future_process_assumptions
499f3f28cbe6f9f0,2,kick_back,8,0.0,0.0,4,0.003435063819150432,0.024045446734053025,0.5,10.396978802891253,0.25,1330.8132867700804,dispatch,context,0.25,1.0,8,256,67.93333333333334,9.533333333333333,0.14033366045142295,,,65.26666666666667,68.93333333333334,1.056179775280899,6.86666666666666,0.10520939734422871,0.0,124.99445254917666,124,,not_identifiable_without_future_process_assumptions
8126c679aafd8834,2,kick_back,8,0.0,0.0,4,0.003435063819150432,0.024045446734053025,0.5,20.793957605782506,0.5,1330.8132867700804,dispatch,context,0.25,1.0,8,256,43.166666666666664,8.633333333333333,0.2,,,41.4,44.166666666666664,1.06682769726248,6.866666666666667,0.16586151368760066,0.0009009009009009009,63.23968674050153,63,,not_identifiable_without_future_process_assumptions
b51688bd5313b3f5,2,kick_back,8,0.0,0.0,4,0.003435063819150432,0.024045446734053025,0.5,41.58791521156501,1.0,1330.8132867700804,dispatch,context,0.25,1.0,8,256,25.266666666666666,7.133333333333334,0.2823218997361478,,,25.0,26.266666666666666,1.0506666666666666,6.866666666666667,0.27466666666666667,0.0,31.808785883341802,31,,not_identifiable_without_future_process_assumptions
2ffbe62365e29662,2,kick_back,8,0.0,0.0,4,0.003435063819150432,0.024045446734053025,0.5,83.17583042313002,2.0,1330.8132867700804,dispatch,context,0.25,1.0,8,256,13.933333333333334,6.3,0.45215311004784686,,,14.5,14.933333333333334,1.0298850574712644,6.866666666666666,0.47356321839080456,0.0,15.952053219252212,15,,not_identifiable_without_future_process_assumptions
db03ca7b62fcbab3,2,kick_back,8,0.0,0.0,4,0.003435063819150432,0.024045446734053025,0.5,166.35166084626005,4.0,1330.8132867700804,dispatch,context,0.25,1.0,8,256,7.0,5.233333333333333,0.7476190476190476,,,8.633333333333333,8.0,0.9266409266409267,6.866666666666666,0.7953667953667953,0.022023809523809522,7.987995317754692,7,,not_identifiable_without_future_process_assumptions
89443f6106a31437,2,kick_back,8,0.0,0.0,4,0.003435063819150432,0.024045446734053025,0.5,0.0,0.0,1330.8132867700804,start,fixed,0.25,1.0,8,256,62.86666666666667,0.0,0.0,0.25,0.005993329599421228,62.86666666666667,62.86666666666667,1.0,0.0,0.0,0.0,5323.2531470803215,5323,5324,not_identifiable_without_future_process_assumptions
a9964d015fe20eee,2,kick_back,8,0.0,0.0,4,0.003435063819150432,0.024045446734053025,0.5,10.396978802891253,0.25,1330.8132867700804,start,fixed,0.25,1.0,8,256,122.36666666666666,0.2,0.0016344320348678837,0.25,0.005993329599421228,128.76666666666668,123.36666666666666,0.9580636810768831,6.600000000000023,0.05125550090603175,0.0,124.99445254917666,124,125,not_identifiable_without_future_process_assumptions
00253465c1c588e8,2,kick_back,8,0.0,0.0,4,0.003435063819150432,0.024045446734053025,0.5,20.793957605782506,0.5,1330.8132867700804,start,fixed,0.25,1.0,8,256,61.9,0.16666666666666666,0.0026925148088314485,0.25,0.005993329599421228,68.6,62.9,0.9169096209912537,6.86666666666666,0.1000971817298347,0.0,63.23968674050153,63,64,not_identifiable_without_future_process_assumptions
8db7809d8dc3bb0a,2,kick_back,8,0.0,0.0,4,0.003435063819150432,0.024045446734053025,0.5,41.58791521156501,1.0,1330.8132867700804,start,fixed,0.25,1.0,8,256,30.766666666666666,0.06666666666666667,0.0021668472372697724,0.25,0.005993329599421228,37.6,31.766666666666666,0.8448581560283688,6.900000000000002,0.1835106382978724,0.0,31.808785883341802,31,32,not_identifiable_without_future_process_assumptions
651334e8071f5b1a,2,kick_back,8,0.0,0.0,4,0.003435063819150432,0.024045446734053025,0.5,83.17583042313002,2.0,1330.8132867700804,start,fixed,0.25,1.0,8,256,15.0,0.03333333333333333,0.0022222222222222222,0.25,0.005993329599421228,21.833333333333332,16.0,0.732824427480916,6.866666666666665,0.3145038167938931,0.0,15.952053219252212,15,16,not_identifiable_without_future_process_assumptions
098bb49f586918df,2,kick_back,8,0.0,0.0,4,0.003435063819150432,0.024045446734053025,0.5,166.35166084626005,4.0,1330.8132867700804,start,fixed,0.25,1.0,8,256,7.0,0.0,0.0,0.25,0.005993329599421228,13.866666666666667,8.0,0.5769230769230769,6.866666666666667,0.4951923076923077,0.0,7.987995317754692,7,8,not_identifiable_without_future_process_assumptions
a189ebde7f899568,2,kick_back,8,0.0,0.0,4,0.003435063819150432,0.024045446734053025,0.5,0.0,0.0,1330.8132867700804,start,context,0.25,1.0,8,256,63.56666666666667,0.13333333333333333,0.002097535395909806,,,63.46666666666667,63.6,1.0021008403361344,0.03333333333333144,0.0005252100840335836,0.0,5323.2531470803215,5323,,not_identifiable_without_future_process_assumptions
206fe2164fcda87a,2,kick_back,8,0.0,0.0,4,0.003435063819150432,0.024045446734053025,0.5,10.396978802891253,0.25,1330.8132867700804,start,context,0.25,1.0,8,256,65.23333333333333,4.7,0.07204905467552376,,,67.36666666666666,66.23333333333333,0.9831766452251361,6.833333333333329,0.10143493320138539,0.0,124.99445254917666,124,,not_identifiable_without_future_process_assumptions
7eef628ba4b72a36,2,kick_back,8,0.0,0.0,4,0.003435063819150432,0.024045446734053025,0.5,20.793957605782506,0.5,1330.8132867700804,start,context,0.25,1.0,8,256,40.9,2.466666666666667,0.06030969845150775,,,45.3,41.9,0.924944812362031,6.866666666666667,0.15158204562178074,0.0,63.23968674050153,63,,not_identifiable_without_future_process_assumptions
a8220aa35e0f5d8d,2,kick_back,8,0.0,0.0,4,0.003435063819150432,0.024045446734053025,0.5,41.58791521156501,1.0,1330.8132867700804,start,context,0.25,1.0,8,256,24.0,1.9666666666666666,0.08194444444444444,,,28.9,25.0,0.8650519031141869,6.866666666666664,0.2376009227220299,0.0,31.808785883341802,31,,not_identifiable_without_future_process_assumptions
d13e03c74203cf9c,2,kick_back,8,0.0,0.0,4,0.003435063819150432,0.024045446734053025,0.5,83.17583042313002,2.0,1330.8132867700804,start,context,0.25,1.0,8,256,13.1,1.2,0.0916030534351145,,,18.8,14.1,0.75,6.9,0.3670212765957447,0.0,15.952053219252212,15,,not_identifiable_without_future_process_assumptions
79a9a5828c93d7ce,2,kick_back,8,0.0,0.0,4,0.003435063819150432,0.024045446734053025,0.5,166.35166084626005,4.0,1330.8132867700804,start,context,0.25,1.0,8,256,6.733333333333333,0.5666666666666667,0.08415841584158415,,,13.033333333333333,7.733333333333333,0.5933503836317136,6.866666666666666,0.5268542199488491,0.0,7.987995317754692,7,,not_identifiable_without_future_process_assumptions
0f10f83c81bebddf,2,kick_back,8,0.0,0.0,16,0.01556231814190527,0.1089362269933369,0.5,0.0,0.0,293.74984688938497,dispatch,fixed,0.25,1.0,8,256,60.53333333333333,0.0,0.0,0.25,0.026866553583277938,60.6,60.6,1.0,0.06666666666666998,0.0011001100110011547,0.0,1174.9993875575399,1174,1175,not_identifiable_without_future_process_assumptions
2ee2fa8b81ce05d2,2,kick_back,8,0.0,0.0,16,0.01556231814190527,0.1089362269933369,0.5,2.29492067882332,0.25,293.74984688938497,dispatch,fixed,0.25,1.0,8,256,112.9,11.966666666666667,0.10599350457632123,2.54492067882332,0.24212290989768184,107.06666666666666,113.9,1.0638231631382318,6.133333333333326,0.057285180572851736,0.0,115.42593422801859,115,116,not_identifiable_without_future_process_assumptions
86dc5f16a737dd63,2,kick_back,8,0.0,0.0,16,0.01556231814190527,0.1089362269933369,0.5,4.58984135764664,0.5,293.74984688938497,dispatch,fixed,0.25,1.0,8,256,59.266666666666666,7.266666666666667,0.12260967379077616,4.83984135764664,0.409764728756437,58.766666666666666,60.266666666666666,1.0255246738513897,6.766666666666666,0.1151446398184912,0.0,60.694106517619424,60,61,not_identifiable_without_future_process_assumptions
a3b7286d1d4c1520,2,kick_back,8,0.0,0.0,16,0.01556231814190527,0.1089362269933369,0.5,9.17968271529328,1.0,293.74984688938497,dispatch,fixed,0.25,1.0,8,256,30.2,7.533333333333333,0.24944812362030905,9.42968271529328,0.6420042115469766,29.566666666666666,31.2,1.0552423900789176,6.900000000000002,0.23337091319052994,0.0,31.15161514532982,31,32,not_identifiable_without_future_process_assumptions
c90404780eee4c99,2,kick_back,8,0.0,0.0,16,0.01556231814190527,0.1089362269933369,0.5,18.35936543058656,2.0,293.74984688938497,dispatch,fixed,0.25,1.0,8,256,14.933333333333334,6.2,0.41517857142857145,18.60936543058656,0.8683007094021719,15.6,15.933333333333334,1.0213675213675215,6.866666666666665,0.4401709401709401,0.0033333333333333335,15.785054465456112,15,16,not_identifiable_without_future_process_assumptions
dde71353e887d289,2,kick_back,8,0.0,0.0,16,0.01556231814190527,0.1089362269933369,0.5,36.71873086117312,4.0,293.74984688938497,dispatch,fixed,0.25,1.0,8,256,7.0,4.933333333333334,0.7047619047619048,36.96873086117312,0.982176439204882,8.966666666666667,8.0,0.8921933085501859,6.9,0.7695167286245354,0.020634920634920634,7.945900225584954,7,8,not_identifiable_without_future_process_assumptions
5753c7ac2fb4e67b,2,kick_back,8,0.0,0.0,16,0.01556231814190527,0.1089362269933369,0.5,0.0,0.0,293.74984688938497,dispatch,context,0.25,1.0,8,256,64.66666666666667,0.6,0.009278350515463916,,,64.13333333333334,64.73333333333333,1.0093555093555093,0.06666666666666288,0.0010395010395009804,0.0,1174.9993875575399,1174,,not_identifiable_without_future_process_assumptions
6c05db4e39e3a7b7,2,kick_back,8,0.0,0.0,16,0.01556231814190527,0.1089362269933369,0.5,2.29492067882332,0.25,293.74984688938497,dispatch,context,0.25,1.0,8,256,62.96666666666667,10.6,0.1683430386447856,,,58.8,63.96666666666667,1.0878684807256236,6.43333333333333,0.10941043083900222,0.0,115.42593422801859,115,,not_identifiable_without_future_process_assumptions
505b844b5648279e,2,kick_back,8,0.0,0.0,16,0.01556231814190527,0.1089362269933369,0.5,4.58984135764664,0.5,293.74984688938497,dispatch,context,0.25,1.0,8,256,41.56666666666667,7.233333333333333,0.17401764234161987,,,41.233333333333334,42.56666666666667,1.032336297493937,6.899999999999999,0.16734033953112365,0.0,60.694106517619424,60,,not_identifiable_without_future_process_assumptions
5f6f345973375a5c,2,kick_back,8,0.0,0.0,16,0.01556231814190527,0.1089362269933369,0.5,9.17968271529328,1.0,293.74984688938497,dispatch,context,0.25,1.0,8,256,25.233333333333334,7.633333333333334,0.3025099075297226,,,24.5,26.233333333333334,1.070748299319728,6.899999999999999,0.2816326530612244,0.0,31.15161514532982,31,,not_identifiable_without_future_process_assumptions
157f07d86afb9910,2,kick_back,8,0.0,0.0,16,0.01556231814190527,0.1089362269933369,0.5,18.35936543058656,2.0,293.74984688938497,dispatch,context,0.25,1.0,8,256,13.733333333333333,6.066666666666666,0.441747572815534,,,14.6,14.733333333333333,1.009132420091324,6.933333333333334,0.4748858447488585,0.0,15.785054465456112,15,,not_identifiable_without_future_process_assumptions
1fc718ef62600daf,2,kick_back,8,0.0,0.0,16,0.01556231814190527,0.1089362269933369,0.5,36.71873086117312,4.0,293.74984688938497,dispatch,context,0.25,1.0,8,256,7.0,4.933333333333334,0.7047619047619048,,,8.9,8.0,0.898876404494382,6.833333333333334,0.7677902621722846,0.015873015873015872,7.945900225584954,7,,not_identifiable_without_future_process_assumptions
2b309a395bbc2c24,2,kick_back,8,0.0,0.0,16,0.01556231814190527,0.1089362269933369,0.5,0.0,0.0,293.74984688938497,start,fixed,0.25,1.0,8,256,60.53333333333333,0.0,0.0,0.25,0.026866553583277938,60.6,60.6,1.0,0.06666666666666998,0.0011001100110011547,0.0,1174.9993875575399,1174,1175,not_identifiable_without_future_process_assumptions
f328666aa990cb84,2,kick_back,8,0.0,0.0,16,0.01556231814190527,0.1089362269933369,0.5,2.29492067882332,0.25,293.74984688938497,start,fixed,0.25,1.0,8,256,112.9,1.3333333333333333,0.011809861234130498,0.25,0.026866553583277938,117.53333333333333,113.9,0.9690867838910948,5.966666666666654,0.05076574021554159,0.0,115.42593422801859,115,116,not_identifiable_without_future_process_assumptions
7fe4f8331b6164b8,2,kick_back,8,0.0,0.0,16,0.01556231814190527,0.1089362269933369,0.5,4.58984135764664,0.5,293.74984688938497,start,fixed,0.25,1.0,8,256,59.266666666666666,0.4,0.006749156355455569,0.25,0.026866553583277938,65.66666666666667,60.266666666666666,0.9177664974619288,6.800000000000004,0.10355329949238584,0.0,60.694106517619424,60,61,not_identifiable_without_future_process_assumptions
adc2bc52d99a8432,2,kick_back,8,0.0,0.0,16,0.01556231814190527,0.1089362269933369,0.5,9.17968271529328,1.0,293.74984688938497,start,fixed,0.25,1.0,8,256,30.2,0.3333333333333333,0.011037527593818984,0.25,0.026866553583277938,36.766666666666666,31.2,0.8485947416137806,6.899999999999999,0.18766999093381684,0.0,31.15161514532982,31,32,not_identifiable_without_future_process_assumptions
9635e92d0f11410e,2,kick_back,8,0.0,0.0,16,0.01556231814190527,0.1089362269933369,0.5,18.35936543058656,2.0,293.74984688938497,start,fixed,0.25,1.0,8,256,14.933333333333334,0.13333333333333333,0.008928571428571428,0.25,0.026866553583277938,21.666666666666668,15.933333333333334,0.7353846153846153,6.866666666666667,0.3169230769230769,0.0,15.785054465456112,15,16,not_identifiable_without_future_process_assumptions
0c99e91b7f008f0c,2,kick_back,8,0.0,0.0,16,0.01556231814190527,0.1089362269933369,0.5,36.71873086117312,4.0,293.74984688938497,start,fixed,0.25,1.0,8,256,7.0,0.0,0.0,0.25,0.026866553583277938,13.9,8.0,0.5755395683453237,6.9,0.49640287769784175,0.0,7.945900225584954,7,8,not_identifiable_without_future_process_assumptions
694dd2b77861e726,2,kick_back,8,0.0,0.0,16,0.01556231814190527,0.1089362269933369,0.5,0.0,0.0,293.74984688938497,start,context,0.25,1.0,8,256,64.66666666666667,0.6,0.009278350515463916,,,64.13333333333334,64.73333333333333,1.0093555093555093,0.06666666666666288,0.0010395010395009804,0.0,1174.9993875575399,1174,,not_identifiable_without_future_process_assumptions
ed0611a3bb0b3dc7,2,kick_back,8,0.0,0.0,16,0.01556231814190527,0.1089362269933369,0.5,2.29492067882332,0.25,293.74984688938497,start,context,0.25,1.0,8,256,58.9,5.0,0.08488964346349745,,,60.333333333333336,59.9,0.992817679558011,6.433333333333337,0.1066298342541437,0.0,115.42593422801859,115,,not_identifiable_without_future_process_assumptions
970f6d49f57ce172,2,kick_back,8,0.0,0.0,16,0.01556231814190527,0.1089362269933369,0.5,4.58984135764664,0.5,293.74984688938497,start,context,0.25,1.0,8,256,40.46666666666667,3.066666666666667,0.0757825370675453,,,44.2,41.46666666666667,0.9381598793363499,6.800000000000004,0.15384615384615394,0.0,60.694106517619424,60,,not_identifiable_without_future_process_assumptions
af8b8202b1a5d30f,2,kick_back,8,0.0,0.0,16,0.01556231814190527,0.1089362269933369,0.5,9.17968271529328,1.0,293.74984688938497,start,context,0.25,1.0,8,256,23.7,1.6,0.06751054852320676,,,28.966666666666665,24.7,0.8527042577675489,6.866666666666667,0.237054085155351,0.0,31.15161514532982,31,,not_identifiable_without_future_process_assumptions
f5cc650b731979da,2,kick_back,8,0.0,0.0,16,0.01556231814190527,0.1089362269933369,0.5,18.35936543058656,2.0,293.74984688938497,start,context,0.25,1.0,8,256,13.1,1.1333333333333333,0.08651399491094147,,,18.866666666666667,14.1,0.7473498233215548,6.9,0.3657243816254417,0.0,15.785054465456112,15,,not_identifiable_without_future_process_assumptions
e7b0052460ef8994,2,kick_back,8,0.0,0.0,16,0.01556231814190527,0.1089362269933369,0.5,36.71873086117312,4.0,293.74984688938497,start,context,0.25,1.0,8,256,6.7,0.36666666666666664,0.054726368159203974,,,13.233333333333333,7.7,0.5818639798488665,6.899999999999999,0.521410579345088,0.0,7.945900225584954,7,,not_identifiable_without_future_process_assumptions
7bc8adf1b98f2076,2,kick_back,8,0.0,0.0,64,0.06872332143144783,0.4810632500201348,0.5,0.0,0.0,256.0,dispatch,fixed,0.25,1.0,8,256,246.16666666666666,0.0,0.0,0.25,0.1133152864954151,246.63333333333333,246.5,0.9994593864035681,0.46666666666666856,0.0018921475875118337,0.0,1024.0,1024,1025,not_identifiable_without_future_process_assumptions
f7c9d7f892eaa72c,2,kick_back,8,0.0,0.0,64,0.06872332143144783,0.4810632500201348,0.5,0.5196821831423131,0.25,256.0,dispatch,fixed,0.25,1.0,8,256,329.46666666666664,36.9,0.11199919061108864,0.7696821831423131,0.309449250785185,297.6666666666667,330.46666666666664,1.1101903695408732,5.100000000000023,0.0171332586786115,0.0,332.6048148274026,332,333,not_identifiable_without_future_process_assumptions
9acb640797be28db,2,kick_back,8,0.0,0.0,64,0.06872332143144783,0.4810632500201348,0.5,1.0393643662846261,0.5,256.0,dispatch,fixed,0.25,1.0,8,256,197.0,20.7,0.10507614213197969,1.2893643662846261,0.46219853576095676,183.1,198.0,1.0813762971054068,6.799999999999983,0.0371381758601856,0.0,198.5474445347656,198,199,not_identifiable_without_future_process_assumptions
a2e0047f48af85fb,2,kick_back,8,0.0,0.0,64,0.06872332143144783,0.4810632500201348,0.5,2.0787287325692523,1.0,256.0,dispatch,fixed,0.25,1.0,8,256,108.8,17.366666666666667,0.1596200980392157,2.3287287325692523,0.6738069231006729,98.46666666666667,109.8,1.1150981719702098,7.033333333333331,0.07142857142857141,0.0,109.93122402778057,109,110,not_identifiable_without_future_process_assumptions
315a6144122e9212,2,kick_back,8,0.0,0.0,64,0.06872332143144783,0.4810632500201348,0.5,4.157457465138505,2.0,256.0,dispatch,fixed,0.25,1.0,8,256,57.0,16.6,0.2912280701754386,4.407457465138505,0.8800002731562823,47.46666666666667,58.0,1.2219101123595506,7.06666666666667,0.14887640449438208,0.0007751937984496124,58.08337392359955,58,59,not_identifiable_without_future_process_assumptions
9c20c4806bfde660,2,kick_back,8,0.0,0.0,64,0.06872332143144783,0.4810632500201348,0.5,8.31491493027701,4.0,256.0,dispatch,fixed,0.25,1.0,8,256,29.0,14.566666666666666,0.5022988505747127,8.56491493027701,0.9837598029792893,21.433333333333334,30.0,1.3996889580093312,7.0,0.3265940902021773,0.005491759702286018,29.88938034808016,29,30,not_identifiable_without_future_process_assumptions
942279897618a64b,2,kick_back,8,0.0,0.0,64,0.06872332143144783,0.4810632500201348,0.5,0.0,0.0,256.0,dispatch,context,0.25,1.0,8,256,194.93333333333334,33.6,0.17236662106703146,,,167.1,195.93333333333334,1.1725513664472373,5.7666666666666515,0.03451027328944735,0.0,1024.0,1024,,not_identifiable_without_future_process_assumptions
52965eede989056b,2,kick_back,8,0.0,0.0,64,0.06872332143144783,0.4810632500201348,0.5,0.5196821831423131,0.25,256.0,dispatch,context,0.25,1.0,8,256,119.36666666666666,23.866666666666667,0.19994414967886068,,,102.06666666666666,120.36666666666666,1.1792945787067277,6.566666666666663,0.06433703461789676,0.0,332.6048148274026,332,,not_identifiable_without_future_process_assumptions
737f4f4d6f0f5592,2,kick_back,8,0.0,0.0,64,0.06872332143144783,0.4810632500201348,0.5,1.0393643662846261,0.5,256.0,dispatch,context,0.25,1.0,8,256,97.03333333333333,19.566666666666666,0.20164891789762968,,,84.5,98.03333333333333,1.1601577909270218,7.033333333333331,0.08323471400394475,0.0,198.5474445347656,198,,not_identifiable_without_future_process_assumptions
b397969aef04c316,2,kick_back,8,0.0,0.0,64,0.06872332143144783,0.4810632500201348,0.5,2.0787287325692523,1.0,256.0,dispatch,context,0.25,1.0,8,256,69.63333333333334,17.566666666666666,0.2522738152225945,,,59.1,70.63333333333334,1.1951494641849973,7.033333333333324,0.11900733220530159,0.0,109.93122402778057,109,,not_identifiable_without_future_process_assumptions
759f468851342d2f,2,kick_back,8,0.0,0.0,64,0.06872332143144783,0.4810632500201348,0.5,4.157457465138505,2.0,256.0,dispatch,context,0.25,1.0,8,256,44.56666666666667,16.0,0.3590127150336574,,,35.56666666666667,45.56666666666667,1.28116213683224,7.0,0.19681349578256793,0.0,58.08337392359955,58,,not_identifiable_without_future_process_assumptions
894913a06f492666,2,kick_back,8,0.0,0.0,64,0.06872332143144783,0.4810632500201348,0.5,8.31491493027701,4.0,256.0,dispatch,context,0.25,1.0,8,256,25.833333333333332,13.166666666666666,0.5096774193548387,,,19.666666666666668,26.833333333333332,1.3644067796610169,7.000000000000002,0.35593220338983056,0.010401678215145708,29.88938034808016,29,,not_identifiable_without_future_process_assumptions
b78989e2d262240c,2,kick_back,8,0.0,0.0,64,0.06872332143144783,0.4810632500201348,0.5,0.0,0.0,256.0,start,fixed,0.25,1.0,8,256,246.16666666666666,0.0,0.0,0.25,0.1133152864954151,246.63333333333333,246.5,0.9994593864035681,0.46666666666666856,0.0018921475875118337,0.0,1024.0,1024,1025,not_identifiable_without_future_process_assumptions
4f8758a964612162,2,kick_back,8,0.0,0.0,64,0.06872332143144783,0.4810632500201348,0.5,0.5196821831423131,0.25,256.0,start,fixed,0.25,1.0,8,256,328.8666666666667,17.9,0.05442935333468477,0.25,0.1133152864954151,315.8333333333333,329.8666666666667,1.0444327176781003,4.866666666666617,0.015408970976253144,0.0,332.6048148274026,332,333,not_identifiable_without_future_process_assumptions
95413c09b8a9ba40,2,kick_back,8,0.0,0.0,64,0.06872332143144783,0.4810632500201348,0.5,1.0393643662846261,0.5,256.0,start,fixed,0.25,1.0,8,256,196.96666666666667,5.733333333333333,0.029108140125232697,0.25,0.1133152864954151,197.96666666666667,197.96666666666667,1.0,6.73333333333332,0.03401246001010264,0.0,198.5474445347656,198,199,not_identifiable_without_future_process_assumptions
0510ef02fd04b948,2,kick_back,8,0.0,0.0,64,0.06872332143144783,0.4810632500201348,0.5,2.0787287325692523,1.0,256.0,start,fixed,0.25,1.0,8,256,108.8,2.066666666666667,0.018995098039215688,0.25,0.1133152864954151,113.8,109.8,0.9648506151142355,7.066666666666663,0.06209724663151725,0.0,109.93122402778057,109,110,not_identifiable_without_future_process_assumptions
d4121bc33ab6bfbd,2,kick_back,8,0.0,0.0,64,0.06872332143144783,0.4810632500201348,0.5,4.157457465138505,2.0,256.0,start,fixed,0.25,1.0,8,256,57.0,1.0,0.017543859649122806,0.25,0.1133152864954151,63.06666666666667,58.0,0.919661733615222,7.06666666666667,0.11205073995771675,0.0,58.08337392359955,58,59,not_identifiable_without_future_process_assumptions
6b416590d5d7cb9f,2,kick_back,8,0.0,0.0,64,0.06872332143144783,0.4810632500201348,0.5,8.31491493027701,4.0,256.0,start,fixed,0.25,1.0,8,256,29.0,0.7333333333333333,0.02528735632183908,0.25,0.1133152864954151,35.3,30.0,0.8498583569405099,7.033333333333331,0.19924457034938617,0.0,29.88938034808016,29,30,not_identifiable_without_future_process_assumptions
a03c51dda61ecd49,2,kick_back,8,0.0,0.0,64,0.06872332143144783,0.4810632500201348,0.5,0.0,0.0,256.0,start,context,0.25,1.0,8,256,194.93333333333334,33.6,0.17236662106703146,,,167.1,195.93333333333334,1.1725513664472373,5.7666666666666515,0.03451027328944735,0.0,1024.0,1024,,not_identifiable_without_future_process_assumptions
4c85d06a7674144c,2,kick_back,8,0.0,0.0,64,0.06872332143144783,0.4810632500201348,0.5,0.5196821831423131,0.25,256.0,start,context,0.25,1.0,8,256,123.93333333333334,19.766666666666666,0.1594943518020441,,,110.8,124.93333333333334,1.1275571600481349,6.633333333333326,0.05986762936221413,0.0,332.6048148274026,332,,not_identifiable_without_future_process_assumptions
ca57a45ba287117c,2,kick_back,8,0.0,0.0,64,0.06872332143144783,0.4810632500201348,0.5,1.0393643662846261,0.5,256.0,start,context,0.25,1.0,8,256,95.33333333333333,13.9,0.14580419580419582,,,88.46666666666667,96.33333333333333,1.0889223813112283,7.033333333333346,0.07950263752825937,0.0,198.5474445347656,198,,not_identifiable_without_future_process_assumptions
ce606c6af8e82d5a,2,kick_back,8,0.0,0.0,64,0.06872332143144783,0.4810632500201348,0.5,2.0787287325692523,1.0,256.0,start,context,0.25,1.0,8,256,65.53333333333333,8.2,0.12512716174974567,,,64.4,66.53333333333333,1.0331262939958592,7.066666666666677,0.1097308488612838,0.0,109.93122402778057,109,,not_identifiable_without_future_process_assumptions
bc3aaec022fa113b,2,kick_back,8,0.0,0.0,64,0.06872332143144783,0.4810632500201348,0.5,4.157457465138505,2.0,256.0,start,context,0.25,1.0,8,256,42.03333333333333,5.166666666666667,0.12291831879460746,,,43.93333333333333,43.03333333333333,0.9795144157814871,7.066666666666663,0.1608497723823975,0.0,58.08337392359955,58,,not_identifiable_without_future_process_assumptions
fd8e863912e6f53a,2,kick_back,8,0.0,0.0,64,0.06872332143144783,0.4810632500201348,0.5,8.31491493027701,4.0,256.0,start,context,0.25,1.0,8,256,24.533333333333335,3.6333333333333333,0.1480978260869565,,,27.966666666666665,25.533333333333335,0.9129916567342075,7.066666666666663,0.25268176400476744,0.0,29.88938034808016,29,,not_identifiable_without_future_process_assumptions
3c2aadbac1781895,3,kick_back,4,0.1,0.0,4,0.003435063819150432,0.010305191457451296,0.5,0.0,0.0,3105.2310024635212,dispatch,fixed,0.25,1.0,8,256,207.43333333333334,174.93333333333334,0.8433231560340672,0.25,0.0025729820571334544,52.06666666666667,207.5,3.9852752880921893,,,0.0025185185185185185,12420.924009854085,12420,,not_identifiable_without_future_process_assumptions
22b7d3c68ea15ac5,3,kick_back,4,0.1,0.0,4,0.003435063819150432,0.010305191457451296,0.5,24.25961720674626,0.25,3105.2310024635212,dispatch,fixed,0.25,1.0,8,256,122.93333333333334,120.96666666666667,0.9840021691973969,24.50961720674626,0.22320305736951937,7.466666666666667,123.93333333333334,16.598214285714285,,,0.15278138528138527,126.69439005390944,126,,not_identifiable_without_future_process_assumptions
391126815bb15a3f,3,kick_back,4,0.1,0.0,4,0.003435063819150432,0.010305191457451296,0.5,48.51923441349252,0.5,3105.2310024635212,dispatch,fixed,0.25,1.0,8,256,61.46666666666667,59.7,0.9712581344902387,48.76923441349252,0.3950299327919085,7.166666666666667,62.46666666666667,8.716279069767442,,,0.16127141377141377,63.671924314736145,63,,not_identifiable_without_future_process_assumptions
907dc6808e6f52d8,3,kick_back,4,0.1,0.0,4,0.003435063819150432,0.010305191457451296,0.5,97.03846882698504,1.0,3105.2310024635212,dispatch,fixed,0.25,1.0,8,256,30.566666666666666,28.8,0.9422028353326064,97.28846882698504,0.6330671060298801,7.166666666666667,31.566666666666666,4.404651162790698,,,0.16127141377141377,31.91777031649838,31,,not_identifiable_without_future_process_assumptions
1dcf0ba700f7590d,3,kick_back,4,0.1,0.0,4,0.003435063819150432,0.010305191457451296,0.5,194.07693765397008,2.0,3105.2310024635212,dispatch,fixed,0.25,1.0,8,256,14.9,13.133333333333333,0.8814317673378076,194.32693765397008,0.8650129320188522,7.166666666666667,15.9,2.218604651162791,,,0.1596841121841122,15.97941613217246,15,,not_identifiable_without_future_process_assumptions
5fd41e84a1dff98e,3,kick_back,4,0.1,0.0,4,0.003435063819150432,0.010305191457451296,0.5,388.15387530794015,4.0,3105.2310024635212,dispatch,fixed,0.25,1.0,8,256,6.966666666666667,5.466666666666667,0.784688995215311,388.40387530794015,0.9817314869214915,6.9,7.966666666666667,1.1545893719806763,,,0.14772607022607023,7.994850720790532,7,,not_identifiable_without_future_process_assumptions
f6e5be496ff7922e,3,kick_back,4,0.1,0.0,4,0.003435063819150432,0.010305191457451296,0.5,0.0,0.0,3105.2310024635212,dispatch,context,0.25,1.0,8,256,207.4,174.9,0.843297974927676,,,52.1,207.46666666666667,3.982085732565579,,,0.0025185185185185185,12420.924009854085,12420,,not_identifiable_without_future_process_assumptions
5d468a1fa4a5f047,3,kick_back,4,0.1,0.0,4,0.003435063819150432,0.010305191457451296,0.5,24.25961720674626,0.25,3105.2310024635212,dispatch,context,0.25,1.0,8,256,122.86666666666666,120.9,0.9839934888768314,,,7.466666666666667,123.86666666666666,16.58928571428571,,,0.15278138528138527,126.69439005390944,126,,not_identifiable_without_future_process_assumptions
0c01e7cfe70e539a,3,kick_back,4,0.1,0.0,4,0.003435063819150432,0.010305191457451296,0.5,48.51923441349252,0.5,3105.2310024635212,dispatch,context,0.25,1.0,8,256,61.46666666666667,59.7,0.9712581344902387,,,7.166666666666667,62.46666666666667,8.716279069767442,,,0.16127141377141377,63.671924314736145,63,,not_identifiable_without_future_process_assumptions
7c7251326cc7acbf,3,kick_back,4,0.1,0.0,4,0.003435063819150432,0.010305191457451296,0.5,97.03846882698504,1.0,3105.2310024635212,dispatch,context,0.25,1.0,8,256,30.533333333333335,28.766666666666666,0.9421397379912663,,,7.166666666666667,31.533333333333335,4.4,,,0.16127141377141377,31.91777031649838,31,,not_identifiable_without_future_process_assumptions
cfc44e0b761d49f9,3,kick_back,4,0.1,0.0,4,0.003435063819150432,0.010305191457451296,0.5,194.07693765397008,2.0,3105.2310024635212,dispatch,context,0.25,1.0,8,256,14.9,13.133333333333333,0.8814317673378076,,,7.166666666666667,15.9,2.218604651162791,,,0.1596841121841122,15.97941613217246,15,,not_identifiable_without_future_process_assumptions
f42372770ba8bca8,3,kick_back,4,0.1,0.0,4,0.003435063819150432,0.010305191457451296,0.5,388.15387530794015,4.0,3105.2310024635212,dispatch,context,0.25,1.0,8,256,6.966666666666667,5.466666666666667,0.784688995215311,,,6.9,7.966666666666667,1.1545893719806763,,,0.14772607022607023,7.994850720790532,7,,not_identifiable_without_future_process_assumptions
3a5bae5817088e20,3,kick_back,4,0.1,0.0,4,0.003435063819150432,0.010305191457451296,0.5,0.0,0.0,3105.2310024635212,start,fixed,0.25,1.0,8,256,207.43333333333334,174.93333333333334,0.8433231560340672,0.25,0.0025729820571334544,52.06666666666667,207.5,3.9852752880921893,,,0.0025185185185185185,12420.924009854085,12420,,not_identifiable_without_future_process_assumptions
0d64dba7943c86e7,3,kick_back,4,0.1,0.0,4,0.003435063819150432,0.010305191457451296,0.5,24.25961720674626,0.25,3105.2310024635212,start,fixed,0.25,1.0,8,256,122.93333333333334,120.76666666666667,0.9823752711496746,0.25,0.0025729820571334544,7.766666666666667,123.93333333333334,15.957081545064378,,,0.14611471861471861,126.69439005390944,126,,not_identifiable_without_future_process_assumptions
1d5ea7b030608712,3,kick_back,4,0.1,0.0,4,0.003435063819150432,0.010305191457451296,0.5,48.51923441349252,0.5,3105.2310024635212,start,fixed,0.25,1.0,8,256,61.46666666666667,59.46666666666667,0.9674620390455532,0.25,0.0025729820571334544,7.566666666666666,62.46666666666667,8.255506607929515,,,0.1521973396973397,63.671924314736145,63,,not_identifiable_without_future_process_assumptions
88343a17c85d0c57,3,kick_back,4,0.1,0.0,4,0.003435063819150432,0.010305191457451296,0.5,97.03846882698504,1.0,3105.2310024635212,start,fixed,0.25,1.0,8,256,30.566666666666666,28.566666666666666,0.9345692475463467,0.25,0.0025729820571334544,7.566666666666666,31.566666666666666,4.171806167400881,,,0.1521973396973397,31.91777031649838,31,,not_identifiable_without_future_process_assumptions
adbfa9792485868b,3,kick_back,4,0.1,0.0,4,0.003435063819150432,0.010305191457451296,0.5,194.07693765397008,2.0,3105.2310024635212,start,fixed,0.25,1.0,8,256,14.9,12.9,0.8657718120805369,0.25,0.0025729820571334544,7.566666666666666,15.9,2.101321585903084,,,0.15061003811003812,15.97941613217246,15,,not_identifiable_without_future_process_assumptions
c11d493bcf66d61c,3,kick_back,4,0.1,0.0,4,0.003435063819150432,0.010305191457451296,0.5,388.15387530794015,4.0,3105.2310024635212,start,fixed,0.25,1.0,8,256,6.966666666666667,5.233333333333333,0.7511961722488039,0.25,0.0025729820571334544,7.3,7.966666666666667,1.091324200913242,,,0.13587421837421837,7.994850720790532,7,,not_identifiable_without_future_process_assumptions
7b9630dbab57de02,3,kick_back,4,0.1,0.0,4,0.003435063819150432,0.010305191457451296,0.5,0.0,0.0,3105.2310024635212,start,context,0.25,1.0,8,256,207.4,174.9,0.843297974927676,,,52.1,207.46666666666667,3.982085732565579,,,0.0025185185185185185,12420.924009854085,12420,,not_identifiable_without_future_process_assumptions
d81508dcd141fc93,3,kick_back,4,0.1,0.0,4,0.003435063819150432,0.010305191457451296,0.5,24.25961720674626,0.25,3105.2310024635212,start,context,0.25,1.0,8,256,122.83333333333333,120.7,0.9826322930800543,,,7.733333333333333,123.83333333333333,16.012931034482758,,,0.14722582972582973,126.69439005390944,126,,not_identifiable_without_future_process_assumptions
128f329c3c7498e5,3,kick_back,4,0.1,0.0,4,0.003435063819150432,0.010305191457451296,0.5,48.51923441349252,0.5,3105.2310024635212,start,context,0.25,1.0,8,256,61.46666666666667,59.46666666666667,0.9674620390455532,,,7.566666666666666,62.46666666666667,8.255506607929515,,,0.1521973396973397,63.671924314736145,63,,not_identifiable_without_future_process_assumptions
2bf5f9ae97ce97af,3,kick_back,4,0.1,0.0,4,0.003435063819150432,0.010305191457451296,0.5,97.03846882698504,1.0,3105.2310024635212,start,context,0.25,1.0,8,256,30.533333333333335,28.533333333333335,0.9344978165938864,,,7.566666666666666,31.533333333333335,4.167400881057269,,,0.1521973396973397,31.91777031649838,31,,not_identifiable_without_future_process_assumptions
ca78fb4b9ebc9e57,3,kick_back,4,0.1,0.0,4,0.003435063819150432,0.010305191457451296,0.5,194.07693765397008,2.0,3105.2310024635212,start,context,0.25,1.0,8,256,14.9,12.9,0.8657718120805369,,,7.566666666666666,15.9,2.101321585903084,,,0.15061003811003812,15.97941613217246,15,,not_identifiable_without_future_process_assumptions
9a0e3f83b2c011b1,3,kick_back,4,0.1,0.0,4,0.003435063819150432,0.010305191457451296,0.5,388.15387530794015,4.0,3105.2310024635212,start,context,0.25,1.0,8,256,6.966666666666667,5.233333333333333,0.7511961722488039,,,7.3,7.966666666666667,1.091324200913242,,,0.13587421837421837,7.994850720790532,7,,not_identifiable_without_future_process_assumptions
30403f44571c9bf8,3,kick_back,4,0.1,0.0,16,0.01556231814190527,0.04668695442571581,0.5,0.0,0.0,685.416309408565,dispatch,fixed,0.25,1.0,8,256,47.13333333333333,13.5,0.28642149929278643,0.25,0.011603888099730056,38.0,47.166666666666664,1.2412280701754386,,,0.0013333333333333333,2741.66523763426,2741,,not_identifiable_without_future_process_assumptions
f2c1337246818c65,3,kick_back,4,0.1,0.0,16,0.01556231814190527,0.04668695442571581,0.5,5.354814917254414,0.25,685.416309408565,dispatch,fixed,0.25,1.0,8,256,116.7,113.73333333333333,0.9745786918023421,5.604814917254414,0.23023633406733784,7.6,117.7,15.48684210526316,,,0.15214202464202464,122.29062324582958,122,,not_identifiable_without_future_process_assumptions
66ea99734b64545a,3,kick_back,4,0.1,0.0,16,0.01556231814190527,0.04668695442571581,0.5,10.709629834508828,0.5,685.416309408565,dispatch,fixed,0.25,1.0,8,256,59.86666666666667,58.666666666666664,0.9799554565701558,10.959629834508828,0.40050745419172745,5.866666666666666,60.86666666666667,10.375,,,0.1814021164021164,62.540096678300166,62,,not_identifiable_without_future_process_assumptions
e5fa9bded2a0498b,3,kick_back,4,0.1,0.0,16,0.01556231814190527,0.04668695442571581,0.5,21.419259669017656,1.0,685.416309408565,dispatch,fixed,0.25,1.0,8,256,30.033333333333335,29.3,0.9755826859045504,21.669259669017656,0.6363893906981024,5.233333333333333,31.033333333333335,5.929936305732484,,,0.20007936507936508,31.630813413923953,31,,not_identifiable_without_future_process_assumptions
cb62a43bcc98c002,3,kick_back,4,0.1,0.0,16,0.01556231814190527,0.04668695442571581,0.5,42.83851933803531,2.0,685.416309408565,dispatch,fixed,0.25,1.0,8,256,14.733333333333333,14.133333333333333,0.9592760180995475,43.08851933803531,0.8662351322460102,5.1,15.733333333333333,3.084967320261438,,,0.20456349206349206,15.90716784745794,15,,not_identifiable_without_future_process_assumptions
304065d71df3661e,3,kick_back,4,0.1,0.0,16,0.01556231814190527,0.04668695442571581,0.5,85.67703867607062,4.0,685.416309408565,dispatch,fixed,0.25,1.0,8,256,6.933333333333334,6.333333333333333,0.9134615384615384,85.92703867607062,0.9818968937354058,5.1,7.933333333333334,1.5555555555555558,,,0.2003968253968254,7.976724439352092,7,,not_identifiable_without_future_process_assumptions
7887599d2b078304,3,kick_back,4,0.1,0.0,16,0.01556231814190527,0.04668695442571581,0.5,0.0,0.0,685.416309408565,dispatch,context,0.25,1.0,8,256,47.666666666666664,13.533333333333333,0.2839160839160839,,,38.53333333333333,47.7,1.2378892733564015,,,0.0013333333333333333,2741.66523763426,2741,,not_identifiable_without_future_process_assumptions
b46cceb330e08f0f,3,kick_back,4,0.1,0.0,16,0.01556231814190527,0.04668695442571581,0.5,5.354814917254414,0.25,685.416309408565,dispatch,context,0.25,1.0,8,256,116.4,113.33333333333333,0.9736540664375715,,,7.733333333333333,117.4,15.181034482758621,,,0.15130748880748882,122.29062324582958,122,,not_identifiable_without_future_process_assumptions
88d3e7e7067a283c,3,kick_back,4,0.1,0.0,16,0.01556231814190527,0.04668695442571581,0.5,10.709629834508828,0.5,685.416309408565,dispatch,context,0.25,1.0,8,256,59.766666666666666,58.6,0.9804796430563302,,,5.8,60.766666666666666,10.477011494252874,,,0.18279100529100528,62.540096678300166,62,,not_identifiable_without_future_process_assumptions
28afe028d640e1c0,3,kick_back,4,0.1,0.0,16,0.01556231814190527,0.04668695442571581,0.5,21.419259669017656,1.0,685.416309408565,dispatch,context,0.25,1.0,8,256,30.033333333333335,29.3,0.9755826859045504,,,5.233333333333333,31.033333333333335,5.929936305732484,,,0.20007936507936508,31.630813413923953,31,,not_identifiable_without_future_process_assumptions
8ce933a8c787d7b4,3,kick_back,4,0.1,0.0,16,0.01556231814190527,0.04668695442571581,0.5,42.83851933803531,2.0,685.416309408565,dispatch,context,0.25,1.0,8,256,14.733333333333333,14.133333333333333,0.9592760180995475,,,5.1,15.733333333333333,3.084967320261438,,,0.20456349206349206,15.90716784745794,15,,not_identifiable_without_future_process_assumptions
b9679a8497bb9cbc,3,kick_back,4,0.1,0.0,16,0.01556231814190527,0.04668695442571581,0.5,85.67703867607062,4.0,685.416309408565,dispatch,context,0.25,1.0,8,256,6.933333333333334,6.333333333333333,0.9134615384615384,,,5.1,7.933333333333334,1.5555555555555558,,,0.2003968253968254,7.976724439352092,7,,not_identifiable_without_future_process_assumptions
a90261f22bdc5456,3,kick_back,4,0.1,0.0,16,0.01556231814190527,0.04668695442571581,0.5,0.0,0.0,685.416309408565,start,fixed,0.25,1.0,8,256,47.13333333333333,13.5,0.28642149929278643,0.25,0.011603888099730056,38.0,47.166666666666664,1.2412280701754386,,,0.0013333333333333333,2741.66523763426,2741,,not_identifiable_without_future_process_assumptions
04fe10cc2731628c,3,kick_back,4,0.1,0.0,16,0.01556231814190527,0.04668695442571581,0.5,5.354814917254414,0.25,685.416309408565,start,fixed,0.25,1.0,8,256,116.7,111.6,0.9562982005141387,0.25,0.011603888099730056,9.966666666666667,117.7,11.809364548494983,,,0.12871649514506658,122.29062324582958,122,,not_identifiable_without_future_process_assumptions
fceac69ef682895d,3,kick_back,4,0.1,0.0,16,0.01556231814190527,0.04668695442571581,0.5,10.709629834508828,0.5,685.416309408565,start,fixed,0.25,1.0,8,256,59.86666666666667,57.833333333333336,0.9660356347438753,0.25,0.011603888099730056,6.833333333333333,60.86666666666667,8.907317073170733,,,0.15264670514670514,62.540096678300166,62,,not_identifiable_without_future_process_assumptions
e72622e0d258740d,3,kick_back,4,0.1,0.0,16,0.01556231814190527,0.04668695442571581,0.5,21.419259669017656,1.0,685.416309408565,start,fixed,0.25,1.0,8,256,30.033333333333335,28.333333333333332,0.9433962264150942,0.25,0.011603888099730056,6.366666666666666,31.033333333333335,4.87434554973822,,,0.1703968253968254,31.630813413923953,31,,not_identifiable_without_future_process_assumptions
e6a738f44c529677,3,kick_back,4,0.1,0.0,16,0.01556231814190527,0.04668695442571581,0.5,42.83851933803531,2.0,685.416309408565,start,fixed,0.25,1.0,8,256,14.733333333333333,13.2,0.8959276018099548,0.25,0.011603888099730056,6.166666666666667,15.733333333333333,2.551351351351351,,,0.17432539682539683,15.90716784745794,15,,not_identifiable_without_future_process_assumptions
437abfafbed23a86,3,kick_back,4,0.1,0.0,16,0.01556231814190527,0.04668695442571581,0.5,85.67703867607062,4.0,685.416309408565,start,fixed,0.25,1.0,8,256,6.933333333333334,5.666666666666667,0.8173076923076923,0.25,0.011603888099730056,5.866666666666666,7.933333333333334,1.3522727272727275,,,0.17015873015873015,7.976724439352092,7,,not_identifiable_without_future_process_assumptions
893fac53d3c74d4b,3,kick_back,4,0.1,0.0,16,0.01556231814190527,0.04668695442571581,0.5,0.0,0.0,685.416309408565,start,context,0.25,1.0,8,256,47.666666666666664,13.533333333333333,0.2839160839160839,,,38.53333333333333,47.7,1.2378892733564015,,,0.0013333333333333333,2741.66523763426,2741,,not_identifiable_without_future_process_assumptions
ddfebd613ca81a00,3,kick_back,4,0.1,0.0,16,0.01556231814190527,0.04668695442571581,0.5,5.354814917254414,0.25,685.416309408565,start,context,0.25,1.0,8,256,116.16666666666667,111.56666666666666,0.9604017216642754,,,9.5,117.16666666666667,12.333333333333334,,,0.13155677655677656,122.29062324582958,122,,not_identifiable_without_future_process_assumptions
bccf52dbeef8fa4a,3,kick_back,4,0.1,0.0,16,0.01556231814190527,0.04668695442571581,0.5,10.709629834508828,0.5,685.416309408565,start,context,0.25,1.0,8,256,59.766666666666666,57.86666666666667,0.9682097044060235,,,6.633333333333334,60.766666666666666,9.160804020100501,,,0.1567195767195767,62.540096678300166,62,,not_identifiable_without_future_process_assumptions
53fff5463f7a5484,3,kick_back,4,0.1,0.0,16,0.01556231814190527,0.04668695442571581,0.5,21.419259669017656,1.0,685.416309408565,start,context,0.25,1.0,8,256,30.0,28.366666666666667,0.9455555555555556,,,6.3,31.0,4.920634920634921,,,0.17261904761904762,31.630813413923953,31,,not_identifiable_without_future_process_assumptions
a396cae11c6e245c,3,kick_back,4,0.1,0.0,16,0.01556231814190527,0.04668695442571581,0.5,42.83851933803531,2.0,685.416309408565,start,context,0.25,1.0,8,256,14.733333333333333,13.2,0.8959276018099548,,,6.166666666666667,15.733333333333333,2.551351351351351,,,0.17432539682539683,15.90716784745794,15,,not_identifiable_without_future_process_assumptions
8a346a95dc69255c,3,kick_back,4,0.1,0.0,16,0.01556231814190527,0.04668695442571581,0.5,85.67703867607062,4.0,685.416309408565,start,context,0.25,1.0,8,256,6.933333333333334,5.666666666666667,0.8173076923076923,,,5.866666666666666,7.933333333333334,1.3522727272727275,,,0.17015873015873015,7.976724439352092,7,,not_identifiable_without_future_process_assumptions
38fac2a91cfaa28b,3,kick_back,4,0.1,0.0,64,0.06872332143144783,0.20616996429434348,0.5,0.0,0.0,256.0,dispatch,fixed,0.25,1.0,8,256,111.8,59.43333333333333,0.5316040548598688,0.25,0.050236707357164144,54.1,112.0,2.0702402957486137,,,0.008333333333333333,1024.0,1024,,not_identifiable_without_future_process_assumptions
9059d5db3d416241,3,kick_back,4,0.1,0.0,64,0.06872332143144783,0.20616996429434348,0.5,1.212591760665397,0.25,256.0,dispatch,fixed,0.25,1.0,8,256,168.96666666666667,159.7,0.9451568356677845,1.462591760665397,0.2603236039572836,13.633333333333333,169.96666666666667,12.466992665036676,,,0.13878851676645795,175.03175314178878,175,,not_identifiable_without_future_process_assumptions
cb8b597ff67432b4,3,kick_back,4,0.1,0.0,64,0.06872332143144783,0.20616996429434348,0.5,2.425183521330794,0.5,256.0,dispatch,fixed,0.25,1.0,8,256,93.43333333333334,89.7,0.9600428112736353,2.675183521330794,0.42393944354249785,7.933333333333334,94.43333333333334,11.903361344537815,,,0.17076181467485815,95.69436936148982,95,,not_identifiable_without_future_process_assumptions
fb06ba8c5e2351ee,3,kick_back,4,0.1,0.0,64,0.06872332143144783,0.20616996429434348,0.5,4.850367042661588,1.0,256.0,dispatch,fixed,0.25,1.0,8,256,48.833333333333336,45.86666666666667,0.9392491467576791,5.100367042661588,0.6506016106574045,7.166666666666667,49.833333333333336,6.953488372093023,,,0.17274241009535127,50.1924661222829,50,,not_identifiable_without_future_process_assumptions
16ae44c34f6def94,3,kick_back,4,0.1,0.0,64,0.06872332143144783,0.20616996429434348,0.5,9.700734085323177,2.0,256.0,dispatch,fixed,0.25,1.0,8,256,24.766666666666666,23.766666666666666,0.9596231493943472,9.950734085323177,0.871463515782444,5.133333333333334,25.766666666666666,5.019480519480519,,,0.21062289562289563,25.72674516321232,25,,not_identifiable_without_future_process_assumptions
a58969b6177163a1,3,kick_back,4,0.1,0.0,64,0.06872332143144783,0.20616996429434348,0.5,19.401468170646353,4.0,256.0,dispatch,fixed,0.25,1.0,8,256,12.066666666666666,11.5,0.9530386740331492,19.651468170646353,0.9826044785021787,4.666666666666667,13.066666666666666,2.8,,,0.22611111111111112,13.027016494492276,13,,not_identifiable_without_future_process_assumptions
b087df7501c13484,3,kick_back,4,0.1,0.0,64,0.06872332143144783,0.20616996429434348,0.5,0.0,0.0,256.0,dispatch,context,0.25,1.0,8,256,177.96666666666667,124.03333333333333,0.6969469938190672,,,56.2,178.3,3.1725978647686834,,,0.012232600254085443,1024.0,1024,,not_identifiable_without_future_process_assumptions
e42e154a462eb1e4,3,kick_back,4,0.1,0.0,64,0.06872332143144783,0.20616996429434348,0.5,1.212591760665397,0.25,256.0,dispatch,context,0.25,1.0,8,256,168.2,161.8,0.9619500594530322,,,10.733333333333333,169.2,15.763975155279503,,,0.15226589586883704,175.03175314178878,175,,not_identifiable_without_future_process_assumptions
bf4637176dfa2dd8,3,kick_back,4,0.1,0.0,64,0.06872332143144783,0.20616996429434348,0.5,2.425183521330794,0.5,256.0,dispatch,context,0.25,1.0,8,256,92.76666666666667,89.43333333333334,0.9640675530003594,,,7.6,93.76666666666667,12.337719298245615,,,0.17465728715728715,95.69436936148982,95,,not_identifiable_without_future_process_assumptions
9efe2ca0038002be,3,kick_back,4,0.1,0.0,64,0.06872332143144783,0.20616996429434348,0.5,4.850367042661588,1.0,256.0,dispatch,context,0.25,1.0,8,256,48.56666666666667,46.53333333333333,0.9581331503088537,,,6.266666666666667,49.56666666666667,7.909574468085107,,,0.1888899662429074,50.1924661222829,50,,not_identifiable_without_future_process_assumptions
cfc45b7e8a88a7ad,3,kick_back,4,0.1,0.0,64,0.06872332143144783,0.20616996429434348,0.5,9.700734085323177,2.0,256.0,dispatch,context,0.25,1.0,8,256,24.733333333333334,23.833333333333332,0.9636118598382748,,,5.033333333333333,25.733333333333334,5.112582781456954,,,0.2133080808080808,25.72674516321232,25,,not_identifiable_without_future_process_assumptions
414f2b4202eb1db3,3,kick_back,4,0.1,0.0,64,0.06872332143144783,0.20616996429434348,0.5,19.401468170646353,4.0,256.0,dispatch,context,0.25,1.0,8,256,12.0,11.433333333333334,0.9527777777777778,,,4.666666666666667,13.0,2.7857142857142856,,,0.22611111111111112,13.027016494492276,13,,not_identifiable_without_future_process_assumptions
4898c519eac71013,3,kick_back,4,0.1,0.0,64,0.06872332143144783,0.20616996429434348,0.5,0.0,0.0,256.0,start,fixed,0.25,1.0,8,256,111.8,59.43333333333333,0.5316040548598688,0.25,0.050236707357164144,54.1,112.0,2.0702402957486137,,,0.008333333333333333,1024.0,1024,,not_identifiable_without_future_process_assumptions
d292e91f943c8701,3,kick_back,4,0.1,0.0,64,0.06872332143144783,0.20616996429434348,0.5,1.212591760665397,0.25,256.0,start,fixed,0.25,1.0,8,256,166.6,151.7,0.9105642256902761,0.25,0.050236707357164144,19.433333333333334,167.6,8.624356775300171,,,0.08820327721840124,175.03175314178878,175,,not_identifiable_without_future_process_assumptions
0865112ed159ed33,3,kick_back,4,0.1,0.0,64,0.06872332143144783,0.20616996429434348,0.5,2.425183521330794,0.5,256.0,start,fixed,0.25,1.0,8,256,93.43333333333334,87.3,0.9343560470924009,0.25,0.050236707357164144,10.4,94.43333333333334,9.080128205128204,,,0.1271485298115733,95.69436936148982,95,,not_identifiable_without_future_process_assumptions
9e0b56f777989f64,3,kick_back,4,0.1,0.0,64,0.06872332143144783,0.20616996429434348,0.5,4.850367042661588,1.0,256.0,start,fixed,0.25,1.0,8,256,48.833333333333336,44.6,0.9133105802047782,0.25,0.050236707357164144,8.533333333333333,49.833333333333336,5.83984375,,,0.1286675035204447,50.1924661222829,50,,not_identifiable_without_future_process_assumptions
a6a0597494f056a2,3,kick_back,4,0.1,0.0,64,0.06872332143144783,0.20616996429434348,0.5,9.700734085323177,2.0,256.0,start,fixed,0.25,1.0,8,256,24.766666666666666,21.6,0.8721399730820997,0.25,0.050236707357164144,7.333333333333333,25.766666666666666,3.5136363636363637,,,0.15367965367965367,25.72674516321232,25,,not_identifiable_without_future_process_assumptions
970102715b152c96,3,kick_back,4,0.1,0.0,64,0.06872332143144783,0.20616996429434348,0.5,19.401468170646353,4.0,256.0,start,fixed,0.25,1.0,8,256,12.066666666666666,9.933333333333334,0.8232044198895028,0.25,0.050236707357164144,6.3,13.066666666666666,2.074074074074074,,,0.17084776334776336,13.027016494492276,13,,not_identifiable_without_future_process_assumptions
c61a36ee88b12c9a,3,kick_back,4,0.1,0.0,64,0.06872332143144783,0.20616996429434348,0.5,0.0,0.0,256.0,start,context,0.25,1.0,8,256,177.96666666666667,124.03333333333333,0.6969469938190672,,,56.2,178.3,3.1725978647686834,,,0.012232600254085443,1024.0,1024,,not_identifiable_without_future_process_assumptions
4388d8f32cfb785c,3,kick_back,4,0.1,0.0,64,0.06872332143144783,0.20616996429434348,0.5,1.212591760665397,0.25,256.0,start,context,0.25,1.0,8,256,167.26666666666668,159.0,0.9505779194898365,,,12.666666666666666,168.26666666666668,13.28421052631579,,,0.11763162419509168,175.03175314178878,175,,not_identifiable_without_future_process_assumptions
64545ecc609530a4,3,kick_back,4,0.1,0.0,64,0.06872332143144783,0.20616996429434348,0.5,2.425183521330794,0.5,256.0,start,context,0.25,1.0,8,256,92.56666666666666,87.73333333333333,0.9477853799063738,,,9.166666666666666,93.56666666666666,10.207272727272727,,,0.13975892867197215,95.69436936148982,95,,not_identifiable_without_future_process_assumptions
da68e4a034137f52,3,kick_back,4,0.1,0.0,64,0.06872332143144783,0.20616996429434348,0.5,4.850367042661588,1.0,256.0,start,context,0.25,1.0,8,256,48.5,44.96666666666667,0.9271477663230241,,,7.833333333333333,49.5,6.319148936170213,,,0.13860136595430714,50.1924661222829,50,,not_identifiable_without_future_process_assumptions
cae82fe5eaf7f90a,3,kick_back,4,0.1,0.0,64,0.06872332143144783,0.20616996429434348,0.5,9.700734085323177,2.0,256.0,start,context,0.25,1.0,8,256,24.666666666666668,21.166666666666668,0.8581081081081081,,,7.666666666666667,25.666666666666668,3.347826086956522,,,0.15434704184704184,25.72674516321232,25,,not_identifiable_without_future_process_assumptions
ddd4cfcb9f3e2545,3,kick_back,4,0.1,0.0,64,0.06872332143144783,0.20616996429434348,0.5,19.401468170646353,4.0,256.0,start,context,0.25,1.0,8,256,12.0,9.9,0.8250000000000001,,,6.266666666666667,13.0,2.074468085106383,,,0.17195887445887448,13.027016494492276,13,,not_identifiable_without_future_process_assumptions
57d353fa05093c87,4,kick_back,4,0.1,0.5,4,0.003435063819150432,0.010305191457451296,0.5,0.0,0.0,3105.2310024635212,dispatch,fixed,0.25,1.0,8,256,208.36666666666667,174.93333333333334,0.8395456726923692,0.25,0.0025729820571334544,53.0,208.43333333333334,3.932704402515723,,,0.0023333333333333335,12420.924009854085,12420,,not_identifiable_without_future_process_assumptions
4f69adfb222cc237,4,kick_back,4,0.1,0.5,4,0.003435063819150432,0.010305191457451296,0.5,24.25961720674626,0.25,3105.2310024635212,dispatch,fixed,0.25,1.0,8,256,122.96666666666667,121.1,0.984819734345351,24.50961720674626,0.22320305736951937,7.466666666666667,123.96666666666667,16.602678571428573,,,0.15141774891774892,126.69439005390944,126,,not_identifiable_without_future_process_assumptions
37216e4f66367c42,4,kick_back,4,0.1,0.5,4,0.003435063819150432,0.010305191457451296,0.5,48.51923441349252,0.5,3105.2310024635212,dispatch,fixed,0.25,1.0,8,256,61.53333333333333,59.8,0.971830985915493,48.76923441349252,0.3950299327919085,7.266666666666667,62.53333333333333,8.605504587155963,,,0.15687747437747437,63.671924314736145,63,,not_identifiable_without_future_process_assumptions
f03b7ab9408de690,4,kick_back,4,0.1,0.5,4,0.003435063819150432,0.010305191457451296,0.5,97.03846882698504,1.0,3105.2310024635212,dispatch,fixed,0.25,1.0,8,256,30.566666666666666,28.833333333333332,0.9432933478735005,97.28846882698504,0.6330671060298801,7.266666666666667,31.566666666666666,4.344036697247707,,,0.15687747437747437,31.91777031649838,31,,not_identifiable_without_future_process_assumptions
076df4a0a4a5e52d,4,kick_back,4,0.1,0.5,4,0.003435063819150432,0.010305191457451296,0.5,194.07693765397008,2.0,3105.2310024635212,dispatch,fixed,0.25,1.0,8,256,14.9,13.166666666666666,0.8836689038031319,194.32693765397008,0.8650129320188522,7.266666666666667,15.9,2.188073394495413,,,0.1552901727901728,15.97941613217246,15,,not_identifiable_without_future_process_assumptions
d3a19ba3aa28f7b5,4,kick_back,4,0.1,0.5,4,0.003435063819150432,0.010305191457451296,0.5,388.15387530794015,4.0,3105.2310024635212,dispatch,fixed,0.25,1.0,8,256,6.966666666666667,5.5,0.7894736842105263,388.40387530794015,0.9817314869214915,7.0,7.966666666666667,1.138095238095238,,,0.14661495911495911,7.994850720790532,7,,not_identifiable_without_future_process_assumptions
f8d95359bd65b604,4,kick_back,4,0.1,0.5,4,0.003435063819150432,0.010305191457451296,0.5,0.0,0.0,3105.2310024635212,dispatch,context,0.25,1.0,8,256,208.33333333333334,174.86666666666667,0.83936,,,53.1,208.4,3.9246704331450095,,,0.0023333333333333335,12420.924009854085,12420,,not_identifiable_without_future_process_assumptions
2fd155588ddb4be2,4,kick_back,4,0.1,0.5,4,0.003435063819150432,0.010305191457451296,0.5,24.25961720674626,0.25,3105.2310024635212,dispatch,context,0.25,1.0,8,256,122.9,121.03333333333333,0.9848114998643883,,,7.466666666666667,123.9,16.59375,,,0.15141774891774892,126.69439005390944,126,,not_identifiable_without_future_process_assumptions
52b2dcd3225542b7,4,kick_back,4,0.1,0.5,4,0.003435063819150432,0.010305191457451296,0.5,48.51923441349252,0.5,3105.2310024635212,dispatch,context,0.25,1.0,8,256,61.53333333333333,59.8,0.971830985915493,,,7.266666666666667,62.53333333333333,8.605504587155963,,,0.15687747437747437,63.671924314736145,63,,not_identifiable_without_future_process_assumptions
2d9f9e6408e5e891,4,kick_back,4,0.1,0.5,4,0.003435063819150432,0.010305191457451296,0.5,97.03846882698504,1.0,3105.2310024635212,dispatch,context,0.25,1.0,8,256,30.533333333333335,28.8,0.9432314410480349,,,7.266666666666667,31.533333333333335,4.339449541284404,,,0.15687747437747437,31.91777031649838,31,,not_identifiable_without_future_process_assumptions
f324bb04ba0c59fd,4,kick_back,4,0.1,0.5,4,0.003435063819150432,0.010305191457451296,0.5,194.07693765397008,2.0,3105.2310024635212,dispatch,context,0.25,1.0,8,256,14.9,13.166666666666666,0.8836689038031319,,,7.266666666666667,15.9,2.188073394495413,,,0.1552901727901728,15.97941613217246,15,,not_identifiable_without_future_process_assumptions
492209a9eb2d2968,4,kick_back,4,0.1,0.5,4,0.003435063819150432,0.010305191457451296,0.5,388.15387530794015,4.0,3105.2310024635212,dispatch,context,0.25,1.0,8,256,6.966666666666667,5.5,0.7894736842105263,,,7.0,7.966666666666667,1.138095238095238,,,0.14661495911495911,7.994850720790532,7,,not_identifiable_without_future_process_assumptions
e12c09bb1817f16e,4,kick_back,4,0.1,0.5,4,0.003435063819150432,0.010305191457451296,0.5,0.0,0.0,3105.2310024635212,start,fixed,0.25,1.0,8,256,208.36666666666667,174.93333333333334,0.8395456726923692,0.25,0.0025729820571334544,53.0,208.43333333333334,3.932704402515723,,,0.0023333333333333335,12420.924009854085,12420,,not_identifiable_without_future_process_assumptions
85765cc94c0905f8,4,kick_back,4,0.1,0.5,4,0.003435063819150432,0.010305191457451296,0.5,24.25961720674626,0.25,3105.2310024635212,start,fixed,0.25,1.0,8,256,122.96666666666667,120.96666666666667,0.9837354296557332,0.25,0.0025729820571334544,7.7,123.96666666666667,16.0995670995671,,,0.14611471861471861,126.69439005390944,126,,not_identifiable_without_future_process_assumptions
99cdd8014f9d3081,4,kick_back,4,0.1,0.5,4,0.003435063819150432,0.010305191457451296,0.5,48.51923441349252,0.5,3105.2310024635212,start,fixed,0.25,1.0,8,256,61.53333333333333,59.6,0.9685807150595883,0.25,0.0025729820571334544,7.633333333333334,62.53333333333333,8.192139737991265,,,0.14935222185222186,63.671924314736145,63,,not_identifiable_without_future_process_assumptions
f0df8bc07847fee7,4,kick_back,4,0.1,0.5,4,0.003435063819150432,0.010305191457451296,0.5,97.03846882698504,1.0,3105.2310024635212,start,fixed,0.25,1.0,8,256,30.566666666666666,28.633333333333333,0.9367502726281353,0.25,0.0025729820571334544,7.633333333333334,31.566666666666666,4.135371179039301,,,0.14935222185222186,31.91777031649838,31,,not_identifiable_without_future_process_assumptions
56e420ec0f9e2710,4,kick_back,4,0.1,0.5,4,0.003435063819150432,0.010305191457451296,0.5,194.07693765397008,2.0,3105.2310024635212,start,fixed,0.25,1.0,8,256,14.9,12.966666666666667,0.8702460850111857,0.25,0.0025729820571334544,7.633333333333334,15.9,2.0829694323144103,,,0.14776492026492027,15.97941613217246,15,,not_identifiable_without_future_process_assumptions
ab603577848c52d4,4,kick_back,4,0.1,0.5,4,0.003435063819150432,0.010305191457451296,0.5,388.15387530794015,4.0,3105.2310024635212,start,fixed,0.25,1.0,8,256,6.966666666666667,5.3,0.7607655502392344,0.25,0.0025729820571334544,7.366666666666666,7.966666666666667,1.0814479638009051,,,0.13605940355940355,7.994850720790532,7,,not_identifiable_without_future_process_assumptions
a23018078a1d0512,4,kick_back,4,0.1,0.5,4,0.003435063819150432,0.010305191457451296,0.5,0.0,0.0,3105.2310024635212,start,context,0.25,1.0,8,256,208.33333333333334,174.86666666666667,0.83936,,,53.1,208.4,3.9246704331450095,,,0.0023333333333333335,12420.924009854085,12420,,not_identifiable_without_future_process_assumptions
666665ecfe418582,4,kick_back,4,0.1,0.5,4,0.003435063819150432,0.010305191457451296,0.5,24.25961720674626,0.25,3105.2310024635212,start,context,0.25,1.0,8,256,122.86666666666666,120.86666666666666,0.9837221920781335,,,7.7,123.86666666666666,16.086580086580085,,,0.14611471861471861,126.69439005390944,126,,not_identifiable_without_future_process_assumptions
e31eb497c0a0055b,4,kick_back,4,0.1,0.5,4,0.003435063819150432,0.010305191457451296,0.5,48.51923441349252,0.5,3105.2310024635212,start,context,0.25,1.0,8,256,61.53333333333333,59.6,0.9685807150595883,,,7.633333333333334,62.53333333333333,8.192139737991265,,,0.14935222185222186,63.671924314736145,63,,not_identifiable_without_future_process_assumptions
47f0d3f529aa310a,4,kick_back,4,0.1,0.5,4,0.003435063819150432,0.010305191457451296,0.5,97.03846882698504,1.0,3105.2310024635212,start,context,0.25,1.0,8,256,30.533333333333335,28.6,0.9366812227074236,,,7.633333333333334,31.533333333333335,4.131004366812227,,,0.14935222185222186,31.91777031649838,31,,not_identifiable_without_future_process_assumptions
f32da60763ace376,4,kick_back,4,0.1,0.5,4,0.003435063819150432,0.010305191457451296,0.5,194.07693765397008,2.0,3105.2310024635212,start,context,0.25,1.0,8,256,14.9,12.966666666666667,0.8702460850111857,,,7.633333333333334,15.9,2.0829694323144103,,,0.14776492026492027,15.97941613217246,15,,not_identifiable_without_future_process_assumptions
866dab4174736fda,4,kick_back,4,0.1,0.5,4,0.003435063819150432,0.010305191457451296,0.5,388.15387530794015,4.0,3105.2310024635212,start,context,0.25,1.0,8,256,6.966666666666667,5.3,0.7607655502392344,,,7.366666666666666,7.966666666666667,1.0814479638009051,,,0.13605940355940355,7.994850720790532,7,,not_identifiable_without_future_process_assumptions
d377f6ed3c8d0704,4,kick_back,4,0.1,0.5,16,0.01556231814190527,0.04668695442571581,0.5,0.0,0.0,685.416309408565,dispatch,fixed,0.25,1.0,8,256,47.0,13.5,0.2872340425531915,0.25,0.011603888099730056,37.86666666666667,47.03333333333333,1.2420774647887323,,,0.0010416666666666667,2741.66523763426,2741,,not_identifiable_without_future_process_assumptions
ddc567d0706a9386,4,kick_back,4,0.1,0.5,16,0.01556231814190527,0.04668695442571581,0.5,5.354814917254414,0.25,685.416309408565,dispatch,fixed,0.25,1.0,8,256,118.46666666666667,115.16666666666667,0.9721440630275746,5.604814917254414,0.23023633406733784,7.966666666666667,119.46666666666667,14.99581589958159,,,0.1456307118807119,122.29062324582958,122,,not_identifiable_without_future_process_assumptions
61627f254080e723,4,kick_back,4,0.1,0.5,16,0.01556231814190527,0.04668695442571581,0.5,10.709629834508828,0.5,685.416309408565,dispatch,fixed,0.25,1.0,8,256,60.36666666666667,58.733333333333334,0.9729431253451132,10.959629834508828,0.40050745419172745,6.2,61.36666666666667,9.897849462365592,,,0.18123015873015874,62.540096678300166,62,,not_identifiable_without_future_process_assumptions
a1cb3bab63825ac6,4,kick_back,4,0.1,0.5,16,0.01556231814190527,0.04668695442571581,0.5,21.419259669017656,1.0,685.416309408565,dispatch,fixed,0.25,1.0,8,256,30.233333333333334,29.133333333333333,0.9636163175303197,21.669259669017656,0.6363893906981024,5.6,31.233333333333334,5.5773809523809526,,,0.20146825396825396,31.630813413923953,31,,not_identifiable_without_future_process_assumptions
80cc4d54adb41e75,4,kick_back,4,0.1,0.5,16,0.01556231814190527,0.04668695442571581,0.5,42.83851933803531,2.0,685.416309408565,dispatch,fixed,0.25,1.0,8,256,14.866666666666667,13.9,0.9349775784753364,43.08851933803531,0.8662351322460102,5.466666666666667,15.866666666666667,2.902439024390244,,,0.20432539682539683,15.90716784745794,15,,not_identifiable_without_future_process_assumptions
a68bf9ff5e5f04cd,4,kick_back,4,0.1,0.5,16,0.01556231814190527,0.04668695442571581,0.5,85.67703867607062,4.0,685.416309408565,dispatch,fixed,0.25,1.0,8,256,7.0,6.266666666666667,0.8952380952380953,85.92703867607062,0.9818968937354058,5.2,8.0,1.5384615384615383,,,0.20015873015873015,7.976724439352092,7,,not_identifiable_without_future_process_assumptions
268df6935029820c,4,kick_back,4,0.1,0.5,16,0.01556231814190527,0.04668695442571581,0.5,0.0,0.0,685.416309408565,dispatch,context,0.25,1.0,8,256,47.833333333333336,13.633333333333333,0.2850174216027874,,,38.6,47.9,1.2409326424870466,,,0.0010416666666666667,2741.66523763426,2741,,not_identifiable_without_future_process_assumptions
a5dbb2be6991b632,4,kick_back,4,0.1,0.5,16,0.01556231814190527,0.04668695442571581,0.5,5.354814917254414,0.25,685.416309408565,dispatch,context,0.25,1.0,8,256,118.0,114.83333333333333,0.9731638418079096,,,7.833333333333333,119.0,15.191489361702128,,,0.1474549062049062,122.29062324582958,122,,not_identifiable_without_future_process_assumptions
482ae457c16e64e6,4,kick_back,4,0.1,0.5,16,0.01556231814190527,0.04668695442571581,0.5,10.709629834508828,0.5,685.416309408565,dispatch,context,0.25,1.0,8,256,60.2,58.6,0.9734219269102989,,,6.166666666666667,61.2,9.924324324324324,,,0.18234126984126983,62.540096678300166,62,,not_identifiable_without_future_process_assumptions
625373fc2a927429,4,kick_back,4,0.1,0.5,16,0.01556231814190527,0.04668695442571581,0.5,21.419259669017656,1.0,685.416309408565,dispatch,context,0.25,1.0,8,256,30.2,29.1,0.9635761589403974,,,5.6,31.2,5.571428571428572,,,0.20146825396825396,31.630813413923953,31,,not_identifiable_without_future_process_assumptions
a600035d73c3483a,4,kick_back,4,0.1,0.5,16,0.01556231814190527,0.04668695442571581,0.5,42.83851933803531,2.0,685.416309408565,dispatch,context,0.25,1.0,8,256,14.866666666666667,13.9,0.9349775784753364,,,5.466666666666667,15.866666666666667,2.902439024390244,,,0.20432539682539683,15.90716784745794,15,,not_identifiable_without_future_process_assumptions
b9bfdb608863fd0c,4,kick_back,4,0.1,0.5,16,0.01556231814190527,0.04668695442571581,0.5,85.67703867607062,4.0,685.416309408565,dispatch,context,0.25,1.0,8,256,7.0,6.266666666666667,0.8952380952380953,,,5.2,8.0,1.5384615384615383,,,0.20015873015873015,7.976724439352092,7,,not_identifiable_without_future_process_assumptions
90c3ecb9aeec2f70,4,kick_back,4,0.1,0.5,16,0.01556231814190527,0.04668695442571581,0.5,0.0,0.0,685.416309408565,start,fixed,0.25,1.0,8,256,47.0,13.5,0.2872340425531915,0.25,0.011603888099730056,37.86666666666667,47.03333333333333,1.2420774647887323,,,0.0010416666666666667,2741.66523763426,2741,,not_identifiable_without_future_process_assumptions
6024bd78f725176b,4,kick_back,4,0.1,0.5,16,0.01556231814190527,0.04668695442571581,0.5,5.354814917254414,0.25,685.416309408565,start,fixed,0.25,1.0,8,256,118.43333333333334,114.46666666666667,0.9665071770334928,0.25,0.011603888099730056,8.766666666666667,119.43333333333334,13.62357414448669,,,0.1270572483072483,122.29062324582958,122,,not_identifiable_without_future_process_assumptions
bcc595ca61c8cc53,4,kick_back,4,0.1,0.5,16,0.01556231814190527,0.04668695442571581,0.5,10.709629834508828,0.5,685.416309408565,start,fixed,0.25,1.0,8,256,60.36666666666667,57.9,0.9591385974599669,0.25,0.011603888099730056,7.166666666666667,61.36666666666667,8.562790697674417,,,0.15055555555555555,62.540096678300166,62,,not_identifiable_without_future_process_assumptions
f6b8088690275b29,4,kick_back,4,0.1,0.5,16,0.01556231814190527,0.04668695442571581,0.5,21.419259669017656,1.0,685.416309408565,start,fixed,0.25,1.0,8,256,30.233333333333334,28.033333333333335,0.9272326350606395,0.25,0.011603888099730056,6.833333333333333,31.233333333333334,4.570731707317074,,,0.16734126984126985,31.630813413923953,31,,not_identifiable_without_future_process_assumptions
a837828933d46b98,4,kick_back,4,0.1,0.5,16,0.01556231814190527,0.04668695442571581,0.5,42.83851933803531,2.0,685.416309408565,start,fixed,0.25,1.0,8,256,14.866666666666667,12.866666666666667,0.8654708520179373,0.25,0.011603888099730056,6.6,15.866666666666667,2.4040404040404044,,,0.1701984126984127,15.90716784745794,15,,not_identifiable_without_future_process_assumptions
7a7505e88e41b61f,4,kick_back,4,0.1,0.5,16,0.01556231814190527,0.04668695442571581,0.5,85.67703867607062,4.0,685.416309408565,start,fixed,0.25,1.0,8,256,7.0,5.5,0.7857142857142857,0.25,0.011603888099730056,6.033333333333333,8.0,1.3259668508287292,,,0.16603174603174603,7.976724439352092,7,,not_identifiable_without_future_process_assumptions
3a11831f81511769,4,kick_back,4,0.1,0.5,16,0.01556231814190527,0.04668695442571581,0.5,0.0,0.0,685.416309408565,start,context,0.25,1.0,8,256,47.833333333333336,13.633333333333333,0.2850174216027874,,,38.6,47.9,1.2409326424870466,,,0.0010416666666666667,2741.66523763426,2741,,not_identifiable_without_future_process_assumptions
05082301645ca0ee,4,kick_back,4,0.1,0.5,16,0.01556231814190527,0.04668695442571581,0.5,5.354814917254414,0.25,685.416309408565,start,context,0.25,1.0,8,256,117.7,113.73333333333333,0.9662984990087794,,,8.7,118.7,13.643678160919542,,,0.13266417157721505,122.29062324582958,122,,not_identifiable_without_future_process_assumptions
c5e66b09ac03a1dd,4,kick_back,4,0.1,0.5,16,0.01556231814190527,0.04668695442571581,0.5,10.709629834508828,0.5,685.416309408565,start,context,0.25,1.0,8,256,60.166666666666664,57.86666666666667,0.9617728531855956,,,6.966666666666667,61.166666666666664,8.779904306220095,,,0.15543650793650793,62.540096678300166,62,,not_identifiable_without_future_process_assumptions
901e0705674514e3,4,kick_back,4,0.1,0.5,16,0.01556231814190527,0.04668695442571581,0.5,21.419259669017656,1.0,685.416309408565,start,context,0.25,1.0,8,256,30.1,27.966666666666665,0.9291251384274639,,,6.766666666666667,31.1,4.596059113300493,,,0.16956349206349206,31.630813413923953,31,,not_identifiable_without_future_process_assumptions
5689412d355fdbce,4,kick_back,4,0.1,0.5,16,0.01556231814190527,0.04668695442571581,0.5,42.83851933803531,2.0,685.416309408565,start,context,0.25,1.0,8,256,14.833333333333334,12.833333333333334,0.8651685393258427,,,6.6,15.833333333333334,2.3989898989898992,,,0.1701984126984127,15.90716784745794,15,,not_identifiable_without_future_process_assumptions
3b5f692247e13e39,4,kick_back,4,0.1,0.5,16,0.01556231814190527,0.04668695442571581,0.5,85.67703867607062,4.0,685.416309408565,start,context,0.25,1.0,8,256,7.0,5.5,0.7857142857142857,,,6.033333333333333,8.0,1.3259668508287292,,,0.16603174603174603,7.976724439352092,7,,not_identifiable_without_future_process_assumptions
b26fea863a9d5ede,4,kick_back,4,0.1,0.5,64,0.06872332143144783,0.20616996429434348,0.5,0.0,0.0,256.0,dispatch,fixed,0.25,1.0,8,256,142.13333333333333,91.66666666666667,0.6449343339587242,0.25,0.050236707357164144,52.46666666666667,142.36666666666667,2.7134688691232527,,,0.016490535608182665,1024.0,1024,,not_identifiable_without_future_process_assumptions
6001fd2ba7e3ff83,4,kick_back,4,0.1,0.5,64,0.06872332143144783,0.20616996429434348,0.5,1.212591760665397,0.25,256.0,dispatch,fixed,0.25,1.0,8,256,168.66666666666666,159.73333333333332,0.9470355731225296,1.462591760665397,0.2603236039572836,13.366666666666667,169.66666666666666,12.693266832917704,,,0.1285262339712804,175.03175314178878,175,,not_identifiable_without_future_process_assumptions
b5a23dcc32bb2ac8,4,kick_back,4,0.1,0.5,64,0.06872332143144783,0.20616996429434348,0.5,2.425183521330794,0.5,256.0,dispatch,fixed,0.25,1.0,8,256,93.23333333333333,88.63333333333334,0.9506614229531641,2.675183521330794,0.42393944354249785,8.766666666666667,94.23333333333333,10.749049429657793,,,0.17829100529100528,95.69436936148982,95,,not_identifiable_without_future_process_assumptions
a111965467ed1a10,4,kick_back,4,0.1,0.5,64,0.06872332143144783,0.20616996429434348,0.5,4.850367042661588,1.0,256.0,dispatch,fixed,0.25,1.0,8,256,48.733333333333334,46.56666666666667,0.9555403556771547,5.100367042661588,0.6506016106574045,6.533333333333333,49.733333333333334,7.612244897959184,,,0.18548941798941798,50.1924661222829,50,,not_identifiable_without_future_process_assumptions
15168fdedbdc4124,4,kick_back,4,0.1,0.5,64,0.06872332143144783,0.20616996429434348,0.5,9.700734085323177,2.0,256.0,dispatch,fixed,0.25,1.0,8,256,24.8,23.7,0.9556451612903225,9.950734085323177,0.871463515782444,5.3,25.8,4.867924528301887,,,0.20457671957671958,25.72674516321232,25,,not_identifiable_without_future_process_assumptions
cdea658be2588728,4,kick_back,4,0.1,0.5,64,0.06872332143144783,0.20616996429434348,0.5,19.401468170646353,4.0,256.0,dispatch,fixed,0.25,1.0,8,256,12.066666666666666,11.833333333333334,0.9806629834254145,19.651468170646353,0.9826044785021787,4.4,13.066666666666666,2.9696969696969693,,,0.23055555555555557,13.027016494492276,13,,not_identifiable_without_future_process_assumptions
04c45832ff321dfc,4,kick_back,4,0.1,0.5,64,0.06872332143144783,0.20616996429434348,0.5,0.0,0.0,256.0,dispatch,context,0.25,1.0,8,256,176.3,122.16666666666667,0.6929476271506901,,,56.43333333333333,176.6,3.1293561724748966,,,0.018995806548643034,1024.0,1024,,not_identifiable_without_future_process_assumptions
f69093f982cc8254,4,kick_back,4,0.1,0.5,64,0.06872332143144783,0.20616996429434348,0.5,1.212591760665397,0.25,256.0,dispatch,context,0.25,1.0,8,256,167.2,159.7,0.9551435406698564,,,11.866666666666667,168.2,14.174157303370785,,,0.13435265217873912,175.03175314178878,175,,not_identifiable_without_future_process_assumptions
e67933a3d81daf20,4,kick_back,4,0.1,0.5,64,0.06872332143144783,0.20616996429434348,0.5,2.425183521330794,0.5,256.0,dispatch,context,0.25,1.0,8,256,92.6,89.73333333333333,0.9690424766018719,,,7.1,93.6,13.183098591549296,,,0.1837806004911268,95.69436936148982,95,,not_identifiable_without_future_process_assumptions
b41f41510cc50446,4,kick_back,4,0.1,0.5,64,0.06872332143144783,0.20616996429434348,0.5,4.850367042661588,1.0,256.0,dispatch,context,0.25,1.0,8,256,48.46666666666667,46.5,0.9594222833562586,,,6.233333333333333,49.46666666666667,7.935828877005348,,,0.19355616605616605,50.1924661222829,50,,not_identifiable_without_future_process_assumptions
7b3988aecd25d24a,4,kick_back,4,0.1,0.5,64,0.06872332143144783,0.20616996429434348,0.5,9.700734085323177,2.0,256.0,dispatch,context,0.25,1.0,8,256,24.7,23.666666666666668,0.9581646423751687,,,5.233333333333333,25.7,4.910828025477707,,,0.20615079365079367,25.72674516321232,25,,not_identifiable_without_future_process_assumptions
695f7ec5c57be1fc,4,kick_back,4,0.1,0.5,64,0.06872332143144783,0.20616996429434348,0.5,19.401468170646353,4.0,256.0,dispatch,context,0.25,1.0,8,256,12.0,11.766666666666667,0.9805555555555556,,,4.4,13.0,2.954545454545454,,,0.23055555555555557,13.027016494492276,13,,not_identifiable_without_future_process_assumptions
2c6f97e1c6a6640b,4,kick_back,4,0.1,0.5,64,0.06872332143144783,0.20616996429434348,0.5,0.0,0.0,256.0,start,fixed,0.25,1.0,8,256,142.13333333333333,91.66666666666667,0.6449343339587242,0.25,0.050236707357164144,52.46666666666667,142.36666666666667,2.7134688691232527,,,0.016490535608182665,1024.0,1024,,not_identifiable_without_future_process_assumptions
1eee0a9e7fcf3405,4,kick_back,4,0.1,0.5,64,0.06872332143144783,0.20616996429434348,0.5,1.212591760665397,0.25,256.0,start,fixed,0.25,1.0,8,256,165.93333333333334,152.33333333333334,0.918039373242266,0.25,0.050236707357164144,18.066666666666666,166.93333333333334,9.239852398523986,,,0.09521403620268429,175.03175314178878,175,,not_identifiable_without_future_process_assumptions
b34dd4062c57e57b,4,kick_back,4,0.1,0.5,64,0.06872332143144783,0.20616996429434348,0.5,2.425183521330794,0.5,256.0,start,fixed,0.25,1.0,8,256,93.2,86.33333333333333,0.9263233190271816,0.25,0.050236707357164144,11.066666666666666,94.2,8.512048192771084,,,0.12416144041144041,95.69436936148982,95,,not_identifiable_without_future_process_assumptions
8167c0e518251726,4,kick_back,4,0.1,0.5,64,0.06872332143144783,0.20616996429434348,0.5,4.850367042661588,1.0,256.0,start,fixed,0.25,1.0,8,256,48.733333333333334,44.96666666666667,0.9227086183310533,0.25,0.050236707357164144,8.1,49.733333333333334,6.139917695473251,,,0.1457916157916158,50.1924661222829,50,,not_identifiable_without_future_process_assumptions
392e1036708386b9,4,kick_back,4,0.1,0.5,64,0.06872332143144783,0.20616996429434348,0.5,9.700734085323177,2.0,256.0,start,fixed,0.25,1.0,8,256,24.8,21.733333333333334,0.8763440860215054,0.25,0.050236707357164144,7.333333333333333,25.8,3.5181818181818185,,,0.15765512265512266,25.72674516321232,25,,not_identifiable_without_future_process_assumptions
7c23d42daadc7012,4,kick_back,4,0.1,0.5,64,0.06872332143144783,0.20616996429434348,0.5,19.401468170646353,4.0,256.0,start,fixed,0.25,1.0,8,256,12.066666666666666,9.966666666666667,0.8259668508287293,0.25,0.050236707357164144,6.366666666666666,13.066666666666666,2.0523560209424083,,,0.17170634920634922,13.027016494492276,13,,not_identifiable_without_future_process_assumptions
61d11e7a6a6c5152,4,kick_back,4,0.1,0.5,64,0.06872332143144783,0.20616996429434348,0.5,0.0,0.0,256.0,start,context,0.25,1.0,8,256,176.3,122.16666666666667,0.6929476271506901,,,56.43333333333333,176.6,3.1293561724748966,,,0.018995806548643034,1024.0,1024,,not_identifiable_without_future_process_assumptions
af91a3dfc5fc19e3,4,kick_back,4,0.1,0.5,64,0.06872332143144783,0.20616996429434348,0.5,1.212591760665397,0.25,256.0,start,context,0.25,1.0,8,256,165.46666666666667,155.96666666666667,0.9425866236905721,,,13.966666666666667,166.46666666666667,11.918854415274463,,,0.11279642612762818,175.03175314178878,175,,not_identifiable_without_future_process_assumptions
7f90fe3ff99b92b3,4,kick_back,4,0.1,0.5,64,0.06872332143144783,0.20616996429434348,0.5,2.425183521330794,0.5,256.0,start,context,0.25,1.0,8,256,92.36666666666666,87.66666666666667,0.949115842656081,,,9.066666666666666,93.36666666666666,10.297794117647058,,,0.1449074074074074,95.69436936148982,95,,not_identifiable_without_future_process_assumptions
a569b21ef853c5b7,4,kick_back,4,0.1,0.5,64,0.06872332143144783,0.20616996429434348,0.5,4.850367042661588,1.0,256.0,start,context,0.25,1.0,8,256,48.266666666666666,44.2,0.9157458563535913,,,8.4,49.266666666666666,5.865079365079365,,,0.1543513730278436,50.1924661222829,50,,not_identifiable_without_future_process_assumptions
ce834fde53ff33f1,4,kick_back,4,0.1,0.5,64,0.06872332143144783,0.20616996429434348,0.5,9.700734085323177,2.0,256.0,start,context,0.25,1.0,8,256,24.566666666666666,21.9,0.8914518317503392,,,6.933333333333334,25.566666666666666,3.6875,,,0.1659992784992785,25.72674516321232,25,,not_identifiable_without_future_process_assumptions
2bbd84ba47a65d1a,4,kick_back,4,0.1,0.5,64,0.06872332143144783,0.20616996429434348,0.5,19.401468170646353,4.0,256.0,start,context,0.25,1.0,8,256,12.0,10.3,0.8583333333333334,,,5.966666666666667,13.0,2.17877094972067,,,0.18115079365079365,13.027016494492276,13,,not_identifiable_without_future_process_assumptions
