cell_id,case,policy,agents,dependency_probability,avoidance_probability,edit_length_lines,nominal_overlap_probability,nominal_mu,sync_interval,post_dispatch_wait,wait_in_characteristic_units,observation_horizon,baseline_read_time,repair_clock,base_repair_time,edits_per_agent_time,files,lines_per_file,pooled_dispatches_per_initial_conflict,dispatches_n,dispatches_mean,dispatches_ci95_low,dispatches_ci95_high,initial_conflicts_n,initial_conflicts_mean,initial_conflicts_ci95_low,initial_conflicts_ci95_high,ratio_ci95_low,ratio_ci95_high,ratio_interval_status
b79cfd601b272f19,0,kick_back,2,0.0,0.0,4,0.003435063819150432,0.003435063819150432,0.5,0.0,0.0,9315.693007390562,dispatch,fixed,0.25,1.0,8,256,1.0,30,16.366666666666667,14.76775958783335,17.965573745499984,30,16.366666666666667,14.76775958783335,17.965573745499984,,,not_identifiable_from_aggregate_inputs
1918b54e0001e096,0,kick_back,2,0.0,0.0,4,0.003435063819150432,0.003435063819150432,0.5,72.77885162023877,0.25,9315.693007390562,dispatch,fixed,0.25,1.0,8,256,1.2821606254442075,30,120.26666666666667,117.73294599452373,122.8003873388096,30,93.8,91.52433450936053,96.07566549063947,,,not_identifiable_from_aggregate_inputs
f5bf7d8c90604b94,0,kick_back,2,0.0,0.0,4,0.003435063819150432,0.003435063819150432,0.5,145.55770324047754,0.5,9315.693007390562,dispatch,fixed,0.25,1.0,8,256,1.6389891696750905,30,60.53333333333333,59.266472997261864,61.8001936694048,30,36.93333333333333,35.22120278365054,38.64546388301612,,,not_identifiable_from_aggregate_inputs
0c2612cd98ff5942,0,kick_back,2,0.0,0.0,4,0.003435063819150432,0.003435063819150432,0.5,291.1154064809551,1.0,9315.693007390562,dispatch,fixed,0.25,1.0,8,256,2.824074074074074,30,30.5,29.871351385542155,31.128648614457845,30,10.8,9.777443546228657,11.822556453771345,,,not_identifiable_from_aggregate_inputs
19659e37918c0f58,0,kick_back,2,0.0,0.0,4,0.003435063819150432,0.003435063819150432,0.5,582.2308129619101,2.0,9315.693007390562,dispatch,fixed,0.25,1.0,8,256,5.021739130434782,30,15.4,15.094040194962066,15.705959805037935,30,3.066666666666667,2.5881020183636774,3.5452313149696564,,,not_identifiable_from_aggregate_inputs
8eddd17f1a28480b,0,kick_back,2,0.0,0.0,4,0.003435063819150432,0.003435063819150432,0.5,1164.4616259238203,4.0,9315.693007390562,dispatch,fixed,0.25,1.0,8,256,7.34375,30,7.833333333333333,7.697692382905558,7.968974283761108,30,1.0666666666666667,0.9359999999999999,1.1973333333333334,,,not_identifiable_from_aggregate_inputs
dbbe9cb482dce9a7,0,kick_back,2,0.0,0.0,4,0.003435063819150432,0.003435063819150432,0.5,0.0,0.0,9315.693007390562,dispatch,context,0.25,1.0,8,256,1.0,30,16.366666666666667,14.76775958783335,17.965573745499984,30,16.366666666666667,14.76775958783335,17.965573745499984,,,not_identifiable_from_aggregate_inputs
353e2efd40b67376,0,kick_back,2,0.0,0.0,4,0.003435063819150432,0.003435063819150432,0.5,72.77885162023877,0.25,9315.693007390562,dispatch,context,0.25,1.0,8,256,1.437679494543366,30,83.43333333333334,81.95436173246719,84.91230493419948,30,58.03333333333333,56.69940957899972,59.36725708766694,,,not_identifiable_from_aggregate_inputs
b1765d4e54fc4147,0,kick_back,2,0.0,0.0,4,0.003435063819150432,0.003435063819150432,0.5,145.55770324047754,0.5,9315.693007390562,dispatch,context,0.25,1.0,8,256,1.7638888888888888,30,50.8,49.83521232161277,51.76478767838722,30,28.8,27.49649117211742,30.10350882788258,,,not_identifiable_from_aggregate_inputs
8a8b4cd69abe3fb6,0,kick_back,2,0.0,0.0,4,0.003435063819150432,0.003435063819150432,0.5,291.1154064809551,1.0,9315.693007390562,dispatch,context,0.25,1.0,8,256,2.9387755102040813,30,28.8,28.18808038992413,29.41191961007587,30,9.8,8.931558881091243,10.668441118908758,,,not_identifiable_from_aggregate_inputs
75b22aca532a1c3f,0,kick_back,2,0.0,0.0,4,0.003435063819150432,0.003435063819150432,0.5,582.2308129619101,2.0,9315.693007390562,dispatch,context,0.25,1.0,8,256,5.654320987654321,30,15.266666666666667,14.92870559520465,15.604627738128684,30,2.7,2.201401873294712,3.1985981267052885,,,not_identifiable_from_aggregate_inputs
6c04158a9ed67cc4,0,kick_back,2,0.0,0.0,4,0.003435063819150432,0.003435063819150432,0.5,1164.4616259238203,4.0,9315.693007390562,dispatch,context,0.25,1.0,8,256,7.3125,30,7.8,7.6544148548691915,7.945585145130808,30,1.0666666666666667,0.9359999999999999,1.1973333333333334,,,not_identifiable_from_aggregate_inputs
ec6cf256683f1dc0,0,kick_back,2,0.0,0.0,4,0.003435063819150432,0.003435063819150432,0.5,0.0,0.0,9315.693007390562,start,fixed,0.25,1.0,8,256,1.0,30,16.366666666666667,14.76775958783335,17.965573745499984,30,16.366666666666667,14.76775958783335,17.965573745499984,,,not_identifiable_from_aggregate_inputs
4ce7f81da14c783a,0,kick_back,2,0.0,0.0,4,0.003435063819150432,0.003435063819150432,0.5,72.77885162023877,0.25,9315.693007390562,start,fixed,0.25,1.0,8,256,1.000277238702523,30,120.26666666666667,117.73294599452373,122.8003873388096,30,120.23333333333333,117.69134809533695,122.77531857132972,,,not_identifiable_from_aggregate_inputs
33ce2c0516c40511,0,kick_back,2,0.0,0.0,4,0.003435063819150432,0.003435063819150432,0.5,145.55770324047754,0.5,9315.693007390562,start,fixed,0.25,1.0,8,256,1.0005509641873278,30,60.53333333333333,59.266472997261864,61.8001936694048,30,60.5,59.2330815737189,61.7669184262811,,,not_identifiable_from_aggregate_inputs
82a007ef801a8367,0,kick_back,2,0.0,0.0,4,0.003435063819150432,0.003435063819150432,0.5,291.1154064809551,1.0,9315.693007390562,start,fixed,0.25,1.0,8,256,1.0021905805038336,30,30.5,29.871351385542155,31.128648614457845,30,30.433333333333334,29.798162809875475,31.068503856791192,,,not_identifiable_from_aggregate_inputs
a07514f0bdfae64e,0,kick_back,2,0.0,0.0,4,0.003435063819150432,0.003435063819150432,0.5,582.2308129619101,2.0,9315.693007390562,start,fixed,0.25,1.0,8,256,0.9956896551724138,30,15.4,15.094040194962066,15.705959805037935,30,15.466666666666667,15.144765799034447,15.788567534298886,,,not_identifiable_from_aggregate_inputs
11fddae346b73e8a,0,kick_back,2,0.0,0.0,4,0.003435063819150432,0.003435063819150432,0.5,1164.4616259238203,4.0,9315.693007390562,start,fixed,0.25,1.0,8,256,1.0,30,7.833333333333333,7.697692382905558,7.968974283761108,30,7.833333333333333,7.697692382905558,7.968974283761108,,,not_identifiable_from_aggregate_inputs
572292e49a831913,0,kick_back,2,0.0,0.0,4,0.003435063819150432,0.003435063819150432,0.5,0.0,0.0,9315.693007390562,start,context,0.25,1.0,8,256,1.0,30,16.366666666666667,14.76775958783335,17.965573745499984,30,16.366666666666667,14.76775958783335,17.965573745499984,,,not_identifiable_from_aggregate_inputs
e1645838a2eaca3e,0,kick_back,2,0.0,0.0,4,0.003435063819150432,0.003435063819150432,0.5,72.77885162023877,0.25,9315.693007390562,start,context,0.25,1.0,8,256,1.1516494337764647,30,77.96666666666667,76.54928688130965,79.38404645202368,30,67.7,66.66991436579617,68.73008563420383,,,not_identifiable_from_aggregate_inputs
a5df322da596e761,0,kick_back,2,0.0,0.0,4,0.003435063819150432,0.003435063819150432,0.5,145.55770324047754,0.5,9315.693007390562,start,context,0.25,1.0,8,256,1.1495098039215688,30,46.9,46.03691417030211,47.763085829697886,30,40.8,39.853696556649744,41.74630344335025,,,not_identifiable_from_aggregate_inputs
9f2d456d5053b888,0,kick_back,2,0.0,0.0,4,0.003435063819150432,0.003435063819150432,0.5,291.1154064809551,1.0,9315.693007390562,start,context,0.25,1.0,8,256,1.1674008810572687,30,26.5,26.023129936490804,26.976870063509196,30,22.7,22.041170246817767,23.35882975318223,,,not_identifiable_from_aggregate_inputs
0602887d3d614686,0,kick_back,2,0.0,0.0,4,0.003435063819150432,0.003435063819150432,0.5,582.2308129619101,2.0,9315.693007390562,start,context,0.25,1.0,8,256,1.134920634920635,30,14.3,14.00060505459622,14.599394945403782,30,12.6,12.115323167271317,13.084676832728682,,,not_identifiable_from_aggregate_inputs
9c7b939687a02556,0,kick_back,2,0.0,0.0,4,0.003435063819150432,0.003435063819150432,0.5,1164.4616259238203,4.0,9315.693007390562,start,context,0.25,1.0,8,256,1.16,30,7.733333333333333,7.5723828995172235,7.894283767149443,30,6.666666666666667,6.336637990332223,6.996695343001111,,,not_identifiable_from_aggregate_inputs
fde43e4dd8ab0b08,0,kick_back,2,0.0,0.0,16,0.01556231814190527,0.01556231814190527,0.5,0.0,0.0,2056.2489282256947,dispatch,fixed,0.25,1.0,8,256,1.0,30,16.233333333333334,14.862836072009905,17.603830594656763,30,16.233333333333334,14.862836072009905,17.603830594656763,,,not_identifiable_from_aggregate_inputs
cccf761136c3bea8,0,kick_back,2,0.0,0.0,16,0.01556231814190527,0.01556231814190527,0.5,16.06444475176324,0.25,2056.2489282256947,dispatch,fixed,0.25,1.0,8,256,1.272437034409365,30,119.56666666666666,116.85653467966434,122.27679865366899,30,93.96666666666667,91.14040917079865,96.79292416253469,,,not_identifiable_from_aggregate_inputs
cc1d00cdab41cd67,0,kick_back,2,0.0,0.0,16,0.01556231814190527,0.01556231814190527,0.5,32.12888950352648,0.5,2056.2489282256947,dispatch,fixed,0.25,1.0,8,256,1.5782608695652174,30,60.5,59.14875468250729,61.85124531749271,30,38.333333333333336,37.01992543533919,39.64674123132748,,,not_identifiable_from_aggregate_inputs
5c904ae28358bc71,0,kick_back,2,0.0,0.0,16,0.01556231814190527,0.01556231814190527,0.5,64.25777900705296,1.0,2056.2489282256947,dispatch,fixed,0.25,1.0,8,256,2.4638069705093835,30,30.633333333333333,29.95252925610488,31.314137410561784,30,12.433333333333334,11.599742715579232,13.266923951087435,,,not_identifiable_from_aggregate_inputs
65511e47d2b27e24,0,kick_back,2,0.0,0.0,16,0.01556231814190527,0.01556231814190527,0.5,128.51555801410592,2.0,2056.2489282256947,dispatch,fixed,0.25,1.0,8,256,4.989247311827957,30,15.466666666666667,15.131328877340454,15.80200445599288,30,3.1,2.5654989220788695,3.6345010779211306,,,not_identifiable_from_aggregate_inputs
4cda1abf86d416d1,0,kick_back,2,0.0,0.0,16,0.01556231814190527,0.01556231814190527,0.5,257.03111602821184,4.0,2056.2489282256947,dispatch,fixed,0.25,1.0,8,256,6.911764705882353,30,7.833333333333333,7.6683189951661115,7.998347671500555,30,1.1333333333333333,1.0096097506814614,1.2570569159852052,,,not_identifiable_from_aggregate_inputs
8de0e771553b9fe2,0,kick_back,2,0.0,0.0,16,0.01556231814190527,0.01556231814190527,0.5,0.0,0.0,2056.2489282256947,dispatch,context,0.25,1.0,8,256,1.0,30,16.333333333333332,14.967192587876092,17.699474078790573,30,16.333333333333332,14.967192587876092,17.699474078790573,,,not_identifiable_from_aggregate_inputs
1ebc171fac396282,0,kick_back,2,0.0,0.0,16,0.01556231814190527,0.01556231814190527,0.5,16.06444475176324,0.25,2056.2489282256947,dispatch,context,0.25,1.0,8,256,1.4232317423806784,30,82.5,80.88935295360965,84.11064704639035,30,57.96666666666667,56.48829230836123,59.445041024972106,,,not_identifiable_from_aggregate_inputs
ac07858dd809ab2a,0,kick_back,2,0.0,0.0,16,0.01556231814190527,0.01556231814190527,0.5,32.12888950352648,0.5,2056.2489282256947,dispatch,context,0.25,1.0,8,256,1.7431192660550459,30,50.666666666666664,49.545514003101545,51.787819330231784,30,29.066666666666666,28.028964637220973,30.10436869611236,,,not_identifiable_from_aggregate_inputs
e47eb358461537ed,0,kick_back,2,0.0,0.0,16,0.01556231814190527,0.01556231814190527,0.5,64.25777900705296,1.0,2056.2489282256947,dispatch,context,0.25,1.0,8,256,2.5072463768115942,30,28.833333333333332,28.168277578461513,29.49838908820515,30,11.5,9.590784357958459,13.409215642041541,,,not_identifiable_from_aggregate_inputs
5a43c475fe1a4b72,0,kick_back,2,0.0,0.0,16,0.01556231814190527,0.01556231814190527,0.5,128.51555801410592,2.0,2056.2489282256947,dispatch,context,0.25,1.0,8,256,5.021978021978022,30,15.233333333333333,14.885711219394048,15.580955447272617,30,3.033333333333333,2.5779351285672027,3.4887315380994637,,,not_identifiable_from_aggregate_inputs
a2902ebbf655ad7a,0,kick_back,2,0.0,0.0,16,0.01556231814190527,0.01556231814190527,0.5,257.03111602821184,4.0,2056.2489282256947,dispatch,context,0.25,1.0,8,256,6.882352941176471,30,7.8,7.626719017631551,7.973280982368449,30,1.1333333333333333,1.0096097506814614,1.2570569159852052,,,not_identifiable_from_aggregate_inputs
fa4089d3c8bc0fba,0,kick_back,2,0.0,0.0,16,0.01556231814190527,0.01556231814190527,0.5,0.0,0.0,2056.2489282256947,start,fixed,0.25,1.0,8,256,1.0,30,16.233333333333334,14.862836072009905,17.603830594656763,30,16.233333333333334,14.862836072009905,17.603830594656763,,,not_identifiable_from_aggregate_inputs
f70ec1e80987e228,0,kick_back,2,0.0,0.0,16,0.01556231814190527,0.01556231814190527,0.5,16.06444475176324,0.25,2056.2489282256947,start,fixed,0.25,1.0,8,256,1.0047619047619047,30,119.56666666666666,116.85653467966434,122.27679865366899,30,119,116.21067321598096,121.78932678401904,,,not_identifiable_from_aggregate_inputs
350876e5ac630b1c,0,kick_back,2,0.0,0.0,16,0.01556231814190527,0.01556231814190527,0.5,32.12888950352648,0.5,2056.2489282256947,start,fixed,0.25,1.0,8,256,1.0033167495854063,30,60.5,59.14875468250729,61.85124531749271,30,60.3,58.94418744726237,61.65581255273762,,,not_identifiable_from_aggregate_inputs
3db81cf87ea6d9cb,0,kick_back,2,0.0,0.0,16,0.01556231814190527,0.01556231814190527,0.5,64.25777900705296,1.0,2056.2489282256947,start,fixed,0.25,1.0,8,256,1.011001100110011,30,30.633333333333333,29.95252925610488,31.314137410561784,30,30.3,29.571164935171108,31.028835064828893,,,not_identifiable_from_aggregate_inputs
4dab0b6f386e4f6f,0,kick_back,2,0.0,0.0,16,0.01556231814190527,0.01556231814190527,0.5,128.51555801410592,2.0,2056.2489282256947,start,fixed,0.25,1.0,8,256,1.0,30,15.466666666666667,15.131328877340454,15.80200445599288,30,15.466666666666667,15.131328877340454,15.80200445599288,,,not_identifiable_from_aggregate_inputs
c2e3fc9abe41e451,0,kick_back,2,0.0,0.0,16,0.01556231814190527,0.01556231814190527,0.5,257.03111602821184,4.0,2056.2489282256947,start,fixed,0.25,1.0,8,256,1.0042735042735043,30,7.833333333333333,7.6683189951661115,7.998347671500555,30,7.8,7.626719017631551,7.973280982368449,,,not_identifiable_from_aggregate_inputs
3a615c6798a28356,0,kick_back,2,0.0,0.0,16,0.01556231814190527,0.01556231814190527,0.5,0.0,0.0,2056.2489282256947,start,context,0.25,1.0,8,256,1.0,30,16.333333333333332,14.967192587876092,17.699474078790573,30,16.333333333333332,14.967192587876092,17.699474078790573,,,not_identifiable_from_aggregate_inputs
134e77f96118d1d6,0,kick_back,2,0.0,0.0,16,0.01556231814190527,0.01556231814190527,0.5,16.06444475176324,0.25,2056.2489282256947,start,context,0.25,1.0,8,256,1.148294611962432,30,77.43333333333334,75.9336080762468,78.93305859041988,30,67.43333333333334,66.17714873113935,68.68951793552732,,,not_identifiable_from_aggregate_inputs
edb161cdaa135797,0,kick_back,2,0.0,0.0,16,0.01556231814190527,0.01556231814190527,0.5,32.12888950352648,0.5,2056.2489282256947,start,context,0.25,1.0,8,256,1.1569433032046013,30,46.93333333333333,45.99861068919982,47.86805597746684,30,40.56666666666667,39.569101477562015,41.564231855771325,,,not_identifiable_from_aggregate_inputs
5d133770e224f260,0,kick_back,2,0.0,0.0,16,0.01556231814190527,0.01556231814190527,0.5,64.25777900705296,1.0,2056.2489282256947,start,context,0.25,1.0,8,256,1.1473988439306357,30,26.466666666666665,25.89710387137735,27.03622946195598,30,23.066666666666666,22.42976054331591,23.70357279001742,,,not_identifiable_from_aggregate_inputs
495c0efea851462a,0,kick_back,2,0.0,0.0,16,0.01556231814190527,0.01556231814190527,0.5,128.51555801410592,2.0,2056.2489282256947,start,context,0.25,1.0,8,256,1.148936170212766,30,14.4,14.053438035263103,14.746561964736898,30,12.533333333333333,11.987523856799324,13.079142809867342,,,not_identifiable_from_aggregate_inputs
c08dfc20875c223a,0,kick_back,2,0.0,0.0,16,0.01556231814190527,0.01556231814190527,0.5,257.03111602821184,4.0,2056.2489282256947,start,context,0.25,1.0,8,256,1.1958762886597938,30,7.733333333333333,7.546956546920943,7.919710119745724,30,6.466666666666667,6.1313288773404535,6.80200445599288,,,not_identifiable_from_aggregate_inputs
ddb3576bf600537b,0,kick_back,2,0.0,0.0,64,0.06872332143144783,0.06872332143144783,0.5,0.0,0.0,465.6352360955125,dispatch,fixed,0.25,1.0,8,256,1.0,30,16.033333333333335,14.6928054107927,17.37386125587397,30,16.033333333333335,14.6928054107927,17.37386125587397,,,not_identifiable_from_aggregate_inputs
a493d46dfbebd57f,0,kick_back,2,0.0,0.0,64,0.06872332143144783,0.06872332143144783,0.5,3.6377752819961913,0.25,465.6352360955125,dispatch,fixed,0.25,1.0,8,256,1.27438330170778,30,111.93333333333334,108.0269493178238,115.83971734884287,30,87.83333333333333,84.25230948521862,91.41435718144804,,,not_identifiable_from_aggregate_inputs
371c249afde6ef17,0,kick_back,2,0.0,0.0,64,0.06872332143144783,0.06872332143144783,0.5,7.2755505639923825,0.5,465.6352360955125,dispatch,fixed,0.25,1.0,8,256,1.6193078324225865,30,59.266666666666666,58.179100266703195,60.35423306663014,30,36.6,34.78115651245526,38.41884348754474,,,not_identifiable_from_aggregate_inputs
b7694b73f3523093,0,kick_back,2,0.0,0.0,64,0.06872332143144783,0.06872332143144783,0.5,14.551101127984765,1.0,465.6352360955125,dispatch,fixed,0.25,1.0,8,256,2.5305555555555554,30,30.366666666666667,29.76139789700735,30.971935436325985,30,12,10.718354505951902,13.281645494048098,,,not_identifiable_from_aggregate_inputs
75605433b52537b5,0,kick_back,2,0.0,0.0,64,0.06872332143144783,0.06872332143144783,0.5,29.10220225596953,2.0,465.6352360955125,dispatch,fixed,0.25,1.0,8,256,5.054347826086956,30,15.5,15.206563758907992,15.793436241092008,30,3.066666666666667,2.4654237140072572,3.6679096193260765,,,not_identifiable_from_aggregate_inputs
ff50f694d9bdc4a4,0,kick_back,2,0.0,0.0,64,0.06872332143144783,0.06872332143144783,0.5,58.20440451193906,4.0,465.6352360955125,dispatch,fixed,0.25,1.0,8,256,6.742857142857142,30,7.866666666666666,7.742943084014795,7.990390249318538,30,1.1666666666666667,1.0310257162388914,1.302307617094442,,,not_identifiable_from_aggregate_inputs
2de593103b175773,0,kick_back,2,0.0,0.0,64,0.06872332143144783,0.06872332143144783,0.5,0.0,0.0,465.6352360955125,dispatch,context,0.25,1.0,8,256,1.0020283975659228,30,16.466666666666665,15.023814149264702,17.90951918406863,30,16.433333333333334,14.98757640766339,17.879090259003277,,,not_identifiable_from_aggregate_inputs
87040ac96ce4daf9,0,kick_back,2,0.0,0.0,64,0.06872332143144783,0.06872332143144783,0.5,3.6377752819961913,0.25,465.6352360955125,dispatch,context,0.25,1.0,8,256,1.4368750000000001,30,76.63333333333334,74.452625036855,78.81404162981168,30,53.333333333333336,51.740374881787126,54.926291784879545,,,not_identifiable_from_aggregate_inputs
d3dfa838634c7fd9,0,kick_back,2,0.0,0.0,64,0.06872332143144783,0.06872332143144783,0.5,7.2755505639923825,0.5,465.6352360955125,dispatch,context,0.25,1.0,8,256,1.8150431565967942,30,49.06666666666667,48.30940618773608,49.82392714559726,30,27.033333333333335,25.669942721041384,28.396723945625286,,,not_identifiable_from_aggregate_inputs
3148df38ea1824eb,0,kick_back,2,0.0,0.0,64,0.06872332143144783,0.06872332143144783,0.5,14.551101127984765,1.0,465.6352360955125,dispatch,context,0.25,1.0,8,256,2.720257234726688,30,28.2,27.656893905498144,28.743106094501854,30,10.366666666666667,9.374427386416167,11.358905946917167,,,not_identifiable_from_aggregate_inputs
9790272b43e888c7,0,kick_back,2,0.0,0.0,64,0.06872332143144783,0.06872332143144783,0.5,29.10220225596953,2.0,465.6352360955125,dispatch,context,0.25,1.0,8,256,5.055555555555555,30,15.166666666666666,14.826751419172636,15.506581914160696,30,3,2.1134434430135705,3.8865565569864295,,,not_identifiable_from_aggregate_inputs
ce75450ecc325a3c,0,kick_back,2,0.0,0.0,64,0.06872332143144783,0.06872332143144783,0.5,58.20440451193906,4.0,465.6352360955125,dispatch,context,0.25,1.0,8,256,6.5,30,7.8,7.6544148548691915,7.945585145130808,30,1.2,1.026719017631551,1.3732809823684489,,,not_identifiable_from_aggregate_inputs
fe4b210ca9501577,0,kick_back,2,0.0,0.0,64,0.06872332143144783,0.06872332143144783,0.5,0.0,0.0,465.6352360955125,start,fixed,0.25,1.0,8,256,1.0,30,16.033333333333335,14.6928054107927,17.37386125587397,30,16.033333333333335,14.6928054107927,17.37386125587397,,,not_identifiable_from_aggregate_inputs
74b07ff36fda2c73,0,kick_back,2,0.0,0.0,64,0.06872332143144783,0.06872332143144783,0.5,3.6377752819961913,0.25,465.6352360955125,start,fixed,0.25,1.0,8,256,1.0185931205453982,30,109.56666666666666,105.29036546835319,113.84296786498014,30,107.56666666666666,103.3172974116908,111.81603592164252,,,not_identifiable_from_aggregate_inputs
3ae90918e198ebed,0,kick_back,2,0.0,0.0,64,0.06872332143144783,0.06872332143144783,0.5,7.2755505639923825,0.5,465.6352360955125,start,fixed,0.25,1.0,8,256,1.0242214532871974,30,59.2,58.102464369703604,60.2975356302964,30,57.8,56.698448492290105,58.90155150770989,,,not_identifiable_from_aggregate_inputs
1b1b15e4caa57cd6,0,kick_back,2,0.0,0.0,64,0.06872332143144783,0.06872332143144783,0.5,14.551101127984765,1.0,465.6352360955125,start,fixed,0.25,1.0,8,256,1.0055187637969096,30,30.366666666666667,29.76139789700735,30.971935436325985,30,30.2,29.526258960352163,30.873741039647836,,,not_identifiable_from_aggregate_inputs
06473c6cf3ced5a3,0,kick_back,2,0.0,0.0,64,0.06872332143144783,0.06872332143144783,0.5,29.10220225596953,2.0,465.6352360955125,start,fixed,0.25,1.0,8,256,0.9978540772532188,30,15.5,15.206563758907992,15.793436241092008,30,15.533333333333333,15.160579760508552,15.906086906158114,,,not_identifiable_from_aggregate_inputs
9f094c5249de2977,0,kick_back,2,0.0,0.0,64,0.06872332143144783,0.06872332143144783,0.5,58.20440451193906,4.0,465.6352360955125,start,fixed,0.25,1.0,8,256,0.9915966386554621,30,7.866666666666666,7.742943084014795,7.990390249318538,30,7.933333333333334,7.772382899517224,8.094283767149443,,,not_identifiable_from_aggregate_inputs
6c5bc5697351df14,0,kick_back,2,0.0,0.0,64,0.06872332143144783,0.06872332143144783,0.5,0.0,0.0,465.6352360955125,start,context,0.25,1.0,8,256,1.0020283975659228,30,16.466666666666665,15.023814149264702,17.90951918406863,30,16.433333333333334,14.98757640766339,17.879090259003277,,,not_identifiable_from_aggregate_inputs
13e7b62f2d527842,0,kick_back,2,0.0,0.0,64,0.06872332143144783,0.06872332143144783,0.5,3.6377752819961913,0.25,465.6352360955125,start,context,0.25,1.0,8,256,1.1521386031402274,30,70.93333333333334,68.85537772146282,73.01128894520386,30,61.56666666666667,59.95072802741586,63.18260530591748,,,not_identifiable_from_aggregate_inputs
8efea0537d0d2fba,0,kick_back,2,0.0,0.0,64,0.06872332143144783,0.06872332143144783,0.5,7.2755505639923825,0.5,465.6352360955125,start,context,0.25,1.0,8,256,1.1565143824027073,30,45.56666666666667,44.749121851439874,46.384211481893466,30,39.4,38.510460069835915,40.28953993016408,,,not_identifiable_from_aggregate_inputs
f9fc2ff54eb600f8,0,kick_back,2,0.0,0.0,64,0.06872332143144783,0.06872332143144783,0.5,14.551101127984765,1.0,465.6352360955125,start,context,0.25,1.0,8,256,1.1414141414141414,30,26.366666666666667,25.92107014453437,26.812263188798966,30,23.1,22.43317606452712,23.766823935472882,,,not_identifiable_from_aggregate_inputs
7e48c81e02996431,0,kick_back,2,0.0,0.0,64,0.06872332143144783,0.06872332143144783,0.5,29.10220225596953,2.0,465.6352360955125,start,context,0.25,1.0,8,256,1.155495978552279,30,14.366666666666667,14.062395261301974,14.67093807203136,30,12.433333333333334,11.938885322669885,12.927781343996783,,,not_identifiable_from_aggregate_inputs
a9357651fbbbafe2,0,kick_back,2,0.0,0.0,64,0.06872332143144783,0.06872332143144783,0.5,58.20440451193906,4.0,465.6352360955125,start,context,0.25,1.0,8,256,1.126829268292683,30,7.7,7.533211263094235,7.866788736905765,30,6.833333333333333,6.433710139164116,7.23295652750255,,,not_identifiable_from_aggregate_inputs
02b20d8006444bf2,1,kick_back,4,0.0,0.0,4,0.003435063819150432,0.010305191457451296,0.5,0.0,0.0,3105.2310024635212,dispatch,fixed,0.25,1.0,8,256,1.0,30,33.1,31.187087458662944,35.01291254133706,30,33.1,31.187087458662944,35.01291254133706,,,not_identifiable_from_aggregate_inputs
3707cb5b5d32215d,1,kick_back,4,0.0,0.0,4,0.003435063819150432,0.010305191457451296,0.5,24.25961720674626,0.25,3105.2310024635212,dispatch,fixed,0.25,1.0,8,256,1.0916030534351147,30,123.93333333333334,122.52079059197342,125.34587607469325,30,113.53333333333333,111.58750255704221,115.47916410962445,,,not_identifiable_from_aggregate_inputs
87fe399ab241af87,1,kick_back,4,0.0,0.0,4,0.003435063819150432,0.010305191457451296,0.5,48.51923441349252,0.5,3105.2310024635212,dispatch,fixed,0.25,1.0,8,256,1.1771356783919598,30,62.46666666666667,61.7714224387881,63.16191089454524,30,53.06666666666667,51.57210280583649,54.56123052749685,,,not_identifiable_from_aggregate_inputs
cfc00d9707027260,1,kick_back,4,0.0,0.0,4,0.003435063819150432,0.010305191457451296,0.5,97.03846882698504,1.0,3105.2310024635212,dispatch,fixed,0.25,1.0,8,256,1.3665223665223665,30,31.566666666666666,31.206566127278798,31.926767206054535,30,23.1,22.108354253094223,24.09164574690578,,,not_identifiable_from_aggregate_inputs
da826101a53572f3,1,kick_back,4,0.0,0.0,4,0.003435063819150432,0.010305191457451296,0.5,194.07693765397008,2.0,3105.2310024635212,dispatch,fixed,0.25,1.0,8,256,1.6505190311418687,30,15.9,15.755939348660476,16.044060651339525,30,9.633333333333333,8.84999069704717,10.416675969619495,,,not_identifiable_from_aggregate_inputs
de6fe7be801f0b4c,1,kick_back,4,0.0,0.0,4,0.003435063819150432,0.010305191457451296,0.5,388.15387530794015,4.0,3105.2310024635212,dispatch,fixed,0.25,1.0,8,256,1.9274193548387095,30,7.966666666666667,7.9013333333333335,8.032,30,4.133333333333334,3.82545526621169,4.441211400454978,,,not_identifiable_from_aggregate_inputs
7c6899635b1f253d,1,kick_back,4,0.0,0.0,4,0.003435063819150432,0.010305191457451296,0.5,0.0,0.0,3105.2310024635212,dispatch,context,0.25,1.0,8,256,1.001007049345418,30,33.13333333333333,31.219536136968927,35.04713052969774,30,33.1,31.19402502700032,35.00597497299969,,,not_identifiable_from_aggregate_inputs
913a51e3831212b8,1,kick_back,4,0.0,0.0,4,0.003435063819150432,0.010305191457451296,0.5,24.25961720674626,0.25,3105.2310024635212,dispatch,context,0.25,1.0,8,256,1.144418052256532,30,80.3,77.20717216774034,83.39282783225966,30,70.16666666666667,67.01313854456941,73.32019478876393,,,not_identifiable_from_aggregate_inputs
b60651adb91d876d,1,kick_back,4,0.0,0.0,4,0.003435063819150432,0.010305191457451296,0.5,48.51923441349252,0.5,3105.2310024635212,dispatch,context,0.25,1.0,8,256,1.247058823529412,30,49.46666666666667,48.14521468456661,50.788118648766726,30,39.666666666666664,38.17683744453712,41.15649588879621,,,not_identifiable_from_aggregate_inputs
c040aa23b28b32e8,1,kick_back,4,0.0,0.0,4,0.003435063819150432,0.010305191457451296,0.5,97.03846882698504,1.0,3105.2310024635212,dispatch,context,0.25,1.0,8,256,1.4063018242122718,30,28.266666666666666,27.826554107047993,28.706779226285338,30,20.1,19.14464081497387,21.055359185026134,,,not_identifiable_from_aggregate_inputs
138f41a1602780bc,1,kick_back,4,0.0,0.0,4,0.003435063819150432,0.010305191457451296,0.5,194.07693765397008,2.0,3105.2310024635212,dispatch,context,0.25,1.0,8,256,1.686131386861314,30,15.4,15.140929335517503,15.659070664482497,30,9.133333333333333,8.425500679993506,9.84116598667316,,,not_identifiable_from_aggregate_inputs
20ba252ff559da54,1,kick_back,4,0.0,0.0,4,0.003435063819150432,0.010305191457451296,0.5,388.15387530794015,4.0,3105.2310024635212,dispatch,context,0.25,1.0,8,256,1.9430894308943092,30,7.966666666666667,7.9013333333333335,8.032,30,4.1,3.783401120383042,4.416598879616957,,,not_identifiable_from_aggregate_inputs
d8d14b4e07c89637,1,kick_back,4,0.0,0.0,4,0.003435063819150432,0.010305191457451296,0.5,0.0,0.0,3105.2310024635212,start,fixed,0.25,1.0,8,256,1.0,30,33.1,31.187087458662944,35.01291254133706,30,33.1,31.187087458662944,35.01291254133706,,,not_identifiable_from_aggregate_inputs
8c1d6df6dd5658a5,1,kick_back,4,0.0,0.0,4,0.003435063819150432,0.010305191457451296,0.5,24.25961720674626,0.25,3105.2310024635212,start,fixed,0.25,1.0,8,256,0.9864685592995489,30,123.93333333333334,122.52079059197342,125.34587607469325,30,125.63333333333334,124.14009957228515,127.12656709438153,,,not_identifiable_from_aggregate_inputs
3fcd2dbee09e2e1b,1,kick_back,4,0.0,0.0,4,0.003435063819150432,0.010305191457451296,0.5,48.51923441349252,0.5,3105.2310024635212,start,fixed,0.25,1.0,8,256,0.9704816157431384,30,62.46666666666667,61.7714224387881,63.16191089454524,30,64.36666666666666,63.67301205498552,65.0603212783478,,,not_identifiable_from_aggregate_inputs
cfc9652c78eaf652,1,kick_back,4,0.0,0.0,4,0.003435063819150432,0.010305191457451296,0.5,97.03846882698504,1.0,3105.2310024635212,start,fixed,0.25,1.0,8,256,0.9422885572139303,30,31.566666666666666,31.206566127278798,31.926767206054535,30,33.5,33.139082905052575,33.860917094947425,,,not_identifiable_from_aggregate_inputs
f787499fc07184e2,1,kick_back,4,0.0,0.0,4,0.003435063819150432,0.010305191457451296,0.5,194.07693765397008,2.0,3105.2310024635212,start,fixed,0.25,1.0,8,256,0.8882681564245811,30,15.9,15.755939348660476,16.044060651339525,30,17.9,17.755939348660476,18.04406065133952,,,not_identifiable_from_aggregate_inputs
32317f42642bca58,1,kick_back,4,0.0,0.0,4,0.003435063819150432,0.010305191457451296,0.5,388.15387530794015,4.0,3105.2310024635212,start,fixed,0.25,1.0,8,256,0.802013422818792,30,7.966666666666667,7.9013333333333335,8.032,30,9.933333333333334,9.842545044386126,10.024121622280541,,,not_identifiable_from_aggregate_inputs
4c2c30fddaa5ead8,1,kick_back,4,0.0,0.0,4,0.003435063819150432,0.010305191457451296,0.5,0.0,0.0,3105.2310024635212,start,context,0.25,1.0,8,256,1.001007049345418,30,33.13333333333333,31.219536136968927,35.04713052969774,30,33.1,31.19402502700032,35.00597497299969,,,not_identifiable_from_aggregate_inputs
f865cb66292ed04a,1,kick_back,4,0.0,0.0,4,0.003435063819150432,0.010305191457451296,0.5,24.25961720674626,0.25,3105.2310024635212,start,context,0.25,1.0,8,256,1.0355555555555556,30,77.66666666666667,74.66486164135912,80.66847169197422,30,75,71.50393508569171,78.49606491430829,,,not_identifiable_from_aggregate_inputs
0e8e2cf31b44a679,1,kick_back,4,0.0,0.0,4,0.003435063819150432,0.010305191457451296,0.5,48.51923441349252,0.5,3105.2310024635212,start,context,0.25,1.0,8,256,1.0217076700434153,30,47.06666666666667,45.757973984484,48.37535934884934,30,46.06666666666667,44.480374892159304,47.652958441174036,,,not_identifiable_from_aggregate_inputs
8e26d8c148356661,1,kick_back,4,0.0,0.0,4,0.003435063819150432,0.010305191457451296,0.5,97.03846882698504,1.0,3105.2310024635212,start,context,0.25,1.0,8,256,0.9852760736196319,30,26.766666666666666,26.263367451868096,27.269965881465236,30,27.166666666666668,26.40272989770396,27.930603435629376,,,not_identifiable_from_aggregate_inputs
d4ca42d7e3c1c224,1,kick_back,4,0.0,0.0,4,0.003435063819150432,0.010305191457451296,0.5,194.07693765397008,2.0,3105.2310024635212,start,context,0.25,1.0,8,256,0.9224318658280922,30,14.666666666666666,14.449641145982225,14.883692187351107,30,15.9,15.583401120383042,16.216598879616956,,,not_identifiable_from_aggregate_inputs
b6d0ac26e828cd0b,1,kick_back,4,0.0,0.0,4,0.003435063819150432,0.010305191457451296,0.5,388.15387530794015,4.0,3105.2310024635212,start,context,0.25,1.0,8,256,0.8350877192982457,30,7.933333333333334,7.842545044386126,8.024121622280541,30,9.5,9.255846289230005,9.744153710769995,,,not_identifiable_from_aggregate_inputs
7ffbca498ce8f21a,1,kick_back,4,0.0,0.0,16,0.01556231814190527,0.04668695442571581,0.5,0.0,0.0,685.416309408565,dispatch,fixed,0.25,1.0,8,256,1.0,30,33.833333333333336,31.4446657716357,36.222000895030966,30,33.833333333333336,31.4446657716357,36.222000895030966,,,not_identifiable_from_aggregate_inputs
10d3547ed2a37f76,1,kick_back,4,0.0,0.0,16,0.01556231814190527,0.04668695442571581,0.5,5.354814917254414,0.25,685.416309408565,dispatch,fixed,0.25,1.0,8,256,1.0835380835380835,30,117.6,115.35913924583872,119.84086075416127,30,108.53333333333333,106.02800422088407,111.03866244578259,,,not_identifiable_from_aggregate_inputs
fdae7268df4944dc,1,kick_back,4,0.0,0.0,16,0.01556231814190527,0.04668695442571581,0.5,10.709629834508828,0.5,685.416309408565,dispatch,fixed,0.25,1.0,8,256,1.182642487046632,30,60.86666666666667,59.77585701974208,61.95747631359126,30,51.46666666666667,49.71930795494404,53.214025378389294,,,not_identifiable_from_aggregate_inputs
6b8c21b4615cc392,1,kick_back,4,0.0,0.0,16,0.01556231814190527,0.04668695442571581,0.5,21.419259669017656,1.0,685.416309408565,dispatch,fixed,0.25,1.0,8,256,1.3319027181688126,30,31.033333333333335,30.4657120144192,31.60095465224747,30,23.3,22.274209987655716,24.325790012344285,,,not_identifiable_from_aggregate_inputs
9d9e9e0c0aa33826,1,kick_back,4,0.0,0.0,16,0.01556231814190527,0.04668695442571581,0.5,42.83851933803531,2.0,685.416309408565,dispatch,fixed,0.25,1.0,8,256,1.6737588652482267,30,15.733333333333333,15.48588616802959,15.980780498637076,30,9.4,8.686781360600968,10.113218639399033,,,not_identifiable_from_aggregate_inputs
9e253da13fdcf05d,1,kick_back,4,0.0,0.0,16,0.01556231814190527,0.04668695442571581,0.5,85.67703867607062,4.0,685.416309408565,dispatch,fixed,0.25,1.0,8,256,1.762962962962963,30,7.933333333333334,7.842545044386126,8.024121622280541,30,4.5,4.104077100272369,4.895922899727631,,,not_identifiable_from_aggregate_inputs
484d762965781247,1,kick_back,4,0.0,0.0,16,0.01556231814190527,0.04668695442571581,0.5,0.0,0.0,685.416309408565,dispatch,context,0.25,1.0,8,256,1.0019417475728154,30,34.4,31.91437079359689,36.8856292064031,30,34.333333333333336,31.86959179342317,36.7970748732435,,,not_identifiable_from_aggregate_inputs
a23b8544feaff105,1,kick_back,4,0.0,0.0,16,0.01556231814190527,0.04668695442571581,0.5,5.354814917254414,0.25,685.416309408565,dispatch,context,0.25,1.0,8,256,1.1275460717749757,30,77.5,74.8192461173561,80.1807538826439,30,68.73333333333333,65.23608979041737,72.2305768762493,,,not_identifiable_from_aggregate_inputs
1c9853144c300693,1,kick_back,4,0.0,0.0,16,0.01556231814190527,0.04668695442571581,0.5,10.709629834508828,0.5,685.416309408565,dispatch,context,0.25,1.0,8,256,1.219283276450512,30,47.63333333333333,46.531447829827975,48.73521883683869,30,39.06666666666667,37.827291320356224,40.306042012977116,,,not_identifiable_from_aggregate_inputs
55558788ce745332,1,kick_back,4,0.0,0.0,16,0.01556231814190527,0.04668695442571581,0.5,21.419259669017656,1.0,685.416309408565,dispatch,context,0.25,1.0,8,256,1.354679802955665,30,27.5,27.023129936490804,27.976870063509196,30,20.3,19.37851963180678,21.221480368193223,,,not_identifiable_from_aggregate_inputs
4cf7e12e332832a4,1,kick_back,4,0.0,0.0,16,0.01556231814190527,0.04668695442571581,0.5,42.83851933803531,2.0,685.416309408565,dispatch,context,0.25,1.0,8,256,1.7384615384615385,30,15.066666666666666,14.801975593933424,15.331357739399909,30,8.666666666666666,7.9999531050976245,9.333380228235708,,,not_identifiable_from_aggregate_inputs
d9ecd99ca345419c,1,kick_back,4,0.0,0.0,16,0.01556231814190527,0.04668695442571581,0.5,85.67703867607062,4.0,685.416309408565,dispatch,context,0.25,1.0,8,256,1.803030303030303,30,7.933333333333334,7.842545044386126,8.024121622280541,30,4.4,3.994708108591624,4.805291891408377,,,not_identifiable_from_aggregate_inputs
8c43ef60ff809e72,1,kick_back,4,0.0,0.0,16,0.01556231814190527,0.04668695442571581,0.5,0.0,0.0,685.416309408565,start,fixed,0.25,1.0,8,256,1.0,30,33.833333333333336,31.4446657716357,36.222000895030966,30,33.833333333333336,31.4446657716357,36.222000895030966,,,not_identifiable_from_aggregate_inputs
032c0619b8f3f009,1,kick_back,4,0.0,0.0,16,0.01556231814190527,0.04668695442571581,0.5,5.354814917254414,0.25,685.416309408565,start,fixed,0.25,1.0,8,256,0.9885121882880358,30,117.6,115.35913924583872,119.84086075416127,30,118.96666666666667,116.73393256966973,121.1994007636636,,,not_identifiable_from_aggregate_inputs
239187bc9ecf2ed4,1,kick_back,4,0.0,0.0,16,0.01556231814190527,0.04668695442571581,0.5,10.709629834508828,0.5,685.416309408565,start,fixed,0.25,1.0,8,256,0.9728289824187533,30,60.86666666666667,59.77585701974208,61.95747631359126,30,62.56666666666667,61.38660598896186,63.74672734437148,,,not_identifiable_from_aggregate_inputs
c721de96820cdbc1,1,kick_back,4,0.0,0.0,16,0.01556231814190527,0.04668695442571581,0.5,21.419259669017656,1.0,685.416309408565,start,fixed,0.25,1.0,8,256,0.9432624113475179,30,31.033333333333335,30.4657120144192,31.60095465224747,30,32.9,32.2671510140006,33.532848985999394,,,not_identifiable_from_aggregate_inputs
c4659f8f06dc7b92,1,kick_back,4,0.0,0.0,16,0.01556231814190527,0.04668695442571581,0.5,42.83851933803531,2.0,685.416309408565,start,fixed,0.25,1.0,8,256,0.890566037735849,30,15.733333333333333,15.48588616802959,15.980780498637076,30,17.666666666666668,17.395384765811116,17.93794856752222,,,not_identifiable_from_aggregate_inputs
aa685c470f857ca4,1,kick_back,4,0.0,0.0,16,0.01556231814190527,0.04668695442571581,0.5,85.67703867607062,4.0,685.416309408565,start,fixed,0.25,1.0,8,256,0.8040540540540541,30,7.933333333333334,7.842545044386126,8.024121622280541,30,9.866666666666667,9.742943084014795,9.990390249318539,,,not_identifiable_from_aggregate_inputs
3c8354c4bfc5af7a,1,kick_back,4,0.0,0.0,16,0.01556231814190527,0.04668695442571581,0.5,0.0,0.0,685.416309408565,start,context,0.25,1.0,8,256,1.0019417475728154,30,34.4,31.91437079359689,36.8856292064031,30,34.333333333333336,31.86959179342317,36.7970748732435,,,not_identifiable_from_aggregate_inputs
1cb66000dc7c3665,1,kick_back,4,0.0,0.0,16,0.01556231814190527,0.04668695442571581,0.5,5.354814917254414,0.25,685.416309408565,start,context,0.25,1.0,8,256,1.0464135021097047,30,74.4,71.75264445109865,77.04735554890136,30,71.1,68.14113637843268,74.05886362156731,,,not_identifiable_from_aggregate_inputs
2265a6cdbcbf2b51,1,kick_back,4,0.0,0.0,16,0.01556231814190527,0.04668695442571581,0.5,10.709629834508828,0.5,685.416309408565,start,context,0.25,1.0,8,256,1.0284857571214392,30,45.733333333333334,44.57118244067008,46.89548422599659,30,44.46666666666667,43.011624246513755,45.92170908681958,,,not_identifiable_from_aggregate_inputs
077f99ce32087edf,1,kick_back,4,0.0,0.0,16,0.01556231814190527,0.04668695442571581,0.5,21.419259669017656,1.0,685.416309408565,start,context,0.25,1.0,8,256,1.0050697084917617,30,26.433333333333334,25.938885322669883,26.927781343996784,30,26.3,25.55321064226411,27.046789357735893,,,not_identifiable_from_aggregate_inputs
6ae9c5d910d3daed,1,kick_back,4,0.0,0.0,16,0.01556231814190527,0.04668695442571581,0.5,42.83851933803531,2.0,685.416309408565,start,context,0.25,1.0,8,256,0.9255319148936171,30,14.5,14.238385209037075,14.761614790962925,30,15.666666666666666,15.286872005468895,16.04646132786444,,,not_identifiable_from_aggregate_inputs
078e784a58246c26,1,kick_back,4,0.0,0.0,16,0.01556231814190527,0.04668695442571581,0.5,85.67703867607062,4.0,685.416309408565,start,context,0.25,1.0,8,256,0.8453237410071941,30,7.833333333333333,7.6683189951661115,7.998347671500555,30,9.266666666666667,9.019219501362924,9.51411383197041,,,not_identifiable_from_aggregate_inputs
0a5f08c55f41e3dc,1,kick_back,4,0.0,0.0,64,0.06872332143144783,0.20616996429434348,0.5,0.0,0.0,256.0,dispatch,fixed,0.25,1.0,8,256,1.0,30,56.06666666666667,53.08611919966248,59.04721413367086,30,56.06666666666667,53.08611919966248,59.04721413367086,,,not_identifiable_from_aggregate_inputs
5169b70191430273,1,kick_back,4,0.0,0.0,64,0.06872332143144783,0.20616996429434348,0.5,1.212591760665397,0.25,256.0,dispatch,fixed,0.25,1.0,8,256,1.1288465795882223,30,169.96666666666667,167.5533553185735,172.37997801475984,30,150.56666666666666,147.6013432874557,153.53199004587762,,,not_identifiable_from_aggregate_inputs
4a94f3bf96ccc231,1,kick_back,4,0.0,0.0,64,0.06872332143144783,0.20616996429434348,0.5,2.425183521330794,0.5,256.0,dispatch,fixed,0.25,1.0,8,256,1.1938474504846188,30,94.43333333333334,93.84134177286745,95.02532489379922,30,79.1,77.7209377165591,80.47906228344088,,,not_identifiable_from_aggregate_inputs
f4a4a5e023b3e44d,1,kick_back,4,0.0,0.0,64,0.06872332143144783,0.20616996429434348,0.5,4.850367042661588,1.0,256.0,dispatch,fixed,0.25,1.0,8,256,1.3829787234042554,30,49.833333333333336,49.64343600273445,50.023230663932225,30,36.03333333333333,34.4764020948947,37.59026457177196,,,not_identifiable_from_aggregate_inputs
c1003e4f1a8f1834,1,kick_back,4,0.0,0.0,64,0.06872332143144783,0.20616996429434348,0.5,9.700734085323177,2.0,256.0,dispatch,fixed,0.25,1.0,8,256,1.6137787056367432,30,25.766666666666666,25.612727633105845,25.920605700227487,30,15.966666666666667,14.75777168978319,17.175561643550143,,,not_identifiable_from_aggregate_inputs
e4b07b52afea2143,1,kick_back,4,0.0,0.0,64,0.06872332143144783,0.20616996429434348,0.5,19.401468170646353,4.0,256.0,dispatch,fixed,0.25,1.0,8,256,2.0631578947368423,30,13.066666666666666,12.975878377719459,13.157454955613874,30,6.333333333333333,5.603388392356113,7.063278274310553,,,not_identifiable_from_aggregate_inputs
bfd00a8e2d29196e,1,kick_back,4,0.0,0.0,64,0.06872332143144783,0.20616996429434348,0.5,0.0,0.0,256.0,dispatch,context,0.25,1.0,8,256,1.0295183842568618,30,66.26666666666667,60.29136641579035,72.24196691754298,30,64.36666666666666,59.23278301800382,69.5005503153295,,,not_identifiable_from_aggregate_inputs
bd7e07ab490403b9,1,kick_back,4,0.0,0.0,64,0.06872332143144783,0.20616996429434348,0.5,1.212591760665397,0.25,256.0,dispatch,context,0.25,1.0,8,256,1.2028985507246377,30,94.06666666666666,90.69542824578608,97.43790508754725,30,78.2,74.79297580210275,81.60702419789726,,,not_identifiable_from_aggregate_inputs
91e4ffc169ba9814,1,kick_back,4,0.0,0.0,64,0.06872332143144783,0.20616996429434348,0.5,2.425183521330794,0.5,256.0,dispatch,context,0.25,1.0,8,256,1.245259165613148,30,65.66666666666667,63.70141699206425,67.63191634126909,30,52.733333333333334,50.06879813920167,55.397868527465,,,not_identifiable_from_aggregate_inputs
f45f7edc7b4c671b,1,kick_back,4,0.0,0.0,64,0.06872332143144783,0.20616996429434348,0.5,4.850367042661588,1.0,256.0,dispatch,context,0.25,1.0,8,256,1.4368482039397452,30,41.333333333333336,40.73651315145113,41.930153515215544,30,28.766666666666666,27.524622103328454,30.008711230004877,,,not_identifiable_from_aggregate_inputs
cb6c2cada572fafa,1,kick_back,4,0.0,0.0,64,0.06872332143144783,0.20616996429434348,0.5,9.700734085323177,2.0,256.0,dispatch,context,0.25,1.0,8,256,1.7132530120481926,30,23.7,23.431718795668235,23.968281204331763,30,13.833333333333334,12.644326084596855,15.022340582069813,,,not_identifiable_from_aggregate_inputs
41939dafcdcec34e,1,kick_back,4,0.0,0.0,64,0.06872332143144783,0.20616996429434348,0.5,19.401468170646353,4.0,256.0,dispatch,context,0.25,1.0,8,256,2.1027027027027025,30,12.966666666666667,12.901333333333334,13.032,30,6.166666666666667,5.304946209909448,7.028387123423886,,,not_identifiable_from_aggregate_inputs
8c76adf39dfb1324,1,kick_back,4,0.0,0.0,64,0.06872332143144783,0.20616996429434348,0.5,0.0,0.0,256.0,start,fixed,0.25,1.0,8,256,1.0,30,56.06666666666667,53.08611919966248,59.04721413367086,30,56.06666666666667,53.08611919966248,59.04721413367086,,,not_identifiable_from_aggregate_inputs
f76c05fdb93e3ded,1,kick_back,4,0.0,0.0,64,0.06872332143144783,0.20616996429434348,0.5,1.212591760665397,0.25,256.0,start,fixed,0.25,1.0,8,256,1.0135053416649868,30,167.6,164.11076210936093,171.08923789063905,30,165.36666666666667,162.15156981668076,168.5817635166526,,,not_identifiable_from_aggregate_inputs
72974c27a05194da,1,kick_back,4,0.0,0.0,64,0.06872332143144783,0.20616996429434348,0.5,2.425183521330794,0.5,256.0,start,fixed,0.25,1.0,8,256,0.9989421720733428,30,94.43333333333334,93.84134177286745,95.02532489379922,30,94.53333333333333,93.71551850825213,95.35114815841453,,,not_identifiable_from_aggregate_inputs
e18fc695c3c57c56,1,kick_back,4,0.0,0.0,64,0.06872332143144783,0.20616996429434348,0.5,4.850367042661588,1.0,256.0,start,fixed,0.25,1.0,8,256,0.977124183006536,30,49.833333333333336,49.64343600273445,50.023230663932225,30,51,50.57973188634359,51.42026811365641,,,not_identifiable_from_aggregate_inputs
2a417fe1a5021765,1,kick_back,4,0.0,0.0,64,0.06872332143144783,0.20616996429434348,0.5,9.700734085323177,2.0,256.0,start,fixed,0.25,1.0,8,256,0.9335748792270531,30,25.766666666666666,25.612727633105845,25.920605700227487,30,27.6,27.26642252618847,27.933577473811532,,,not_identifiable_from_aggregate_inputs
0bdc708316cf1285,1,kick_back,4,0.0,0.0,64,0.06872332143144783,0.20616996429434348,0.5,19.401468170646353,4.0,256.0,start,fixed,0.25,1.0,8,256,0.8711111111111111,30,13.066666666666666,12.975878377719459,13.157454955613874,30,15,14.769809673950236,15.230190326049764,,,not_identifiable_from_aggregate_inputs
aaa6a6fd65cff473,1,kick_back,4,0.0,0.0,64,0.06872332143144783,0.20616996429434348,0.5,0.0,0.0,256.0,start,context,0.25,1.0,8,256,1.0295183842568618,30,66.26666666666667,60.29136641579035,72.24196691754298,30,64.36666666666666,59.23278301800382,69.5005503153295,,,not_identifiable_from_aggregate_inputs
7087492fc1b6483d,1,kick_back,4,0.0,0.0,64,0.06872332143144783,0.20616996429434348,0.5,1.212591760665397,0.25,256.0,start,context,0.25,1.0,8,256,1.1070730754200862,30,94.43333333333334,90.35361069983439,98.51305596683228,30,85.3,80.8551307015324,89.74486929846759,,,not_identifiable_from_aggregate_inputs
62f43ece57a79b97,1,kick_back,4,0.0,0.0,64,0.06872332143144783,0.20616996429434348,0.5,2.425183521330794,0.5,256.0,start,context,0.25,1.0,8,256,1.0770114942528737,30,62.46666666666667,61.05788013957067,63.87545319376267,30,58,56.13465334028242,59.86534665971758,,,not_identifiable_from_aggregate_inputs
3290b251f27a8a40,1,kick_back,4,0.0,0.0,64,0.06872332143144783,0.20616996429434348,0.5,4.850367042661588,1.0,256.0,start,context,0.25,1.0,8,256,1.0524412296564194,30,38.8,38.18808038992413,39.41191961007586,30,36.86666666666667,35.94239525639437,37.790938076938964,,,not_identifiable_from_aggregate_inputs
e17f743d326e2924,1,kick_back,4,0.0,0.0,64,0.06872332143144783,0.20616996429434348,0.5,9.700734085323177,2.0,256.0,start,context,0.25,1.0,8,256,1.0105263157894735,30,22.4,22.158574349275835,22.641425650724162,30,22.166666666666668,21.618032975390726,22.71530035794261,,,not_identifiable_from_aggregate_inputs
adb59c09311223eb,1,kick_back,4,0.0,0.0,64,0.06872332143144783,0.20616996429434348,0.5,19.401468170646353,4.0,256.0,start,context,0.25,1.0,8,256,0.9458762886597938,30,12.233333333333333,12.079394299772511,12.387272366894154,30,12.933333333333334,12.503370775932943,13.363295890733724,,,not_identifiable_from_aggregate_inputs
d8a8a765556d037a,2,kick_back,8,0.0,0.0,4,0.003435063819150432,0.024045446734053025,0.5,0.0,0.0,1330.8132867700804,dispatch,fixed,0.25,1.0,8,256,1.0,30,62.86666666666667,59.444985566988805,66.28834776634453,30,62.86666666666667,59.444985566988805,66.28834776634453,,,not_identifiable_from_aggregate_inputs
b7ba5ca31aba9fbb,2,kick_back,8,0.0,0.0,4,0.003435063819150432,0.024045446734053025,0.5,10.396978802891253,0.25,1330.8132867700804,dispatch,fixed,0.25,1.0,8,256,1.0357941834451903,30,123.46666666666667,122.90491003483224,124.0284232985011,30,119.2,117.671933804166,120.728066195834,,,not_identifiable_from_aggregate_inputs
5b71f2df79207d46,2,kick_back,8,0.0,0.0,4,0.003435063819150432,0.024045446734053025,0.5,20.793957605782506,0.5,1330.8132867700804,dispatch,fixed,0.25,1.0,8,256,1.0541899441340783,30,62.9,62.56974840660107,63.230251593398926,30,59.666666666666664,58.408199314436835,60.92513401889649,,,not_identifiable_from_aggregate_inputs
fb4c6b3ba45294d9,2,kick_back,8,0.0,0.0,4,0.003435063819150432,0.024045446734053025,0.5,41.58791521156501,1.0,1330.8132867700804,dispatch,fixed,0.25,1.0,8,256,1.0695847362514028,30,31.766666666666666,31.612727633105845,31.920605700227487,30,29.7,28.661376419231328,30.73862358076867,,,not_identifiable_from_aggregate_inputs
b24fa12e435c4b9f,2,kick_back,8,0.0,0.0,4,0.003435063819150432,0.024045446734053025,0.5,83.17583042313002,2.0,1330.8132867700804,dispatch,fixed,0.25,1.0,8,256,1.0457516339869282,30,16,16.0,16.0,30,15.3,14.571164935171106,16.028835064828893,,,not_identifiable_from_aggregate_inputs
63e7af8f6bc0b339,2,kick_back,8,0.0,0.0,4,0.003435063819150432,0.024045446734053025,0.5,166.35166084626005,4.0,1330.8132867700804,dispatch,fixed,0.25,1.0,8,256,0.9090909090909091,30,8,8.0,8.0,30,8.8,8.375550011069093,9.224449988930909,,,not_identifiable_from_aggregate_inputs
61b1125dcaff76aa,2,kick_back,8,0.0,0.0,4,0.003435063819150432,0.024045446734053025,0.5,0.0,0.0,1330.8132867700804,dispatch,context,0.25,1.0,8,256,1.0021008403361344,30,63.6,60.15662149332521,67.04337850667478,30,63.46666666666667,60.02568272113452,66.90765061219881,,,not_identifiable_from_aggregate_inputs
499f3f28cbe6f9f0,2,kick_back,8,0.0,0.0,4,0.003435063819150432,0.024045446734053025,0.5,10.396978802891253,0.25,1330.8132867700804,dispatch,context,0.25,1.0,8,256,1.056179775280899,30,68.93333333333334,63.99457200756043,73.87209465910625,30,65.26666666666667,60.28960851945096,70.24372481388238,,,not_identifiable_from_aggregate_inputs
8126c679aafd8834,2,kick_back,8,0.0,0.0,4,0.003435063819150432,0.024045446734053025,0.5,20.793957605782506,0.5,1330.8132867700804,dispatch,context,0.25,1.0,8,256,1.06682769726248,30,44.166666666666664,42.07568321365555,46.25765011967778,30,41.4,38.94835595390855,43.851644046091444,,,not_identifiable_from_aggregate_inputs
b51688bd5313b3f5,2,kick_back,8,0.0,0.0,4,0.003435063819150432,0.024045446734053025,0.5,41.58791521156501,1.0,1330.8132867700804,dispatch,context,0.25,1.0,8,256,1.0506666666666666,30,26.266666666666666,25.464112277299364,27.069221056033967,30,25,23.841400766482195,26.158599233517805,,,not_identifiable_from_aggregate_inputs
2ffbe62365e29662,2,kick_back,8,0.0,0.0,4,0.003435063819150432,0.024045446734053025,0.5,83.17583042313002,2.0,1330.8132867700804,dispatch,context,0.25,1.0,8,256,1.0298850574712644,30,14.933333333333334,14.68588616802959,15.180780498637077,30,14.5,13.761534987482383,15.238465012517617,,,not_identifiable_from_aggregate_inputs
db03ca7b62fcbab3,2,kick_back,8,0.0,0.0,4,0.003435063819150432,0.024045446734053025,0.5,166.35166084626005,4.0,1330.8132867700804,dispatch,context,0.25,1.0,8,256,0.9266409266409267,30,8,8.0,8.0,30,8.633333333333333,8.218529201925568,9.048137464741098,,,not_identifiable_from_aggregate_inputs
89443f6106a31437,2,kick_back,8,0.0,0.0,4,0.003435063819150432,0.024045446734053025,0.5,0.0,0.0,1330.8132867700804,start,fixed,0.25,1.0,8,256,1.0,30,62.86666666666667,59.444985566988805,66.28834776634453,30,62.86666666666667,59.444985566988805,66.28834776634453,,,not_identifiable_from_aggregate_inputs
a9964d015fe20eee,2,kick_back,8,0.0,0.0,4,0.003435063819150432,0.024045446734053025,0.5,10.396978802891253,0.25,1330.8132867700804,start,fixed,0.25,1.0,8,256,0.9580636810768831,30,123.36666666666666,122.76139789700734,123.97193543632598,30,128.76666666666668,128.16726256922436,129.366070764109,,,not_identifiable_from_aggregate_inputs
00253465c1c588e8,2,kick_back,8,0.0,0.0,4,0.003435063819150432,0.024045446734053025,0.5,20.793957605782506,0.5,1330.8132867700804,start,fixed,0.25,1.0,8,256,0.9169096209912537,30,62.9,62.56974840660107,63.230251593398926,30,68.6,68.20575356327093,68.99424643672906,,,not_identifiable_from_aggregate_inputs
8db7809d8dc3bb0a,2,kick_back,8,0.0,0.0,4,0.003435063819150432,0.024045446734053025,0.5,41.58791521156501,1.0,1330.8132867700804,start,fixed,0.25,1.0,8,256,0.8448581560283688,30,31.766666666666666,31.612727633105845,31.920605700227487,30,37.6,37.39844649322834,37.80155350677166,,,not_identifiable_from_aggregate_inputs
651334e8071f5b1a,2,kick_back,8,0.0,0.0,4,0.003435063819150432,0.024045446734053025,0.5,83.17583042313002,2.0,1330.8132867700804,start,fixed,0.25,1.0,8,256,0.732824427480916,30,16,16.0,16.0,30,21.833333333333332,21.697692382905558,21.968974283761106,,,not_identifiable_from_aggregate_inputs
098bb49f586918df,2,kick_back,8,0.0,0.0,4,0.003435063819150432,0.024045446734053025,0.5,166.35166084626005,4.0,1330.8132867700804,start,fixed,0.25,1.0,8,256,0.5769230769230769,30,8,8.0,8.0,30,13.866666666666667,13.742943084014795,13.990390249318539,,,not_identifiable_from_aggregate_inputs
a189ebde7f899568,2,kick_back,8,0.0,0.0,4,0.003435063819150432,0.024045446734053025,0.5,0.0,0.0,1330.8132867700804,start,context,0.25,1.0,8,256,1.0021008403361344,30,63.6,60.15662149332521,67.04337850667478,30,63.46666666666667,60.02568272113452,66.90765061219881,,,not_identifiable_from_aggregate_inputs
206fe2164fcda87a,2,kick_back,8,0.0,0.0,4,0.003435063819150432,0.024045446734053025,0.5,10.396978802891253,0.25,1330.8132867700804,start,context,0.25,1.0,8,256,0.9831766452251361,30,66.23333333333333,61.62120591802712,70.84546074863954,30,67.36666666666666,62.40333464409518,72.32999868923814,,,not_identifiable_from_aggregate_inputs
7eef628ba4b72a36,2,kick_back,8,0.0,0.0,4,0.003435063819150432,0.024045446734053025,0.5,20.793957605782506,0.5,1330.8132867700804,start,context,0.25,1.0,8,256,0.924944812362031,30,41.9,39.67744117645046,44.12255882354954,30,45.3,42.90751509931619,47.6924849006838,,,not_identifiable_from_aggregate_inputs
a8220aa35e0f5d8d,2,kick_back,8,0.0,0.0,4,0.003435063819150432,0.024045446734053025,0.5,41.58791521156501,1.0,1330.8132867700804,start,context,0.25,1.0,8,256,0.8650519031141869,30,25,24.186154297433347,25.813845702566653,30,28.9,27.73247884165964,30.06752115834036,,,not_identifiable_from_aggregate_inputs
d13e03c74203cf9c,2,kick_back,8,0.0,0.0,4,0.003435063819150432,0.024045446734053025,0.5,83.17583042313002,2.0,1330.8132867700804,start,context,0.25,1.0,8,256,0.75,30,14.1,13.845225996021085,14.354774003978914,30,18.8,18.281858671035007,19.318141328964995,,,not_identifiable_from_aggregate_inputs
79a9a5828c93d7ce,2,kick_back,8,0.0,0.0,4,0.003435063819150432,0.024045446734053025,0.5,166.35166084626005,4.0,1330.8132867700804,start,context,0.25,1.0,8,256,0.5933503836317136,30,7.733333333333333,7.5723828995172235,7.894283767149443,30,13.033333333333333,12.75962078450341,13.307045882163257,,,not_identifiable_from_aggregate_inputs
0f10f83c81bebddf,2,kick_back,8,0.0,0.0,16,0.01556231814190527,0.1089362269933369,0.5,0.0,0.0,293.74984688938497,dispatch,fixed,0.25,1.0,8,256,1.0,30,60.6,57.622911334954864,63.57708866504514,30,60.6,57.622911334954864,63.57708866504514,,,not_identifiable_from_aggregate_inputs
2ee2fa8b81ce05d2,2,kick_back,8,0.0,0.0,16,0.01556231814190527,0.1089362269933369,0.5,2.29492067882332,0.25,293.74984688938497,dispatch,fixed,0.25,1.0,8,256,1.0638231631382318,30,113.9,113.04204552273593,114.75795447726408,30,107.06666666666666,105.757973984484,108.37535934884933,,,not_identifiable_from_aggregate_inputs
86dc5f16a737dd63,2,kick_back,8,0.0,0.0,16,0.01556231814190527,0.1089362269933369,0.5,4.58984135764664,0.5,293.74984688938497,dispatch,fixed,0.25,1.0,8,256,1.0255246738513897,30,60.266666666666666,59.87995909847719,60.653374234856145,30,58.766666666666666,57.50347139928917,60.02986193404416,,,not_identifiable_from_aggregate_inputs
a3b7286d1d4c1520,2,kick_back,8,0.0,0.0,16,0.01556231814190527,0.1089362269933369,0.5,9.17968271529328,1.0,293.74984688938497,dispatch,fixed,0.25,1.0,8,256,1.0552423900789176,30,31.2,30.962260453533656,31.437739546466343,30,29.566666666666666,28.619042058254962,30.51429127507837,,,not_identifiable_from_aggregate_inputs
c90404780eee4c99,2,kick_back,8,0.0,0.0,16,0.01556231814190527,0.1089362269933369,0.5,18.35936543058656,2.0,293.74984688938497,dispatch,fixed,0.25,1.0,8,256,1.0213675213675215,30,15.933333333333334,15.842545044386126,16.024121622280543,30,15.6,14.751100022138182,16.448899977861817,,,not_identifiable_from_aggregate_inputs
dde71353e887d289,2,kick_back,8,0.0,0.0,16,0.01556231814190527,0.1089362269933369,0.5,36.71873086117312,4.0,293.74984688938497,dispatch,fixed,0.25,1.0,8,256,0.8921933085501859,30,8,8.0,8.0,30,8.966666666666667,8.431065225094148,9.502268108239186,,,not_identifiable_from_aggregate_inputs
5753c7ac2fb4e67b,2,kick_back,8,0.0,0.0,16,0.01556231814190527,0.1089362269933369,0.5,0.0,0.0,293.74984688938497,dispatch,context,0.25,1.0,8,256,1.0093555093555093,30,64.73333333333333,61.36865026228751,68.09801640437917,30,64.13333333333334,60.85802705711044,67.40863960955625,,,not_identifiable_from_aggregate_inputs
6c05db4e39e3a7b7,2,kick_back,8,0.0,0.0,16,0.01556231814190527,0.1089362269933369,0.5,2.29492067882332,0.25,293.74984688938497,dispatch,context,0.25,1.0,8,256,1.0878684807256236,30,63.96666666666667,60.13959144317242,67.79374189016092,30,58.8,55.06055833044557,62.53944166955442,,,not_identifiable_from_aggregate_inputs
505b844b5648279e,2,kick_back,8,0.0,0.0,16,0.01556231814190527,0.1089362269933369,0.5,4.58984135764664,0.5,293.74984688938497,dispatch,context,0.25,1.0,8,256,1.032336297493937,30,42.56666666666667,40.46809468732204,44.6652386460113,30,41.233333333333334,38.93972547753745,43.52694118912922,,,not_identifiable_from_aggregate_inputs
5f6f345973375a5c,2,kick_back,8,0.0,0.0,16,0.01556231814190527,0.1089362269933369,0.5,9.17968271529328,1.0,293.74984688938497,dispatch,context,0.25,1.0,8,256,1.070748299319728,30,26.233333333333334,25.551233308084512,26.915433358582156,30,24.5,23.145490800173807,25.854509199826193,,,not_identifiable_from_aggregate_inputs
157f07d86afb9910,2,kick_back,8,0.0,0.0,16,0.01556231814190527,0.1089362269933369,0.5,18.35936543058656,2.0,293.74984688938497,dispatch,context,0.25,1.0,8,256,1.009132420091324,30,14.733333333333333,14.46864226060009,14.998024406066575,30,14.6,13.88061686706316,15.319383132936839,,,not_identifiable_from_aggregate_inputs
1fc718ef62600daf,2,kick_back,8,0.0,0.0,16,0.01556231814190527,0.1089362269933369,0.5,36.71873086117312,4.0,293.74984688938497,dispatch,context,0.25,1.0,8,256,0.898876404494382,30,8,8.0,8.0,30,8.9,8.333416855377681,9.46658314462232,,,not_identifiable_from_aggregate_inputs
2b309a395bbc2c24,2,kick_back,8,0.0,0.0,16,0.01556231814190527,0.1089362269933369,0.5,0.0,0.0,293.74984688938497,start,fixed,0.25,1.0,8,256,1.0,30,60.6,57.622911334954864,63.57708866504514,30,60.6,57.622911334954864,63.57708866504514,,,not_identifiable_from_aggregate_inputs
f328666aa990cb84,2,kick_back,8,0.0,0.0,16,0.01556231814190527,0.1089362269933369,0.5,2.29492067882332,0.25,293.74984688938497,start,fixed,0.25,1.0,8,256,0.9690867838910948,30,113.9,113.04204552273593,114.75795447726408,30,117.53333333333333,116.56702126202454,118.49964540464212,,,not_identifiable_from_aggregate_inputs
7fe4f8331b6164b8,2,kick_back,8,0.0,0.0,16,0.01556231814190527,0.1089362269933369,0.5,4.58984135764664,0.5,293.74984688938497,start,fixed,0.25,1.0,8,256,0.9177664974619288,30,60.266666666666666,59.87995909847719,60.653374234856145,30,65.66666666666667,65.22255905484131,66.11077427849203,,,not_identifiable_from_aggregate_inputs
adc2bc52d99a8432,2,kick_back,8,0.0,0.0,16,0.01556231814190527,0.1089362269933369,0.5,9.17968271529328,1.0,293.74984688938497,start,fixed,0.25,1.0,8,256,0.8485947416137806,30,31.2,30.962260453533656,31.437739546466343,30,36.766666666666666,36.4065661272788,37.12676720605453,,,not_identifiable_from_aggregate_inputs
9635e92d0f11410e,2,kick_back,8,0.0,0.0,16,0.01556231814190527,0.1089362269933369,0.5,18.35936543058656,2.0,293.74984688938497,start,fixed,0.25,1.0,8,256,0.7353846153846153,30,15.933333333333334,15.842545044386126,16.024121622280543,30,21.666666666666668,21.430168588458475,21.90316474487486,,,not_identifiable_from_aggregate_inputs
0c99e91b7f008f0c,2,kick_back,8,0.0,0.0,16,0.01556231814190527,0.1089362269933369,0.5,36.71873086117312,4.0,293.74984688938497,start,fixed,0.25,1.0,8,256,0.5755395683453237,30,8,8.0,8.0,30,13.9,13.790811141151893,14.009188858848107,,,not_identifiable_from_aggregate_inputs
694dd2b77861e726,2,kick_back,8,0.0,0.0,16,0.01556231814190527,0.1089362269933369,0.5,0.0,0.0,293.74984688938497,start,context,0.25,1.0,8,256,1.0093555093555093,30,64.73333333333333,61.36865026228751,68.09801640437917,30,64.13333333333334,60.85802705711044,67.40863960955625,,,not_identifiable_from_aggregate_inputs
ed0611a3bb0b3dc7,2,kick_back,8,0.0,0.0,16,0.01556231814190527,0.1089362269933369,0.5,2.29492067882332,0.25,293.74984688938497,start,context,0.25,1.0,8,256,0.992817679558011,30,59.9,56.520367509607745,63.27963249039225,30,60.333333333333336,56.58218045818678,64.0844862084799,,,not_identifiable_from_aggregate_inputs
970f6d49f57ce172,2,kick_back,8,0.0,0.0,16,0.01556231814190527,0.1089362269933369,0.5,4.58984135764664,0.5,293.74984688938497,start,context,0.25,1.0,8,256,0.9381598793363499,30,41.46666666666667,39.32632295523499,43.607010378098344,30,44.2,41.58993537755608,46.810064622443925,,,not_identifiable_from_aggregate_inputs
af8b8202b1a5d30f,2,kick_back,8,0.0,0.0,16,0.01556231814190527,0.1089362269933369,0.5,9.17968271529328,1.0,293.74984688938497,start,context,0.25,1.0,8,256,0.8527042577675489,30,24.7,23.853443975009167,25.54655602499083,30,28.966666666666665,27.837078018790827,30.096255314542503,,,not_identifiable_from_aggregate_inputs
f5cc650b731979da,2,kick_back,8,0.0,0.0,16,0.01556231814190527,0.1089362269933369,0.5,18.35936543058656,2.0,293.74984688938497,start,context,0.25,1.0,8,256,0.7473498233215548,30,14.1,13.797669739842508,14.402330260157491,30,18.866666666666667,18.27430227637871,19.459031056954625,,,not_identifiable_from_aggregate_inputs
e7b0052460ef8994,2,kick_back,8,0.0,0.0,16,0.01556231814190527,0.1089362269933369,0.5,36.71873086117312,4.0,293.74984688938497,start,context,0.25,1.0,8,256,0.5818639798488665,30,7.7,7.533211263094235,7.866788736905765,30,13.233333333333333,12.926173210602258,13.540493456064407,,,not_identifiable_from_aggregate_inputs
7bc8adf1b98f2076,2,kick_back,8,0.0,0.0,64,0.06872332143144783,0.4810632500201348,0.5,0.0,0.0,256.0,dispatch,fixed,0.25,1.0,8,256,0.9994593864035681,30,246.5,241.02299377018983,251.97700622981017,30,246.63333333333333,241.1059820786436,252.16068458802306,,,not_identifiable_from_aggregate_inputs
f7c9d7f892eaa72c,2,kick_back,8,0.0,0.0,64,0.06872332143144783,0.4810632500201348,0.5,0.5196821831423131,0.25,256.0,dispatch,fixed,0.25,1.0,8,256,1.1101903695408732,30,330.46666666666664,329.82423813254326,331.10909520079,30,297.6666666666667,295.023094486882,300.3102388464514,,,not_identifiable_from_aggregate_inputs
9acb640797be28db,2,kick_back,8,0.0,0.0,64,0.06872332143144783,0.4810632500201348,0.5,1.0393643662846261,0.5,256.0,dispatch,fixed,0.25,1.0,8,256,1.0813762971054068,30,198,197.67446171897333,198.32553828102667,30,183.1,180.71268844518144,185.48731155481855,,,not_identifiable_from_aggregate_inputs
a2e0047f48af85fb,2,kick_back,8,0.0,0.0,64,0.06872332143144783,0.4810632500201348,0.5,2.0787287325692523,1.0,256.0,dispatch,fixed,0.25,1.0,8,256,1.1150981719702098,30,109.8,109.62671901763154,109.97328098236845,30,98.46666666666667,97.06416285198681,99.86917048134653,,,not_identifiable_from_aggregate_inputs
315a6144122e9212,2,kick_back,8,0.0,0.0,64,0.06872332143144783,0.4810632500201348,0.5,4.157457465138505,2.0,256.0,dispatch,fixed,0.25,1.0,8,256,1.2219101123595506,30,58,58.0,58.0,30,47.46666666666667,46.2208948075752,48.71243852575814,,,not_identifiable_from_aggregate_inputs
9c20c4806bfde660,2,kick_back,8,0.0,0.0,64,0.06872332143144783,0.4810632500201348,0.5,8.31491493027701,4.0,256.0,dispatch,fixed,0.25,1.0,8,256,1.3996889580093312,30,30,30.0,30.0,30,21.433333333333334,20.375612194439515,22.49105447222715,,,not_identifiable_from_aggregate_inputs
942279897618a64b,2,kick_back,8,0.0,0.0,64,0.06872332143144783,0.4810632500201348,0.5,0.0,0.0,256.0,dispatch,context,0.25,1.0,8,256,1.1725513664472373,30,195.93333333333334,185.1725271535043,206.69413951316238,30,167.1,158.00318527895806,176.19681472104193,,,not_identifiable_from_aggregate_inputs
52965eede989056b,2,kick_back,8,0.0,0.0,64,0.06872332143144783,0.4810632500201348,0.5,0.5196821831423131,0.25,256.0,dispatch,context,0.25,1.0,8,256,1.1792945787067277,30,120.36666666666666,113.51650053505705,127.21683279827627,30,102.06666666666666,95.84944418496528,108.28388914836805,,,not_identifiable_from_aggregate_inputs
737f4f4d6f0f5592,2,kick_back,8,0.0,0.0,64,0.06872332143144783,0.4810632500201348,0.5,1.0393643662846261,0.5,256.0,dispatch,context,0.25,1.0,8,256,1.1601577909270218,30,98.03333333333333,93.08425619346185,102.98241047320481,30,84.5,80.08343400678606,88.91656599321394,,,not_identifiable_from_aggregate_inputs
b397969aef04c316,2,kick_back,8,0.0,0.0,64,0.06872332143144783,0.4810632500201348,0.5,2.0787287325692523,1.0,256.0,dispatch,context,0.25,1.0,8,256,1.1951494641849973,30,70.63333333333334,68.30002510358332,72.96664156308336,30,59.1,56.98744717266624,61.21255282733376,,,not_identifiable_from_aggregate_inputs
759f468851342d2f,2,kick_back,8,0.0,0.0,64,0.06872332143144783,0.4810632500201348,0.5,4.157457465138505,2.0,256.0,dispatch,context,0.25,1.0,8,256,1.28116213683224,30,45.56666666666667,44.70699833536282,46.42633499797052,30,35.56666666666667,34.09068369528767,37.04264963804567,,,not_identifiable_from_aggregate_inputs
894913a06f492666,2,kick_back,8,0.0,0.0,64,0.06872332143144783,0.4810632500201348,0.5,8.31491493027701,4.0,256.0,dispatch,context,0.25,1.0,8,256,1.3644067796610169,30,26.833333333333332,26.534923242392228,27.131743424274436,30,19.666666666666668,18.635795443415574,20.69753788991776,,,not_identifiable_from_aggregate_inputs
b78989e2d262240c,2,kick_back,8,0.0,0.0,64,0.06872332143144783,0.4810632500201348,0.5,0.0,0.0,256.0,start,fixed,0.25,1.0,8,256,0.9994593864035681,30,246.5,241.02299377018983,251.97700622981017,30,246.63333333333333,241.1059820786436,252.16068458802306,,,not_identifiable_from_aggregate_inputs
4f8758a964612162,2,kick_back,8,0.0,0.0,64,0.06872332143144783,0.4810632500201348,0.5,0.5196821831423131,0.25,256.0,start,fixed,0.25,1.0,8,256,1.0444327176781003,30,329.8666666666667,328.77991259078016,330.9534207425532,30,315.8333333333333,314.0206098895822,317.6460567770844,,,not_identifiable_from_aggregate_inputs
95413c09b8a9ba40,2,kick_back,8,0.0,0.0,64,0.06872332143144783,0.4810632500201348,0.5,1.0393643662846261,0.5,256.0,start,fixed,0.25,1.0,8,256,1.0,30,197.96666666666667,197.63463712451983,198.2986962088135,30,197.96666666666667,196.94375042383604,198.9895829094973,,,not_identifiable_from_aggregate_inputs
0510ef02fd04b948,2,kick_back,8,0.0,0.0,64,0.06872332143144783,0.4810632500201348,0.5,2.0787287325692523,1.0,256.0,start,fixed,0.25,1.0,8,256,0.9648506151142355,30,109.8,109.62671901763154,109.97328098236845,30,113.8,113.13284505237694,114.46715494762306,,,not_identifiable_from_aggregate_inputs
d4121bc33ab6bfbd,2,kick_back,8,0.0,0.0,64,0.06872332143144783,0.4810632500201348,0.5,4.157457465138505,2.0,256.0,start,fixed,0.25,1.0,8,256,0.919661733615222,30,58,58.0,58.0,30,63.06666666666667,62.71588332870494,63.4174500046284,,,not_identifiable_from_aggregate_inputs
6b416590d5d7cb9f,2,kick_back,8,0.0,0.0,64,0.06872332143144783,0.4810632500201348,0.5,8.31491493027701,4.0,256.0,start,fixed,0.25,1.0,8,256,0.8498583569405099,30,30,30.0,30.0,30,35.3,35.066950057150684,35.53304994284931,,,not_identifiable_from_aggregate_inputs
a03c51dda61ecd49,2,kick_back,8,0.0,0.0,64,0.06872332143144783,0.4810632500201348,0.5,0.0,0.0,256.0,start,context,0.25,1.0,8,256,1.1725513664472373,30,195.93333333333334,185.1725271535043,206.69413951316238,30,167.1,158.00318527895806,176.19681472104193,,,not_identifiable_from_aggregate_inputs
4c85d06a7674144c,2,kick_back,8,0.0,0.0,64,0.06872332143144783,0.4810632500201348,0.5,0.5196821831423131,0.25,256.0,start,context,0.25,1.0,8,256,1.1275571600481349,30,124.93333333333334,117.5499190694869,132.31674759717976,30,110.8,103.66509002706837,117.93490997293162,,,not_identifiable_from_aggregate_inputs
ca57a45ba287117c,2,kick_back,8,0.0,0.0,64,0.06872332143144783,0.4810632500201348,0.5,1.0393643662846261,0.5,256.0,start,context,0.25,1.0,8,256,1.0889223813112283,30,96.33333333333333,90.93298346528607,101.73368320138059,30,88.46666666666667,82.9727694519962,93.96056388133714,,,not_identifiable_from_aggregate_inputs
ce606c6af8e82d5a,2,kick_back,8,0.0,0.0,64,0.06872332143144783,0.4810632500201348,0.5,2.0787287325692523,1.0,256.0,start,context,0.25,1.0,8,256,1.0331262939958592,30,66.53333333333333,64.09227855221013,68.97438811445653,30,64.4,61.7509770354588,67.04902296454121,,,not_identifiable_from_aggregate_inputs
bc3aaec022fa113b,2,kick_back,8,0.0,0.0,64,0.06872332143144783,0.4810632500201348,0.5,4.157457465138505,2.0,256.0,start,context,0.25,1.0,8,256,0.9795144157814871,30,43.03333333333333,42.03665381932703,44.030012847339634,30,43.93333333333333,42.49293117578186,45.3737354908848,,,not_identifiable_from_aggregate_inputs
fd8e863912e6f53a,2,kick_back,8,0.0,0.0,64,0.06872332143144783,0.4810632500201348,0.5,8.31491493027701,4.0,256.0,start,context,0.25,1.0,8,256,0.9129916567342075,30,25.533333333333335,25.056617621685607,26.010049044981063,30,27.966666666666665,27.144812338699435,28.788520994633895,,,not_identifiable_from_aggregate_inputs
3c2aadbac1781895,3,kick_back,4,0.1,0.0,4,0.003435063819150432,0.010305191457451296,0.5,0.0,0.0,3105.2310024635212,dispatch,fixed,0.25,1.0,8,256,3.9852752880921893,30,207.5,-42.38561653445481,457.3856165344548,30,52.06666666666667,49.48119216950393,54.65214116382941,,,not_identifiable_from_aggregate_inputs
22b7d3c68ea15ac5,3,kick_back,4,0.1,0.0,4,0.003435063819150432,0.010305191457451296,0.5,24.25961720674626,0.25,3105.2310024635212,dispatch,fixed,0.25,1.0,8,256,16.598214285714285,30,123.93333333333334,122.52079059197342,125.34587607469325,30,7.466666666666667,6.249581045207894,8.683752288125438,,,not_identifiable_from_aggregate_inputs
391126815bb15a3f,3,kick_back,4,0.1,0.0,4,0.003435063819150432,0.010305191457451296,0.5,48.51923441349252,0.5,3105.2310024635212,dispatch,fixed,0.25,1.0,8,256,8.716279069767442,30,62.46666666666667,61.7714224387881,63.16191089454524,30,7.166666666666667,5.905570506612163,8.427762826721171,,,not_identifiable_from_aggregate_inputs
907dc6808e6f52d8,3,kick_back,4,0.1,0.0,4,0.003435063819150432,0.010305191457451296,0.5,97.03846882698504,1.0,3105.2310024635212,dispatch,fixed,0.25,1.0,8,256,4.404651162790698,30,31.566666666666666,31.206566127278798,31.926767206054535,30,7.166666666666667,5.905570506612163,8.427762826721171,,,not_identifiable_from_aggregate_inputs
1dcf0ba700f7590d,3,kick_back,4,0.1,0.0,4,0.003435063819150432,0.010305191457451296,0.5,194.07693765397008,2.0,3105.2310024635212,dispatch,fixed,0.25,1.0,8,256,2.218604651162791,30,15.9,15.755939348660476,16.044060651339525,30,7.166666666666667,5.905570506612163,8.427762826721171,,,not_identifiable_from_aggregate_inputs
5fd41e84a1dff98e,3,kick_back,4,0.1,0.0,4,0.003435063819150432,0.010305191457451296,0.5,388.15387530794015,4.0,3105.2310024635212,dispatch,fixed,0.25,1.0,8,256,1.1545893719806763,30,7.966666666666667,7.9013333333333335,8.032,30,6.9,5.95860880644105,7.841391193558951,,,not_identifiable_from_aggregate_inputs
f6e5be496ff7922e,3,kick_back,4,0.1,0.0,4,0.003435063819150432,0.010305191457451296,0.5,0.0,0.0,3105.2310024635212,dispatch,context,0.25,1.0,8,256,3.982085732565579,30,207.46666666666667,-42.35905668598238,457.2923900193157,30,52.1,49.52236508653253,54.67763491346747,,,not_identifiable_from_aggregate_inputs
5d468a1fa4a5f047,3,kick_back,4,0.1,0.0,4,0.003435063819150432,0.010305191457451296,0.5,24.25961720674626,0.25,3105.2310024635212,dispatch,context,0.25,1.0,8,256,16.58928571428571,30,123.86666666666666,122.46731478603628,125.26601854729704,30,7.466666666666667,6.249581045207894,8.683752288125438,,,not_identifiable_from_aggregate_inputs
0c01e7cfe70e539a,3,kick_back,4,0.1,0.0,4,0.003435063819150432,0.010305191457451296,0.5,48.51923441349252,0.5,3105.2310024635212,dispatch,context,0.25,1.0,8,256,8.716279069767442,30,62.46666666666667,61.7714224387881,63.16191089454524,30,7.166666666666667,5.905570506612163,8.427762826721171,,,not_identifiable_from_aggregate_inputs
7c7251326cc7acbf,3,kick_back,4,0.1,0.0,4,0.003435063819150432,0.010305191457451296,0.5,97.03846882698504,1.0,3105.2310024635212,dispatch,context,0.25,1.0,8,256,4.4,30,31.533333333333335,31.160579760508554,31.906086906158116,30,7.166666666666667,5.905570506612163,8.427762826721171,,,not_identifiable_from_aggregate_inputs
cfc44e0b761d49f9,3,kick_back,4,0.1,0.0,4,0.003435063819150432,0.010305191457451296,0.5,194.07693765397008,2.0,3105.2310024635212,dispatch,context,0.25,1.0,8,256,2.218604651162791,30,15.9,15.755939348660476,16.044060651339525,30,7.166666666666667,5.905570506612163,8.427762826721171,,,not_identifiable_from_aggregate_inputs
f42372770ba8bca8,3,kick_back,4,0.1,0.0,4,0.003435063819150432,0.010305191457451296,0.5,388.15387530794015,4.0,3105.2310024635212,dispatch,context,0.25,1.0,8,256,1.1545893719806763,30,7.966666666666667,7.9013333333333335,8.032,30,6.9,5.95860880644105,7.841391193558951,,,not_identifiable_from_aggregate_inputs
3a5bae5817088e20,3,kick_back,4,0.1,0.0,4,0.003435063819150432,0.010305191457451296,0.5,0.0,0.0,3105.2310024635212,start,fixed,0.25,1.0,8,256,3.9852752880921893,30,207.5,-42.38561653445481,457.3856165344548,30,52.06666666666667,49.48119216950393,54.65214116382941,,,not_identifiable_from_aggregate_inputs
0d64dba7943c86e7,3,kick_back,4,0.1,0.0,4,0.003435063819150432,0.010305191457451296,0.5,24.25961720674626,0.25,3105.2310024635212,start,fixed,0.25,1.0,8,256,15.957081545064378,30,123.93333333333334,122.52079059197342,125.34587607469325,30,7.766666666666667,6.546139276105066,8.987194057228267,,,not_identifiable_from_aggregate_inputs
1d5ea7b030608712,3,kick_back,4,0.1,0.0,4,0.003435063819150432,0.010305191457451296,0.5,48.51923441349252,0.5,3105.2310024635212,start,fixed,0.25,1.0,8,256,8.255506607929515,30,62.46666666666667,61.7714224387881,63.16191089454524,30,7.566666666666666,6.296499428756423,8.83683390457691,,,not_identifiable_from_aggregate_inputs
88343a17c85d0c57,3,kick_back,4,0.1,0.0,4,0.003435063819150432,0.010305191457451296,0.5,97.03846882698504,1.0,3105.2310024635212,start,fixed,0.25,1.0,8,256,4.171806167400881,30,31.566666666666666,31.206566127278798,31.926767206054535,30,7.566666666666666,6.296499428756423,8.83683390457691,,,not_identifiable_from_aggregate_inputs
adbfa9792485868b,3,kick_back,4,0.1,0.0,4,0.003435063819150432,0.010305191457451296,0.5,194.07693765397008,2.0,3105.2310024635212,start,fixed,0.25,1.0,8,256,2.101321585903084,30,15.9,15.755939348660476,16.044060651339525,30,7.566666666666666,6.296499428756423,8.83683390457691,,,not_identifiable_from_aggregate_inputs
c11d493bcf66d61c,3,kick_back,4,0.1,0.0,4,0.003435063819150432,0.010305191457451296,0.5,388.15387530794015,4.0,3105.2310024635212,start,fixed,0.25,1.0,8,256,1.091324200913242,30,7.966666666666667,7.9013333333333335,8.032,30,7.3,6.331785812620121,8.268214187379877,,,not_identifiable_from_aggregate_inputs
7b9630dbab57de02,3,kick_back,4,0.1,0.0,4,0.003435063819150432,0.010305191457451296,0.5,0.0,0.0,3105.2310024635212,start,context,0.25,1.0,8,256,3.982085732565579,30,207.46666666666667,-42.35905668598238,457.2923900193157,30,52.1,49.52236508653253,54.67763491346747,,,not_identifiable_from_aggregate_inputs
d81508dcd141fc93,3,kick_back,4,0.1,0.0,4,0.003435063819150432,0.010305191457451296,0.5,24.25961720674626,0.25,3105.2310024635212,start,context,0.25,1.0,8,256,16.012931034482758,30,123.83333333333333,122.43919772313723,125.22746894352943,30,7.733333333333333,6.504692842409037,8.96197382425763,,,not_identifiable_from_aggregate_inputs
128f329c3c7498e5,3,kick_back,4,0.1,0.0,4,0.003435063819150432,0.010305191457451296,0.5,48.51923441349252,0.5,3105.2310024635212,start,context,0.25,1.0,8,256,8.255506607929515,30,62.46666666666667,61.7714224387881,63.16191089454524,30,7.566666666666666,6.296499428756423,8.83683390457691,,,not_identifiable_from_aggregate_inputs
2bf5f9ae97ce97af,3,kick_back,4,0.1,0.0,4,0.003435063819150432,0.010305191457451296,0.5,97.03846882698504,1.0,3105.2310024635212,start,context,0.25,1.0,8,256,4.167400881057269,30,31.533333333333335,31.160579760508554,31.906086906158116,30,7.566666666666666,6.296499428756423,8.83683390457691,,,not_identifiable_from_aggregate_inputs
ca78fb4b9ebc9e57,3,kick_back,4,0.1,0.0,4,0.003435063819150432,0.010305191457451296,0.5,194.07693765397008,2.0,3105.2310024635212,start,context,0.25,1.0,8,256,2.101321585903084,30,15.9,15.755939348660476,16.044060651339525,30,7.566666666666666,6.296499428756423,8.83683390457691,,,not_identifiable_from_aggregate_inputs
9a0e3f83b2c011b1,3,kick_back,4,0.1,0.0,4,0.003435063819150432,0.010305191457451296,0.5,388.15387530794015,4.0,3105.2310024635212,start,context,0.25,1.0,8,256,1.091324200913242,30,7.966666666666667,7.9013333333333335,8.032,30,7.3,6.331785812620121,8.268214187379877,,,not_identifiable_from_aggregate_inputs
30403f44571c9bf8,3,kick_back,4,0.1,0.0,16,0.01556231814190527,0.04668695442571581,0.5,0.0,0.0,685.416309408565,dispatch,fixed,0.25,1.0,8,256,1.2412280701754386,30,47.166666666666664,21.52581950700491,72.80751382632842,30,38,35.407589503202075,40.592410496797925,,,not_identifiable_from_aggregate_inputs
f2c1337246818c65,3,kick_back,4,0.1,0.0,16,0.01556231814190527,0.04668695442571581,0.5,5.354814917254414,0.25,685.416309408565,dispatch,fixed,0.25,1.0,8,256,15.48684210526316,30,117.7,115.43649430683541,119.96350569316459,30,7.6,6.690821060061559,8.50917893993844,,,not_identifiable_from_aggregate_inputs
66ea99734b64545a,3,kick_back,4,0.1,0.0,16,0.01556231814190527,0.04668695442571581,0.5,10.709629834508828,0.5,685.416309408565,dispatch,fixed,0.25,1.0,8,256,10.375,30,60.86666666666667,59.77585701974208,61.95747631359126,30,5.866666666666666,5.337284521200183,6.39604881213315,,,not_identifiable_from_aggregate_inputs
e5fa9bded2a0498b,3,kick_back,4,0.1,0.0,16,0.01556231814190527,0.04668695442571581,0.5,21.419259669017656,1.0,685.416309408565,dispatch,fixed,0.25,1.0,8,256,5.929936305732484,30,31.033333333333335,30.4657120144192,31.60095465224747,30,5.233333333333333,4.80594593918801,5.660720727478656,,,not_identifiable_from_aggregate_inputs
cb62a43bcc98c002,3,kick_back,4,0.1,0.0,16,0.01556231814190527,0.04668695442571581,0.5,42.83851933803531,2.0,685.416309408565,dispatch,fixed,0.25,1.0,8,256,3.084967320261438,30,15.733333333333333,15.48588616802959,15.980780498637076,30,5.1,4.697441058788374,5.502558941211626,,,not_identifiable_from_aggregate_inputs
304065d71df3661e,3,kick_back,4,0.1,0.0,16,0.01556231814190527,0.04668695442571581,0.5,85.67703867607062,4.0,685.416309408565,dispatch,fixed,0.25,1.0,8,256,1.5555555555555558,30,7.933333333333334,7.842545044386126,8.024121622280541,30,5.1,4.697441058788374,5.502558941211626,,,not_identifiable_from_aggregate_inputs
7887599d2b078304,3,kick_back,4,0.1,0.0,16,0.01556231814190527,0.04668695442571581,0.5,0.0,0.0,685.416309408565,dispatch,context,0.25,1.0,8,256,1.2378892733564015,30,47.7,22.154032873782352,73.24596712621765,30,38.53333333333333,35.87909258281995,41.18757408384671,,,not_identifiable_from_aggregate_inputs
b46cceb330e08f0f,3,kick_back,4,0.1,0.0,16,0.01556231814190527,0.04668695442571581,0.5,5.354814917254414,0.25,685.416309408565,dispatch,context,0.25,1.0,8,256,15.181034482758621,30,117.4,115.14147430856974,119.65852569143027,30,7.733333333333333,6.734662154914048,8.732004511752619,,,not_identifiable_from_aggregate_inputs
88d3e7e7067a283c,3,kick_back,4,0.1,0.0,16,0.01556231814190527,0.04668695442571581,0.5,10.709629834508828,0.5,685.416309408565,dispatch,context,0.25,1.0,8,256,10.477011494252874,30,60.766666666666666,59.656,61.87733333333333,30,5.8,5.290451992042169,6.30954800795783,,,not_identifiable_from_aggregate_inputs
28afe028d640e1c0,3,kick_back,4,0.1,0.0,16,0.01556231814190527,0.04668695442571581,0.5,21.419259669017656,1.0,685.416309408565,dispatch,context,0.25,1.0,8,256,5.929936305732484,30,31.033333333333335,30.4657120144192,31.60095465224747,30,5.233333333333333,4.80594593918801,5.660720727478656,,,not_identifiable_from_aggregate_inputs
8ce933a8c787d7b4,3,kick_back,4,0.1,0.0,16,0.01556231814190527,0.04668695442571581,0.5,42.83851933803531,2.0,685.416309408565,dispatch,context,0.25,1.0,8,256,3.084967320261438,30,15.733333333333333,15.48588616802959,15.980780498637076,30,5.1,4.697441058788374,5.502558941211626,,,not_identifiable_from_aggregate_inputs
b9679a8497bb9cbc,3,kick_back,4,0.1,0.0,16,0.01556231814190527,0.04668695442571581,0.5,85.67703867607062,4.0,685.416309408565,dispatch,context,0.25,1.0,8,256,1.5555555555555558,30,7.933333333333334,7.842545044386126,8.024121622280541,30,5.1,4.697441058788374,5.502558941211626,,,not_identifiable_from_aggregate_inputs
a90261f22bdc5456,3,kick_back,4,0.1,0.0,16,0.01556231814190527,0.04668695442571581,0.5,0.0,0.0,685.416309408565,start,fixed,0.25,1.0,8,256,1.2412280701754386,30,47.166666666666664,21.52581950700491,72.80751382632842,30,38,35.407589503202075,40.592410496797925,,,not_identifiable_from_aggregate_inputs
04fe10cc2731628c,3,kick_back,4,0.1,0.0,16,0.01556231814190527,0.04668695442571581,0.5,5.354814917254414,0.25,685.416309408565,start,fixed,0.25,1.0,8,256,11.809364548494983,30,117.7,115.43649430683541,119.96350569316459,30,9.966666666666667,7.151366934422251,12.781966398911083,,,not_identifiable_from_aggregate_inputs
fceac69ef682895d,3,kick_back,4,0.1,0.0,16,0.01556231814190527,0.04668695442571581,0.5,10.709629834508828,0.5,685.416309408565,start,fixed,0.25,1.0,8,256,8.907317073170733,30,60.86666666666667,59.77585701974208,61.95747631359126,30,6.833333333333333,6.3010398067266,7.3656268599400665,,,not_identifiable_from_aggregate_inputs
e72622e0d258740d,3,kick_back,4,0.1,0.0,16,0.01556231814190527,0.04668695442571581,0.5,21.419259669017656,1.0,685.416309408565,start,fixed,0.25,1.0,8,256,4.87434554973822,30,31.033333333333335,30.4657120144192,31.60095465224747,30,6.366666666666666,5.322389901778246,7.410943431555086,,,not_identifiable_from_aggregate_inputs
e6a738f44c529677,3,kick_back,4,0.1,0.0,16,0.01556231814190527,0.04668695442571581,0.5,42.83851933803531,2.0,685.416309408565,start,fixed,0.25,1.0,8,256,2.551351351351351,30,15.733333333333333,15.48588616802959,15.980780498637076,30,6.166666666666667,5.1198559290896615,7.2134774042436725,,,not_identifiable_from_aggregate_inputs
437abfafbed23a86,3,kick_back,4,0.1,0.0,16,0.01556231814190527,0.04668695442571581,0.5,85.67703867607062,4.0,685.416309408565,start,fixed,0.25,1.0,8,256,1.3522727272727275,30,7.933333333333334,7.842545044386126,8.024121622280541,30,5.866666666666666,5.354238206095763,6.379095127237569,,,not_identifiable_from_aggregate_inputs
893fac53d3c74d4b,3,kick_back,4,0.1,0.0,16,0.01556231814190527,0.04668695442571581,0.5,0.0,0.0,685.416309408565,start,context,0.25,1.0,8,256,1.2378892733564015,30,47.7,22.154032873782352,73.24596712621765,30,38.53333333333333,35.87909258281995,41.18757408384671,,,not_identifiable_from_aggregate_inputs
ddfebd613ca81a00,3,kick_back,4,0.1,0.0,16,0.01556231814190527,0.04668695442571581,0.5,5.354814917254414,0.25,685.416309408565,start,context,0.25,1.0,8,256,12.333333333333334,30,117.16666666666667,114.8322232525656,119.50111008076775,30,9.5,7.12306891574233,11.87693108425767,,,not_identifiable_from_aggregate_inputs
bccf52dbeef8fa4a,3,kick_back,4,0.1,0.0,16,0.01556231814190527,0.04668695442571581,0.5,10.709629834508828,0.5,685.416309408565,start,context,0.25,1.0,8,256,9.160804020100501,30,60.766666666666666,59.656,61.87733333333333,30,6.633333333333334,6.131791862721685,7.1348748039449825,,,not_identifiable_from_aggregate_inputs
53fff5463f7a5484,3,kick_back,4,0.1,0.0,16,0.01556231814190527,0.04668695442571581,0.5,21.419259669017656,1.0,685.416309408565,start,context,0.25,1.0,8,256,4.920634920634921,30,31,30.43615115745319,31.56384884254681,30,6.3,5.24869950269574,7.351300497304259,,,not_identifiable_from_aggregate_inputs
a396cae11c6e245c,3,kick_back,4,0.1,0.0,16,0.01556231814190527,0.04668695442571581,0.5,42.83851933803531,2.0,685.416309408565,start,context,0.25,1.0,8,256,2.551351351351351,30,15.733333333333333,15.48588616802959,15.980780498637076,30,6.166666666666667,5.1198559290896615,7.2134774042436725,,,not_identifiable_from_aggregate_inputs
8a346a95dc69255c,3,kick_back,4,0.1,0.0,16,0.01556231814190527,0.04668695442571581,0.5,85.67703867607062,4.0,685.416309408565,start,context,0.25,1.0,8,256,1.3522727272727275,30,7.933333333333334,7.842545044386126,8.024121622280541,30,5.866666666666666,5.354238206095763,6.379095127237569,,,not_identifiable_from_aggregate_inputs
38fac2a91cfaa28b,3,kick_back,4,0.1,0.0,64,0.06872332143144783,0.20616996429434348,0.5,0.0,0.0,256.0,dispatch,fixed,0.25,1.0,8,256,2.0702402957486137,30,112,34.76357017007089,189.2364298299291,30,54.1,49.02070731686788,59.179292683132125,,,not_identifiable_from_aggregate_inputs
9059d5db3d416241,3,kick_back,4,0.1,0.0,64,0.06872332143144783,0.20616996429434348,0.5,1.212591760665397,0.25,256.0,dispatch,fixed,0.25,1.0,8,256,12.466992665036676,30,169.96666666666667,167.5533553185735,172.37997801475984,30,13.633333333333333,11.194540729608146,16.07212593705852,,,not_identifiable_from_aggregate_inputs
cb8b597ff67432b4,3,kick_back,4,0.1,0.0,64,0.06872332143144783,0.20616996429434348,0.5,2.425183521330794,0.5,256.0,dispatch,fixed,0.25,1.0,8,256,11.903361344537815,30,94.43333333333334,93.84134177286745,95.02532489379922,30,7.933333333333334,6.638207285827839,9.228459380838828,,,not_identifiable_from_aggregate_inputs
fb06ba8c5e2351ee,3,kick_back,4,0.1,0.0,64,0.06872332143144783,0.20616996429434348,0.5,4.850367042661588,1.0,256.0,dispatch,fixed,0.25,1.0,8,256,6.953488372093023,30,49.833333333333336,49.64343600273445,50.023230663932225,30,7.166666666666667,5.837385352474469,8.495947980858865,,,not_identifiable_from_aggregate_inputs
16ae44c34f6def94,3,kick_back,4,0.1,0.0,64,0.06872332143144783,0.20616996429434348,0.5,9.700734085323177,2.0,256.0,dispatch,fixed,0.25,1.0,8,256,5.019480519480519,30,25.766666666666666,25.612727633105845,25.920605700227487,30,5.133333333333334,4.484067836156905,5.782598830509762,,,not_identifiable_from_aggregate_inputs
a58969b6177163a1,3,kick_back,4,0.1,0.0,64,0.06872332143144783,0.20616996429434348,0.5,19.401468170646353,4.0,256.0,dispatch,fixed,0.25,1.0,8,256,2.8,30,13.066666666666666,12.975878377719459,13.157454955613874,30,4.666666666666667,4.062493186720938,5.270840146612396,,,not_identifiable_from_aggregate_inputs
b087df7501c13484,3,kick_back,4,0.1,0.0,64,0.06872332143144783,0.20616996429434348,0.5,0.0,0.0,256.0,dispatch,context,0.25,1.0,8,256,3.1725978647686834,30,178.3,84.81031430127719,271.78968569872285,30,56.2,49.896398577277296,62.50360142272271,,,not_identifiable_from_aggregate_inputs
e42e154a462eb1e4,3,kick_back,4,0.1,0.0,64,0.06872332143144783,0.20616996429434348,0.5,1.212591760665397,0.25,256.0,dispatch,context,0.25,1.0,8,256,15.763975155279503,30,169.2,167.22563425577883,171.17436574422115,30,10.733333333333333,9.28072071017801,12.185945956488656,,,not_identifiable_from_aggregate_inputs
bf4637176dfa2dd8,3,kick_back,4,0.1,0.0,64,0.06872332143144783,0.20616996429434348,0.5,2.425183521330794,0.5,256.0,dispatch,context,0.25,1.0,8,256,12.337719298245615,30,93.76666666666667,93.15994058646369,94.37339274686964,30,7.6,6.462167254680267,8.737832745319732,,,not_identifiable_from_aggregate_inputs
9efe2ca0038002be,3,kick_back,4,0.1,0.0,64,0.06872332143144783,0.20616996429434348,0.5,4.850367042661588,1.0,256.0,dispatch,context,0.25,1.0,8,256,7.909574468085107,30,49.56666666666667,49.34263314427083,49.79070018906251,30,6.266666666666667,5.250463350358051,7.282869982975282,,,not_identifiable_from_aggregate_inputs
cfc45b7e8a88a7ad,3,kick_back,4,0.1,0.0,64,0.06872332143144783,0.20616996429434348,0.5,9.700734085323177,2.0,256.0,dispatch,context,0.25,1.0,8,256,5.112582781456954,30,25.733333333333334,25.572382899517226,25.894283767149442,30,5.033333333333333,4.413645660178108,5.653021006488558,,,not_identifiable_from_aggregate_inputs
414f2b4202eb1db3,3,kick_back,4,0.1,0.0,64,0.06872332143144783,0.20616996429434348,0.5,19.401468170646353,4.0,256.0,dispatch,context,0.25,1.0,8,256,2.7857142857142856,30,13,13.0,13.0,30,4.666666666666667,4.062493186720938,5.270840146612396,,,not_identifiable_from_aggregate_inputs
4898c519eac71013,3,kick_back,4,0.1,0.0,64,0.06872332143144783,0.20616996429434348,0.5,0.0,0.0,256.0,start,fixed,0.25,1.0,8,256,2.0702402957486137,30,112,34.76357017007089,189.2364298299291,30,54.1,49.02070731686788,59.179292683132125,,,not_identifiable_from_aggregate_inputs
d292e91f943c8701,3,kick_back,4,0.1,0.0,64,0.06872332143144783,0.20616996429434348,0.5,1.212591760665397,0.25,256.0,start,fixed,0.25,1.0,8,256,8.624356775300171,30,167.6,164.11076210936093,171.08923789063905,30,19.433333333333334,16.33261562133472,22.534051045331946,,,not_identifiable_from_aggregate_inputs
0865112ed159ed33,3,kick_back,4,0.1,0.0,64,0.06872332143144783,0.20616996429434348,0.5,2.425183521330794,0.5,256.0,start,fixed,0.25,1.0,8,256,9.080128205128204,30,94.43333333333334,93.84134177286745,95.02532489379922,30,10.4,8.749143197031298,12.050856802968703,,,not_identifiable_from_aggregate_inputs
9e0b56f777989f64,3,kick_back,4,0.1,0.0,64,0.06872332143144783,0.20616996429434348,0.5,4.850367042661588,1.0,256.0,start,fixed,0.25,1.0,8,256,5.83984375,30,49.833333333333336,49.64343600273445,50.023230663932225,30,8.533333333333333,7.492232707356208,9.574433959310458,,,not_identifiable_from_aggregate_inputs
a6a0597494f056a2,3,kick_back,4,0.1,0.0,64,0.06872332143144783,0.20616996429434348,0.5,9.700734085323177,2.0,256.0,start,fixed,0.25,1.0,8,256,3.5136363636363637,30,25.766666666666666,25.612727633105845,25.920605700227487,30,7.333333333333333,6.013218627995558,8.653448038671108,,,not_identifiable_from_aggregate_inputs
970102715b152c96,3,kick_back,4,0.1,0.0,64,0.06872332143144783,0.20616996429434348,0.5,19.401468170646353,4.0,256.0,start,fixed,0.25,1.0,8,256,2.074074074074074,30,13.066666666666666,12.975878377719459,13.157454955613874,30,6.3,5.313712126144226,7.286287873855773,,,not_identifiable_from_aggregate_inputs
c61a36ee88b12c9a,3,kick_back,4,0.1,0.0,64,0.06872332143144783,0.20616996429434348,0.5,0.0,0.0,256.0,start,context,0.25,1.0,8,256,3.1725978647686834,30,178.3,84.81031430127719,271.78968569872285,30,56.2,49.896398577277296,62.50360142272271,,,not_identifiable_from_aggregate_inputs
4388d8f32cfb785c,3,kick_back,4,0.1,0.0,64,0.06872332143144783,0.20616996429434348,0.5,1.212591760665397,0.25,256.0,start,context,0.25,1.0,8,256,13.28421052631579,30,168.26666666666668,166.11357004966465,170.41976328366871,30,12.666666666666666,10.99525310473199,14.338080228601342,,,not_identifiable_from_aggregate_inputs
64545ecc609530a4,3,kick_back,4,0.1,0.0,64,0.06872332143144783,0.20616996429434348,0.5,2.425183521330794,0.5,256.0,start,context,0.25,1.0,8,256,10.207272727272727,30,93.56666666666666,92.95994058646369,94.17339274686964,30,9.166666666666666,7.966569991122841,10.366763342210492,,,not_identifiable_from_aggregate_inputs
da68e4a034137f52,3,kick_back,4,0.1,0.0,64,0.06872332143144783,0.20616996429434348,0.5,4.850367042661588,1.0,256.0,start,context,0.25,1.0,8,256,6.319148936170213,30,49.5,49.25584628923001,49.74415371076999,30,7.833333333333333,6.893193782267148,8.773472884399517,,,not_identifiable_from_aggregate_inputs
cae82fe5eaf7f90a,3,kick_back,4,0.1,0.0,64,0.06872332143144783,0.20616996429434348,0.5,9.700734085323177,2.0,256.0,start,context,0.25,1.0,8,256,3.347826086956522,30,25.666666666666668,25.495092927729964,25.838240405603372,30,7.666666666666667,6.027261859242532,9.306071474090801,,,not_identifiable_from_aggregate_inputs
ddd4cfcb9f3e2545,3,kick_back,4,0.1,0.0,64,0.06872332143144783,0.20616996429434348,0.5,19.401468170646353,4.0,256.0,start,context,0.25,1.0,8,256,2.074468085106383,30,13,13.0,13.0,30,6.266666666666667,5.276878005451692,7.256455327881641,,,not_identifiable_from_aggregate_inputs
57d353fa05093c87,4,kick_back,4,0.1,0.5,4,0.003435063819150432,0.010305191457451296,0.5,0.0,0.0,3105.2310024635212,dispatch,fixed,0.25,1.0,8,256,3.932704402515723,30,208.43333333333334,-41.492956465535826,458.3596231322025,30,53,50.35364540477317,55.64635459522683,,,not_identifiable_from_aggregate_inputs
4f69adfb222cc237,4,kick_back,4,0.1,0.5,4,0.003435063819150432,0.010305191457451296,0.5,24.25961720674626,0.25,3105.2310024635212,dispatch,fixed,0.25,1.0,8,256,16.602678571428573,30,123.96666666666667,122.54928688130965,125.38404645202368,30,7.466666666666667,6.282683545734894,8.65064978759844,,,not_identifiable_from_aggregate_inputs
37216e4f66367c42,4,kick_back,4,0.1,0.5,4,0.003435063819150432,0.010305191457451296,0.5,48.51923441349252,0.5,3105.2310024635212,dispatch,fixed,0.25,1.0,8,256,8.605504587155963,30,62.53333333333333,61.8255006799935,63.24116598667316,30,7.266666666666667,6.03802617574237,8.495307157590963,,,not_identifiable_from_aggregate_inputs
f03b7ab9408de690,4,kick_back,4,0.1,0.5,4,0.003435063819150432,0.010305191457451296,0.5,97.03846882698504,1.0,3105.2310024635212,dispatch,fixed,0.25,1.0,8,256,4.344036697247707,30,31.566666666666666,31.206566127278798,31.926767206054535,30,7.266666666666667,6.03802617574237,8.495307157590963,,,not_identifiable_from_aggregate_inputs
076df4a0a4a5e52d,4,kick_back,4,0.1,0.5,4,0.003435063819150432,0.010305191457451296,0.5,194.07693765397008,2.0,3105.2310024635212,dispatch,fixed,0.25,1.0,8,256,2.188073394495413,30,15.9,15.755939348660476,16.044060651339525,30,7.266666666666667,6.03802617574237,8.495307157590963,,,not_identifiable_from_aggregate_inputs
d3a19ba3aa28f7b5,4,kick_back,4,0.1,0.5,4,0.003435063819150432,0.010305191457451296,0.5,388.15387530794015,4.0,3105.2310024635212,dispatch,fixed,0.25,1.0,8,256,1.138095238095238,30,7.966666666666667,7.9013333333333335,8.032,30,7,6.098625315510203,7.901374684489797,,,not_identifiable_from_aggregate_inputs
f8d95359bd65b604,4,kick_back,4,0.1,0.5,4,0.003435063819150432,0.010305191457451296,0.5,0.0,0.0,3105.2310024635212,dispatch,context,0.25,1.0,8,256,3.9246704331450095,30,208.4,-41.466263812528666,458.2662638125287,30,53.1,50.44806158078466,55.75193841921534,,,not_identifiable_from_aggregate_inputs
2fd155588ddb4be2,4,kick_back,4,0.1,0.5,4,0.003435063819150432,0.010305191457451296,0.5,24.25961720674626,0.25,3105.2310024635212,dispatch,context,0.25,1.0,8,256,16.59375,30,123.9,122.49555601872068,125.30444398127933,30,7.466666666666667,6.282683545734894,8.65064978759844,,,not_identifiable_from_aggregate_inputs
52b2dcd3225542b7,4,kick_back,4,0.1,0.5,4,0.003435063819150432,0.010305191457451296,0.5,48.51923441349252,0.5,3105.2310024635212,dispatch,context,0.25,1.0,8,256,8.605504587155963,30,62.53333333333333,61.8255006799935,63.24116598667316,30,7.266666666666667,6.03802617574237,8.495307157590963,,,not_identifiable_from_aggregate_inputs
2d9f9e6408e5e891,4,kick_back,4,0.1,0.5,4,0.003435063819150432,0.010305191457451296,0.5,97.03846882698504,1.0,3105.2310024635212,dispatch,context,0.25,1.0,8,256,4.339449541284404,30,31.533333333333335,31.160579760508554,31.906086906158116,30,7.266666666666667,6.03802617574237,8.495307157590963,,,not_identifiable_from_aggregate_inputs
f324bb04ba0c59fd,4,kick_back,4,0.1,0.5,4,0.003435063819150432,0.010305191457451296,0.5,194.07693765397008,2.0,3105.2310024635212,dispatch,context,0.25,1.0,8,256,2.188073394495413,30,15.9,15.755939348660476,16.044060651339525,30,7.266666666666667,6.03802617574237,8.495307157590963,,,not_identifiable_from_aggregate_inputs
492209a9eb2d2968,4,kick_back,4,0.1,0.5,4,0.003435063819150432,0.010305191457451296,0.5,388.15387530794015,4.0,3105.2310024635212,dispatch,context,0.25,1.0,8,256,1.138095238095238,30,7.966666666666667,7.9013333333333335,8.032,30,7,6.098625315510203,7.901374684489797,,,not_identifiable_from_aggregate_inputs
e12c09bb1817f16e,4,kick_back,4,0.1,0.5,4,0.003435063819150432,0.010305191457451296,0.5,0.0,0.0,3105.2310024635212,start,fixed,0.25,1.0,8,256,3.932704402515723,30,208.43333333333334,-41.492956465535826,458.3596231322025,30,53,50.35364540477317,55.64635459522683,,,not_identifiable_from_aggregate_inputs
85765cc94c0905f8,4,kick_back,4,0.1,0.5,4,0.003435063819150432,0.010305191457451296,0.5,24.25961720674626,0.25,3105.2310024635212,start,fixed,0.25,1.0,8,256,16.0995670995671,30,123.96666666666667,122.54928688130965,125.38404645202368,30,7.7,6.518194406947524,8.881805593052476,,,not_identifiable_from_aggregate_inputs
99cdd8014f9d3081,4,kick_back,4,0.1,0.5,4,0.003435063819150432,0.010305191457451296,0.5,48.51923441349252,0.5,3105.2310024635212,start,fixed,0.25,1.0,8,256,8.192139737991265,30,62.53333333333333,61.8255006799935,63.24116598667316,30,7.633333333333334,6.395562280158867,8.8711043865078,,,not_identifiable_from_aggregate_inputs
f0df8bc07847fee7,4,kick_back,4,0.1,0.5,4,0.003435063819150432,0.010305191457451296,0.5,97.03846882698504,1.0,3105.2310024635212,start,fixed,0.25,1.0,8,256,4.135371179039301,30,31.566666666666666,31.206566127278798,31.926767206054535,30,7.633333333333334,6.395562280158867,8.8711043865078,,,not_identifiable_from_aggregate_inputs
56e420ec0f9e2710,4,kick_back,4,0.1,0.5,4,0.003435063819150432,0.010305191457451296,0.5,194.07693765397008,2.0,3105.2310024635212,start,fixed,0.25,1.0,8,256,2.0829694323144103,30,15.9,15.755939348660476,16.044060651339525,30,7.633333333333334,6.395562280158867,8.8711043865078,,,not_identifiable_from_aggregate_inputs
ab603577848c52d4,4,kick_back,4,0.1,0.5,4,0.003435063819150432,0.010305191457451296,0.5,388.15387530794015,4.0,3105.2310024635212,start,fixed,0.25,1.0,8,256,1.0814479638009051,30,7.966666666666667,7.9013333333333335,8.032,30,7.366666666666666,6.438819110156112,8.29451422317722,,,not_identifiable_from_aggregate_inputs
a23018078a1d0512,4,kick_back,4,0.1,0.5,4,0.003435063819150432,0.010305191457451296,0.5,0.0,0.0,3105.2310024635212,start,context,0.25,1.0,8,256,3.9246704331450095,30,208.4,-41.466263812528666,458.2662638125287,30,53.1,50.44806158078466,55.75193841921534,,,not_identifiable_from_aggregate_inputs
666665ecfe418582,4,kick_back,4,0.1,0.5,4,0.003435063819150432,0.010305191457451296,0.5,24.25961720674626,0.25,3105.2310024635212,start,context,0.25,1.0,8,256,16.086580086580085,30,123.86666666666666,122.46731478603628,125.26601854729704,30,7.7,6.518194406947524,8.881805593052476,,,not_identifiable_from_aggregate_inputs
e31eb497c0a0055b,4,kick_back,4,0.1,0.5,4,0.003435063819150432,0.010305191457451296,0.5,48.51923441349252,0.5,3105.2310024635212,start,context,0.25,1.0,8,256,8.192139737991265,30,62.53333333333333,61.8255006799935,63.24116598667316,30,7.633333333333334,6.395562280158867,8.8711043865078,,,not_identifiable_from_aggregate_inputs
47f0d3f529aa310a,4,kick_back,4,0.1,0.5,4,0.003435063819150432,0.010305191457451296,0.5,97.03846882698504,1.0,3105.2310024635212,start,context,0.25,1.0,8,256,4.131004366812227,30,31.533333333333335,31.160579760508554,31.906086906158116,30,7.633333333333334,6.395562280158867,8.8711043865078,,,not_identifiable_from_aggregate_inputs
f32da60763ace376,4,kick_back,4,0.1,0.5,4,0.003435063819150432,0.010305191457451296,0.5,194.07693765397008,2.0,3105.2310024635212,start,context,0.25,1.0,8,256,2.0829694323144103,30,15.9,15.755939348660476,16.044060651339525,30,7.633333333333334,6.395562280158867,8.8711043865078,,,not_identifiable_from_aggregate_inputs
866dab4174736fda,4,kick_back,4,0.1,0.5,4,0.003435063819150432,0.010305191457451296,0.5,388.15387530794015,4.0,3105.2310024635212,start,context,0.25,1.0,8,256,1.0814479638009051,30,7.966666666666667,7.9013333333333335,8.032,30,7.366666666666666,6.438819110156112,8.29451422317722,,,not_identifiable_from_aggregate_inputs
d377f6ed3c8d0704,4,kick_back,4,0.1,0.5,16,0.01556231814190527,0.04668695442571581,0.5,0.0,0.0,685.416309408565,dispatch,fixed,0.25,1.0,8,256,1.2420774647887323,30,47.03333333333333,20.92803797174608,73.13862869492058,30,37.86666666666667,35.398627483436044,40.33470584989729,,,not_identifiable_from_aggregate_inputs
ddc567d0706a9386,4,kick_back,4,0.1,0.5,16,0.01556231814190527,0.04668695442571581,0.5,5.354814917254414,0.25,685.416309408565,dispatch,fixed,0.25,1.0,8,256,14.99581589958159,30,119.46666666666667,118.42133333333334,120.512,30,7.966666666666667,7.006083542362831,8.927249790970503,,,not_identifiable_from_aggregate_inputs
61627f254080e723,4,kick_back,4,0.1,0.5,16,0.01556231814190527,0.04668695442571581,0.5,10.709629834508828,0.5,685.416309408565,dispatch,fixed,0.25,1.0,8,256,9.897849462365592,30,61.36666666666667,60.822883466684935,61.9104498666484,30,6.2,5.09444720229844,7.30555279770156,,,not_identifiable_from_aggregate_inputs
a1cb3bab63825ac6,4,kick_back,4,0.1,0.5,16,0.01556231814190527,0.04668695442571581,0.5,21.419259669017656,1.0,685.416309408565,dispatch,fixed,0.25,1.0,8,256,5.5773809523809526,30,31.233333333333334,30.95641310608271,31.51025356058396,30,5.6,4.477797567793326,6.722202432206673,,,not_identifiable_from_aggregate_inputs
80cc4d54adb41e75,4,kick_back,4,0.1,0.5,16,0.01556231814190527,0.04668695442571581,0.5,42.83851933803531,2.0,685.416309408565,dispatch,fixed,0.25,1.0,8,256,2.902439024390244,30,15.866666666666667,15.742943084014795,15.990390249318539,30,5.466666666666667,4.396288526015114,6.537044807318219,,,not_identifiable_from_aggregate_inputs
a68bf9ff5e5f04cd,4,kick_back,4,0.1,0.5,16,0.01556231814190527,0.04668695442571581,0.5,85.67703867607062,4.0,685.416309408565,dispatch,fixed,0.25,1.0,8,256,1.5384615384615383,30,8,8.0,8.0,30,5.2,4.573814613767588,5.826185386232412,,,not_identifiable_from_aggregate_inputs
268df6935029820c,4,kick_back,4,0.1,0.5,16,0.01556231814190527,0.04668695442571581,0.5,0.0,0.0,685.416309408565,dispatch,context,0.25,1.0,8,256,1.2409326424870466,30,47.9,21.911360971979786,73.88863902802021,30,38.6,36.02022465559766,41.179775344402344,,,not_identifiable_from_aggregate_inputs
a5dbb2be6991b632,4,kick_back,4,0.1,0.5,16,0.01556231814190527,0.04668695442571581,0.5,5.354814917254414,0.25,685.416309408565,dispatch,context,0.25,1.0,8,256,15.191489361702128,30,119,117.9000530838305,120.0999469161695,30,7.833333333333333,6.888508672432304,8.77815799423436,,,not_identifiable_from_aggregate_inputs
482ae457c16e64e6,4,kick_back,4,0.1,0.5,16,0.01556231814190527,0.04668695442571581,0.5,10.709629834508828,0.5,685.416309408565,dispatch,context,0.25,1.0,8,256,9.924324324324324,30,61.2,60.63302731724667,61.766972682753334,30,6.166666666666667,5.058387962628845,7.274945370704489,,,not_identifiable_from_aggregate_inputs
625373fc2a927429,4,kick_back,4,0.1,0.5,16,0.01556231814190527,0.04668695442571581,0.5,21.419259669017656,1.0,685.416309408565,dispatch,context,0.25,1.0,8,256,5.571428571428572,30,31.2,30.896940353353852,31.503059646646147,30,5.6,4.477797567793326,6.722202432206673,,,not_identifiable_from_aggregate_inputs
a600035d73c3483a,4,kick_back,4,0.1,0.5,16,0.01556231814190527,0.04668695442571581,0.5,42.83851933803531,2.0,685.416309408565,dispatch,context,0.25,1.0,8,256,2.902439024390244,30,15.866666666666667,15.742943084014795,15.990390249318539,30,5.466666666666667,4.396288526015114,6.537044807318219,,,not_identifiable_from_aggregate_inputs
b9bfdb608863fd0c,4,kick_back,4,0.1,0.5,16,0.01556231814190527,0.04668695442571581,0.5,85.67703867607062,4.0,685.416309408565,dispatch,context,0.25,1.0,8,256,1.5384615384615383,30,8,8.0,8.0,30,5.2,4.573814613767588,5.826185386232412,,,not_identifiable_from_aggregate_inputs
90c3ecb9aeec2f70,4,kick_back,4,0.1,0.5,16,0.01556231814190527,0.04668695442571581,0.5,0.0,0.0,685.416309408565,start,fixed,0.25,1.0,8,256,1.2420774647887323,30,47.03333333333333,20.92803797174608,73.13862869492058,30,37.86666666666667,35.398627483436044,40.33470584989729,,,not_identifiable_from_aggregate_inputs
6024bd78f725176b,4,kick_back,4,0.1,0.5,16,0.01556231814190527,0.04668695442571581,0.5,5.354814917254414,0.25,685.416309408565,start,fixed,0.25,1.0,8,256,13.62357414448669,30,119.43333333333334,118.38399474215926,120.48267192450741,30,8.766666666666667,7.912150209552513,9.621183123780822,,,not_identifiable_from_aggregate_inputs
bcc595ca61c8cc53,4,kick_back,4,0.1,0.5,16,0.01556231814190527,0.04668695442571581,0.5,10.709629834508828,0.5,685.416309408565,start,fixed,0.25,1.0,8,256,8.562790697674417,30,61.36666666666667,60.822883466684935,61.9104498666484,30,7.166666666666667,6.141163668880979,8.192169664452354,,,not_identifiable_from_aggregate_inputs
f6b8088690275b29,4,kick_back,4,0.1,0.5,16,0.01556231814190527,0.04668695442571581,0.5,21.419259669017656,1.0,685.416309408565,start,fixed,0.25,1.0,8,256,4.570731707317074,30,31.233333333333334,30.95641310608271,31.51025356058396,30,6.833333333333333,5.417200235707417,8.249466430959249,,,not_identifiable_from_aggregate_inputs
a837828933d46b98,4,kick_back,4,0.1,0.5,16,0.01556231814190527,0.04668695442571581,0.5,42.83851933803531,2.0,685.416309408565,start,fixed,0.25,1.0,8,256,2.4040404040404044,30,15.866666666666667,15.742943084014795,15.990390249318539,30,6.6,5.2105704800873855,7.989429519912614,,,not_identifiable_from_aggregate_inputs
7a7505e88e41b61f,4,kick_back,4,0.1,0.5,16,0.01556231814190527,0.04668695442571581,0.5,85.67703867607062,4.0,685.416309408565,start,fixed,0.25,1.0,8,256,1.3259668508287292,30,8,8.0,8.0,30,6.033333333333333,5.3722732767065295,6.694393389960137,,,not_identifiable_from_aggregate_inputs
3a11831f81511769,4,kick_back,4,0.1,0.5,16,0.01556231814190527,0.04668695442571581,0.5,0.0,0.0,685.416309408565,start,context,0.25,1.0,8,256,1.2409326424870466,30,47.9,21.911360971979786,73.88863902802021,30,38.6,36.02022465559766,41.179775344402344,,,not_identifiable_from_aggregate_inputs
05082301645ca0ee,4,kick_back,4,0.1,0.5,16,0.01556231814190527,0.04668695442571581,0.5,5.354814917254414,0.25,685.416309408565,start,context,0.25,1.0,8,256,13.643678160919542,30,118.7,117.49232317636512,119.90767682363489,30,8.7,7.377156458804459,10.02284354119554,,,not_identifiable_from_aggregate_inputs
c5e66b09ac03a1dd,4,kick_back,4,0.1,0.5,16,0.01556231814190527,0.04668695442571581,0.5,10.709629834508828,0.5,685.416309408565,start,context,0.25,1.0,8,256,8.779904306220095,30,61.166666666666664,60.610042743743044,61.723290589590285,30,6.966666666666667,5.926626909100636,8.006706424232696,,,not_identifiable_from_aggregate_inputs
901e0705674514e3,4,kick_back,4,0.1,0.5,16,0.01556231814190527,0.04668695442571581,0.5,21.419259669017656,1.0,685.416309408565,start,context,0.25,1.0,8,256,4.596059113300493,30,31.1,30.769748406601078,31.430251593398925,30,6.766666666666667,5.342449605419367,8.190883727913965,,,not_identifiable_from_aggregate_inputs
5689412d355fdbce,4,kick_back,4,0.1,0.5,16,0.01556231814190527,0.04668695442571581,0.5,42.83851933803531,2.0,685.416309408565,start,context,0.25,1.0,8,256,2.3989898989898992,30,15.833333333333334,15.697692382905558,15.96897428376111,30,6.6,5.2105704800873855,7.989429519912614,,,not_identifiable_from_aggregate_inputs
3b5f692247e13e39,4,kick_back,4,0.1,0.5,16,0.01556231814190527,0.04668695442571581,0.5,85.67703867607062,4.0,685.416309408565,start,context,0.25,1.0,8,256,1.3259668508287292,30,8,8.0,8.0,30,6.033333333333333,5.3722732767065295,6.694393389960137,,,not_identifiable_from_aggregate_inputs
b26fea863a9d5ede,4,kick_back,4,0.1,0.5,64,0.06872332143144783,0.20616996429434348,0.5,0.0,0.0,256.0,dispatch,fixed,0.25,1.0,8,256,2.7134688691232527,30,142.36666666666667,54.09568048594018,230.63765284739316,30,52.46666666666667,46.92794322078478,58.005390112548554,,,not_identifiable_from_aggregate_inputs
6001fd2ba7e3ff83,4,kick_back,4,0.1,0.5,64,0.06872332143144783,0.20616996429434348,0.5,1.212591760665397,0.25,256.0,dispatch,fixed,0.25,1.0,8,256,12.693266832917704,30,169.66666666666666,167.88527180228783,171.44806153104548,30,13.366666666666667,11.185958370188319,15.547374963145016,,,not_identifiable_from_aggregate_inputs
b5a23dcc32bb2ac8,4,kick_back,4,0.1,0.5,64,0.06872332143144783,0.20616996429434348,0.5,2.425183521330794,0.5,256.0,dispatch,fixed,0.25,1.0,8,256,10.749049429657793,30,94.23333333333333,93.61937258477828,94.84729408188839,30,8.766666666666667,6.653417224914669,10.879916108418666,,,not_identifiable_from_aggregate_inputs
a111965467ed1a10,4,kick_back,4,0.1,0.5,64,0.06872332143144783,0.20616996429434348,0.5,4.850367042661588,1.0,256.0,dispatch,fixed,0.25,1.0,8,256,7.612244897959184,30,49.733333333333334,49.52460487125586,49.94206179541081,30,6.533333333333333,5.3345251384486785,7.732141528217988,,,not_identifiable_from_aggregate_inputs
15168fdedbdc4124,4,kick_back,4,0.1,0.5,64,0.06872332143144783,0.20616996429434348,0.5,9.700734085323177,2.0,256.0,dispatch,fixed,0.25,1.0,8,256,4.867924528301887,30,25.8,25.65441485486919,25.94558514513081,30,5.3,4.535677988063254,6.064322011936746,,,not_identifiable_from_aggregate_inputs
cdea658be2588728,4,kick_back,4,0.1,0.5,64,0.06872332143144783,0.20616996429434348,0.5,19.401468170646353,4.0,256.0,dispatch,fixed,0.25,1.0,8,256,2.9696969696969693,30,13.066666666666666,12.975878377719459,13.157454955613874,30,4.4,4.19844649322834,4.601553506771661,,,not_identifiable_from_aggregate_inputs
04c45832ff321dfc,4,kick_back,4,0.1,0.5,64,0.06872332143144783,0.20616996429434348,0.5,0.0,0.0,256.0,dispatch,context,0.25,1.0,8,256,3.1293561724748966,30,176.6,82.82672182994442,270.3732781700556,30,56.43333333333333,49.8620255341528,63.00464113251386,,,not_identifiable_from_aggregate_inputs
f69093f982cc8254,4,kick_back,4,0.1,0.5,64,0.06872332143144783,0.20616996429434348,0.5,1.212591760665397,0.25,256.0,dispatch,context,0.25,1.0,8,256,14.174157303370785,30,168.2,166.20560749317883,170.19439250682115,30,11.866666666666667,9.992503329452061,13.740830003881273,,,not_identifiable_from_aggregate_inputs
e67933a3d81daf20,4,kick_back,4,0.1,0.5,64,0.06872332143144783,0.20616996429434348,0.5,2.425183521330794,0.5,256.0,dispatch,context,0.25,1.0,8,256,13.183098591549296,30,93.6,93.0392924010732,94.16070759892679,30,7.1,6.010743203915581,8.189256796084418,,,not_identifiable_from_aggregate_inputs
b41f41510cc50446,4,kick_back,4,0.1,0.5,64,0.06872332143144783,0.20616996429434348,0.5,4.850367042661588,1.0,256.0,dispatch,context,0.25,1.0,8,256,7.935828877005348,30,49.46666666666667,49.26221296039637,49.67112037293697,30,6.233333333333333,5.03103104635554,7.4356356203111265,,,not_identifiable_from_aggregate_inputs
7b3988aecd25d24a,4,kick_back,4,0.1,0.5,64,0.06872332143144783,0.20616996429434348,0.5,9.700734085323177,2.0,256.0,dispatch,context,0.25,1.0,8,256,4.910828025477707,30,25.7,25.533211263094234,25.866788736905765,30,5.233333333333333,4.489308408937244,5.977358257729422,,,not_identifiable_from_aggregate_inputs
695f7ec5c57be1fc,4,kick_back,4,0.1,0.5,64,0.06872332143144783,0.20616996429434348,0.5,19.401468170646353,4.0,256.0,dispatch,context,0.25,1.0,8,256,2.954545454545454,30,13,13.0,13.0,30,4.4,4.19844649322834,4.601553506771661,,,not_identifiable_from_aggregate_inputs
2c6f97e1c6a6640b,4,kick_back,4,0.1,0.5,64,0.06872332143144783,0.20616996429434348,0.5,0.0,0.0,256.0,start,fixed,0.25,1.0,8,256,2.7134688691232527,30,142.36666666666667,54.09568048594018,230.63765284739316,30,52.46666666666667,46.92794322078478,58.005390112548554,,,not_identifiable_from_aggregate_inputs
1eee0a9e7fcf3405,4,kick_back,4,0.1,0.5,64,0.06872332143144783,0.20616996429434348,0.5,1.212591760665397,0.25,256.0,start,fixed,0.25,1.0,8,256,9.239852398523986,30,166.93333333333334,163.48440243340357,170.3822642332631,30,18.066666666666666,14.818163600855833,21.3151697324775,,,not_identifiable_from_aggregate_inputs
b34dd4062c57e57b,4,kick_back,4,0.1,0.5,64,0.06872332143144783,0.20616996429434348,0.5,2.425183521330794,0.5,256.0,start,fixed,0.25,1.0,8,256,8.512048192771084,30,94.2,93.5668022407661,94.83319775923391,30,11.066666666666666,8.685683052027525,13.447650281305808,,,not_identifiable_from_aggregate_inputs
8167c0e518251726,4,kick_back,4,0.1,0.5,64,0.06872332143144783,0.20616996429434348,0.5,4.850367042661588,1.0,256.0,start,fixed,0.25,1.0,8,256,6.139917695473251,30,49.733333333333334,49.52460487125586,49.94206179541081,30,8.1,6.898922552670828,9.30107744732917,,,not_identifiable_from_aggregate_inputs
392e1036708386b9,4,kick_back,4,0.1,0.5,64,0.06872332143144783,0.20616996429434348,0.5,9.700734085323177,2.0,256.0,start,fixed,0.25,1.0,8,256,3.5181818181818185,30,25.8,25.65441485486919,25.94558514513081,30,7.333333333333333,5.947935151363484,8.718731515303183,,,not_identifiable_from_aggregate_inputs
7c23d42daadc7012,4,kick_back,4,0.1,0.5,64,0.06872332143144783,0.20616996429434348,0.5,19.401468170646353,4.0,256.0,start,fixed,0.25,1.0,8,256,2.0523560209424083,30,13.066666666666666,12.975878377719459,13.157454955613874,30,6.366666666666666,5.202427905621361,7.530905427711971,,,not_identifiable_from_aggregate_inputs
61d11e7a6a6c5152,4,kick_back,4,0.1,0.5,64,0.06872332143144783,0.20616996429434348,0.5,0.0,0.0,256.0,start,context,0.25,1.0,8,256,3.1293561724748966,30,176.6,82.82672182994442,270.3732781700556,30,56.43333333333333,49.8620255341528,63.00464113251386,,,not_identifiable_from_aggregate_inputs
af91a3dfc5fc19e3,4,kick_back,4,0.1,0.5,64,0.06872332143144783,0.20616996429434348,0.5,1.212591760665397,0.25,256.0,start,context,0.25,1.0,8,256,11.918854415274463,30,166.46666666666667,164.0712613073905,168.86207202594284,30,13.966666666666667,12.11442504658653,15.818908286746803,,,not_identifiable_from_aggregate_inputs
7f90fe3ff99b92b3,4,kick_back,4,0.1,0.5,64,0.06872332143144783,0.20616996429434348,0.5,2.425183521330794,0.5,256.0,start,context,0.25,1.0,8,256,10.297794117647058,30,93.36666666666666,92.82288346668493,93.91044986664839,30,9.066666666666666,7.823733638136987,10.309599695196347,,,not_identifiable_from_aggregate_inputs
a569b21ef853c5b7,4,kick_back,4,0.1,0.5,64,0.06872332143144783,0.20616996429434348,0.5,4.850367042661588,1.0,256.0,start,context,0.25,1.0,8,256,5.865079365079365,30,49.266666666666666,48.903513510877836,49.629819822455495,30,8.4,6.280664949218444,10.519335050781557,,,not_identifiable_from_aggregate_inputs
ce834fde53ff33f1,4,kick_back,4,0.1,0.5,64,0.06872332143144783,0.20616996429434348,0.5,9.700734085323177,2.0,256.0,start,context,0.25,1.0,8,256,3.6875,30,25.566666666666666,25.38631010199142,25.747023231341913,30,6.933333333333334,5.562030828636805,8.304635838029862,,,not_identifiable_from_aggregate_inputs
2bbd84ba47a65d1a,4,kick_back,4,0.1,0.5,64,0.06872332143144783,0.20616996429434348,0.5,19.401468170646353,4.0,256.0,start,context,0.25,1.0,8,256,2.17877094972067,30,13,13.0,13.0,30,5.966666666666667,4.948076280162392,6.985257053170941,,,not_identifiable_from_aggregate_inputs
