stratum,repo,prA,prB,label,conflict_has_content,conflict_is_content_only,retrieved_at_utc,oid_scope,git_version,fetch_parameters,diff_parameters,api_headA_oid,api_headB_oid,headA_oid,headB_oid,baseA_oid,baseB_oid,merge_base_oid,filesA,hunksA,filesB,hunksB,status
cross,reeze/php-leveldb,52,54,CLEAN,false,false,2026-09-16T23:32:04.404282+00:00,current-pr-heads-at-extraction; not frozen replay OIDs,git version 2.50.1 (Apple Git-155),refs/pull/N/head; --no-tags; depth 80; depth 600 retry if no merge base,git -c diff.renames=true -c diff.algorithm=myers diff --no-ext-diff --no-textconv --unified=0; default whitespace; binary paths count as files and contribute zero hunks,16d37e9010d208a18715a40ef6a8ad62296fdf33,22791bedf00d44ed8e1a4a6cc2c869c85fb819f0,16d37e9010d208a18715a40ef6a8ad62296fdf33,22791bedf00d44ed8e1a4a6cc2c869c85fb819f0,70ecae7103dbfe0817740f1c2aeaed551e2f67f6,70ecae7103dbfe0817740f1c2aeaed551e2f67f6,70ecae7103dbfe0817740f1c2aeaed551e2f67f6,2,2,1,8,OK
cross,RSamaium/CanvasEngine,40,46,CONFLICT,true,true,2026-09-16T23:32:07.133055+00:00,current-pr-heads-at-extraction; not frozen replay OIDs,git version 2.50.1 (Apple Git-155),refs/pull/N/head; --no-tags; depth 80; depth 600 retry if no merge base,git -c diff.renames=true -c diff.algorithm=myers diff --no-ext-diff --no-textconv --unified=0; default whitespace; binary paths count as files and contribute zero hunks,4d09a9692490b07ee460f01e4052c4e64d92a788,d99a9eb775e170ca8cfe426ad736465ac4851715,4d09a9692490b07ee460f01e4052c4e64d92a788,d99a9eb775e170ca8cfe426ad736465ac4851715,dfe125472ae9c2ad3641b63d4fc544bb449e09ce,cf4264b3cd890c3d803f9f820d7489e6934e2dce,dfe125472ae9c2ad3641b63d4fc544bb449e09ce,4,4,129,554,OK
cross,OpenSprinkler/OpenSprinkler-App,250,251,CLEAN,false,false,2026-09-16T23:32:09.411003+00:00,current-pr-heads-at-extraction; not frozen replay OIDs,git version 2.50.1 (Apple Git-155),refs/pull/N/head; --no-tags; depth 80; depth 600 retry if no merge base,git -c diff.renames=true -c diff.algorithm=myers diff --no-ext-diff --no-textconv --unified=0; default whitespace; binary paths count as files and contribute zero hunks,a6f89e315ceb43da8b6ab7e40b53a7bef60dc6e6,c349205bab9c418f5d578f99506420b425535462,a6f89e315ceb43da8b6ab7e40b53a7bef60dc6e6,c349205bab9c418f5d578f99506420b425535462,74ccf846903e2b76bcdd5563dfa1b8d5f8e158b9,74ccf846903e2b76bcdd5563dfa1b8d5f8e158b9,23305ab91b7f7016cbdd724bc067c16a946b7d0c,1,1,1,1,OK
cross,bmander/graphserver,32,34,CLEAN,false,false,2026-09-16T23:32:11.939839+00:00,current-pr-heads-at-extraction; not frozen replay OIDs,git version 2.50.1 (Apple Git-155),refs/pull/N/head; --no-tags; depth 80; depth 600 retry if no merge base,git -c diff.renames=true -c diff.algorithm=myers diff --no-ext-diff --no-textconv --unified=0; default whitespace; binary paths count as files and contribute zero hunks,25b917e318c0a32b650585aa2315b10f1e7bf8c3,e3e1ff46a97581452ed5fddec6f77500eccf7d9b,25b917e318c0a32b650585aa2315b10f1e7bf8c3,e3e1ff46a97581452ed5fddec6f77500eccf7d9b,a4faf6d4c40eef4a394ad6999673dfa149fb50a2,94bf968fe8b020662ec1c70b9462c8d7fa2edefd,a4faf6d4c40eef4a394ad6999673dfa149fb50a2,0,0,69,212,OK
cross,rsyslog/rsyslog,5688,5793,CONFLICT,true,true,2026-09-16T23:32:14.329262+00:00,current-pr-heads-at-extraction; not frozen replay OIDs,git version 2.50.1 (Apple Git-155),refs/pull/N/head; --no-tags; depth 80; depth 600 retry if no merge base,git -c diff.renames=true -c diff.algorithm=myers diff --no-ext-diff --no-textconv --unified=0; default whitespace; binary paths count as files and contribute zero hunks,f4541bc90c67e139f1605601731eaa999a79faa7,8df341f97e5b07a177c3fe9a102280c4b718b5ba,f4541bc90c67e139f1605601731eaa999a79faa7,8df341f97e5b07a177c3fe9a102280c4b718b5ba,dc1a8fb07235503739e7bde2c8746a7739ed54d2,5644c2e9e16ffaf5262e3ada3fb1b82a3dd5d61a,0a5109953932dc924f17417e478af448612427b3,3,35,939,3143,OK
cross,EduMIPS64/edumips64,1364,1378,CLEAN,false,false,2026-09-16T23:32:18.633748+00:00,current-pr-heads-at-extraction; not frozen replay OIDs,git version 2.50.1 (Apple Git-155),refs/pull/N/head; --no-tags; depth 80; depth 600 retry if no merge base,git -c diff.renames=true -c diff.algorithm=myers diff --no-ext-diff --no-textconv --unified=0; default whitespace; binary paths count as files and contribute zero hunks,0e8207830343e11c05bde6436358a03cdb70313d,9c6f4a85720aa2b3ba052cfa412353df171eebc8,0e8207830343e11c05bde6436358a03cdb70313d,9c6f4a85720aa2b3ba052cfa412353df171eebc8,a322f53cd159462c7a12ea42b0278575cf2f0d25,892e525d7b6a86fd589f5924296a62d7cd143751,892e525d7b6a86fd589f5924296a62d7cd143751,14,21,2,3,OK
cross,devitocodes/devito,2625,2682,CLEAN,false,false,2026-09-16T23:32:25.465702+00:00,current-pr-heads-at-extraction; not frozen replay OIDs,git version 2.50.1 (Apple Git-155),refs/pull/N/head; --no-tags; depth 80; depth 600 retry if no merge base,git -c diff.renames=true -c diff.algorithm=myers diff --no-ext-diff --no-textconv --unified=0; default whitespace; binary paths count as files and contribute zero hunks,567fbec882fb1ce915408dd8d0e3b805f2f84438,41d1482244e264503d5cd3202f0b633959dbf1c3,567fbec882fb1ce915408dd8d0e3b805f2f84438,41d1482244e264503d5cd3202f0b633959dbf1c3,a4870583d2e851ca78c5a16dd00cf9291ab304e3,b57aa006628448555812f90a6c8f34e1d6471211,a4870583d2e851ca78c5a16dd00cf9291ab304e3,1,8,7,15,OK
cross,vercel/vercel,13444,13578,CLEAN,false,false,2026-09-16T23:32:30.395473+00:00,current-pr-heads-at-extraction; not frozen replay OIDs,git version 2.50.1 (Apple Git-155),refs/pull/N/head; --no-tags; depth 80; depth 600 retry if no merge base,git -c diff.renames=true -c diff.algorithm=myers diff --no-ext-diff --no-textconv --unified=0; default whitespace; binary paths count as files and contribute zero hunks,06961f6b0307726be19d00023c5a6be263508cb9,76d6ac10a15cd85644b36898691b3d71f3e1e683,06961f6b0307726be19d00023c5a6be263508cb9,76d6ac10a15cd85644b36898691b3d71f3e1e683,44e92f7d0d3883c7bff0f91eb116b76ba58f694f,c7ea157fd673e65e78ebb13738f26ec83bee0abb,44e92f7d0d3883c7bff0f91eb116b76ba58f694f,6,7,132,545,OK
cross,bcherny/json-schema-to-typescript,658,663,CLEAN,false,false,2026-09-16T23:32:42.122011+00:00,current-pr-heads-at-extraction; not frozen replay OIDs,git version 2.50.1 (Apple Git-155),refs/pull/N/head; --no-tags; depth 80; depth 600 retry if no merge base,git -c diff.renames=true -c diff.algorithm=myers diff --no-ext-diff --no-textconv --unified=0; default whitespace; binary paths count as files and contribute zero hunks,4741a93d514edbaca818327587d801e1b419123a,56c6eca33d445818589ce83378623444033df5a0,4741a93d514edbaca818327587d801e1b419123a,56c6eca33d445818589ce83378623444033df5a0,a5834aa990a58b98a02824e1521f27d4235e1e12,43ba08b117adcce82ae2f13e9abd73314680a695,a5834aa990a58b98a02824e1521f27d4235e1e12,1,1,7,869,OK
cross,sakaiproject/sakai,13751,13874,CLEAN,false,false,2026-09-16T23:32:50.773970+00:00,current-pr-heads-at-extraction; not frozen replay OIDs,git version 2.50.1 (Apple Git-155),refs/pull/N/head; --no-tags; depth 80; depth 600 retry if no merge base,git -c diff.renames=true -c diff.algorithm=myers diff --no-ext-diff --no-textconv --unified=0; default whitespace; binary paths count as files and contribute zero hunks,9a434bc9f89464d30b14304a9ea84498c827d37e,956a4183f17d4a2a09b2a7a088de4f0ccfcd0f91,9a434bc9f89464d30b14304a9ea84498c827d37e,956a4183f17d4a2a09b2a7a088de4f0ccfcd0f91,1fe64d4120aa97c1db162dd95a636ed35e9e4d44,3dc5226a87203f4470262e79bf88924aae9673e7,1fe64d4120aa97c1db162dd95a636ed35e9e4d44,20,21,1089,7318,OK
cross,benwbrum/fromthepage,4696,4750,CLEAN,false,false,2026-09-16T23:33:07.214775+00:00,current-pr-heads-at-extraction; not frozen replay OIDs,git version 2.50.1 (Apple Git-155),refs/pull/N/head; --no-tags; depth 80; depth 600 retry if no merge base,git -c diff.renames=true -c diff.algorithm=myers diff --no-ext-diff --no-textconv --unified=0; default whitespace; binary paths count as files and contribute zero hunks,4d961196f6cf4175ef6abdde22b74bb3fe8ff1e6,addd097176ff33026e1fb6367e8d872008e01912,4d961196f6cf4175ef6abdde22b74bb3fe8ff1e6,addd097176ff33026e1fb6367e8d872008e01912,ae615c04d160d431cb873ad7bd93b6de5ac0a440,f1bdb3e7d8dc3d08513f4c805655983661cd4aa9,f1bdb3e7d8dc3d08513f4c805655983661cd4aa9,540,3687,5,5,OK
cross,vercel/hyper-site,314,315,CONFLICT,true,false,2026-09-16T23:33:45.506178+00:00,current-pr-heads-at-extraction; not frozen replay OIDs,git version 2.50.1 (Apple Git-155),refs/pull/N/head; --no-tags; depth 80; depth 600 retry if no merge base,git -c diff.renames=true -c diff.algorithm=myers diff --no-ext-diff --no-textconv --unified=0; default whitespace; binary paths count as files and contribute zero hunks,d6b520839ff0857d0b70b2e278454586788c2b89,6ab07bc6a98f47c599db6f7c0b494cab54f7ca76,d6b520839ff0857d0b70b2e278454586788c2b89,6ab07bc6a98f47c599db6f7c0b494cab54f7ca76,23d7799e24abdc5ad78f4464bb361adb3cee6762,23d7799e24abdc5ad78f4464bb361adb3cee6762,23d7799e24abdc5ad78f4464bb361adb3cee6762,5,8,46,361,OK
cross,OHIF/Viewers,4958,5097,CONFLICT,true,true,2026-09-16T23:34:02.207605+00:00,current-pr-heads-at-extraction; not frozen replay OIDs,git version 2.50.1 (Apple Git-155),refs/pull/N/head; --no-tags; depth 80; depth 600 retry if no merge base,git -c diff.renames=true -c diff.algorithm=myers diff --no-ext-diff --no-textconv --unified=0; default whitespace; binary paths count as files and contribute zero hunks,676d3791e7b2c95648f2c31a4baefb5c3809d45c,3210e08e3df79d21c009e3597808ca8ecd244f62,676d3791e7b2c95648f2c31a4baefb5c3809d45c,3210e08e3df79d21c009e3597808ca8ecd244f62,a41ed3bade3befb510f64ed7fc5437279d8b05d4,8dda7d5f81a8539548ad66ced3a9ab632cf265a9,a41ed3bade3befb510f64ed7fc5437279d8b05d4,4,14,1129,3946,OK
cross,pytorch/pytorch,155658,157447,UNAVAIL_nobase,false,false,2026-09-16T23:34:41.982465+00:00,current-pr-heads-at-extraction; not frozen replay OIDs,git version 2.50.1 (Apple Git-155),refs/pull/N/head; --no-tags; depth 80; depth 600 retry if no merge base,git -c diff.renames=true -c diff.algorithm=myers diff --no-ext-diff --no-textconv --unified=0; default whitespace; binary paths count as files and contribute zero hunks,,,,,,,,,,,,UNAVAIL_nobase
cross,elsa-workflows/elsa-core,6669,6675,CLEAN,false,false,2026-09-16T23:34:41.982663+00:00,current-pr-heads-at-extraction; not frozen replay OIDs,git version 2.50.1 (Apple Git-155),refs/pull/N/head; --no-tags; depth 80; depth 600 retry if no merge base,git -c diff.renames=true -c diff.algorithm=myers diff --no-ext-diff --no-textconv --unified=0; default whitespace; binary paths count as files and contribute zero hunks,5df1b1d16bea11a4c94daccf65ab622b09aa3a39,59b574dfa2001b2b7b0d647fd248bd117a8e2fa4,5df1b1d16bea11a4c94daccf65ab622b09aa3a39,59b574dfa2001b2b7b0d647fd248bd117a8e2fa4,103063ee690a880313e8f0da0544c940772dc091,a0b1b299c71f06752643dc435379edee6f773cfd,f4ad11eb0fe7098c4d47d4a208dd26ac80ecb45d,3,3,1494,1648,OK
cross,shopware/shopware,10496,11072,CONFLICT,true,true,2026-09-16T23:34:51.472340+00:00,current-pr-heads-at-extraction; not frozen replay OIDs,git version 2.50.1 (Apple Git-155),refs/pull/N/head; --no-tags; depth 80; depth 600 retry if no merge base,git -c diff.renames=true -c diff.algorithm=myers diff --no-ext-diff --no-textconv --unified=0; default whitespace; binary paths count as files and contribute zero hunks,6246dbbaeb85ce2ffe7c8e1fe4c779a25c787a57,53576e1062824b49de4dff0b53854060f479b9f2,6246dbbaeb85ce2ffe7c8e1fe4c779a25c787a57,53576e1062824b49de4dff0b53854060f479b9f2,54f3b198641e50103126a4707561fa64599b769a,c6efcfe498b23900d3a66fa20bd64be20bf64255,c6efcfe498b23900d3a66fa20bd64be20bf64255,2301,6563,3,5,OK
cross,superfly/flyctl,4456,4463,CONFLICT,true,true,2026-09-16T23:35:03.450376+00:00,current-pr-heads-at-extraction; not frozen replay OIDs,git version 2.50.1 (Apple Git-155),refs/pull/N/head; --no-tags; depth 80; depth 600 retry if no merge base,git -c diff.renames=true -c diff.algorithm=myers diff --no-ext-diff --no-textconv --unified=0; default whitespace; binary paths count as files and contribute zero hunks,60475577e5099a61eaf5fea69be53f29a3bc5058,15a543882cbad0c9348640cffdd71fb71ac34953,60475577e5099a61eaf5fea69be53f29a3bc5058,15a543882cbad0c9348640cffdd71fb71ac34953,1dc18d2ee19ad2f501a95a0958489766925dd4a4,b66a33df98448a0cab5435f219e06c54ff1fc97b,1dc18d2ee19ad2f501a95a0958489766925dd4a4,4,6,29,85,OK
cross,go-vikunja/vikunja,945,1154,CLEAN,false,false,2026-09-16T23:35:05.884024+00:00,current-pr-heads-at-extraction; not frozen replay OIDs,git version 2.50.1 (Apple Git-155),refs/pull/N/head; --no-tags; depth 80; depth 600 retry if no merge base,git -c diff.renames=true -c diff.algorithm=myers diff --no-ext-diff --no-textconv --unified=0; default whitespace; binary paths count as files and contribute zero hunks,4172da6911dd3ef9cee7094837f7c3066dc4a40a,f94fe47f4c4e48851bcef5995881b945e2c8bbbc,4172da6911dd3ef9cee7094837f7c3066dc4a40a,f94fe47f4c4e48851bcef5995881b945e2c8bbbc,e67c035d92e44b31264dbd86b5b8d355c7e8a718,36df5d8c41e6a7157dc250c4e7951d9e9c91415e,719cb11d44985b3fb812ebf50f3a74ce39cece72,2,2,309,1621,OK
cross,ray-project/ray,53690,54238,CLEAN,false,false,2026-09-16T23:35:10.703091+00:00,current-pr-heads-at-extraction; not frozen replay OIDs,git version 2.50.1 (Apple Git-155),refs/pull/N/head; --no-tags; depth 80; depth 600 retry if no merge base,git -c diff.renames=true -c diff.algorithm=myers diff --no-ext-diff --no-textconv --unified=0; default whitespace; binary paths count as files and contribute zero hunks,4e4f54fd294e93c7cad3a15c925eecb1df0926d4,fe029008bef3a6e0c5533bd3922aa657c11d5fa5,4e4f54fd294e93c7cad3a15c925eecb1df0926d4,fe029008bef3a6e0c5533bd3922aa657c11d5fa5,ec1f2a4a5126d244a9893fe7196f7dff851e2d48,c07376b63d2d5e2229a9a6b856d59094a7cf73c3,6f0ce28e8a4a615f1f3762cc9672fa50f20f749e,11,31,1064,5419,OK
cross,mautic/mautic,15078,15249,CONFLICT,true,true,2026-09-16T23:35:41.448246+00:00,current-pr-heads-at-extraction; not frozen replay OIDs,git version 2.50.1 (Apple Git-155),refs/pull/N/head; --no-tags; depth 80; depth 600 retry if no merge base,git -c diff.renames=true -c diff.algorithm=myers diff --no-ext-diff --no-textconv --unified=0; default whitespace; binary paths count as files and contribute zero hunks,46d91c0ce20bc480e337dd94068a306efed05ead,1cbc445916bf2c8339294238e34be86c94ac513b,46d91c0ce20bc480e337dd94068a306efed05ead,1cbc445916bf2c8339294238e34be86c94ac513b,7a130192995ed1dc9339e7e80c87f5b1cc062955,c19166622d55d146651052641e20cd111b1cc8cd,65ff308ac37bdb15a76ca79e6d1c11bcbe1382dd,1387,9806,2,2,OK
cross,celestiaorg/celestia-core,1902,2046,CLEAN,false,false,2026-09-16T23:36:07.966977+00:00,current-pr-heads-at-extraction; not frozen replay OIDs,git version 2.50.1 (Apple Git-155),refs/pull/N/head; --no-tags; depth 80; depth 600 retry if no merge base,git -c diff.renames=true -c diff.algorithm=myers diff --no-ext-diff --no-textconv --unified=0; default whitespace; binary paths count as files and contribute zero hunks,2c727f9985c3b7fe49f48dfbc82a8d2416262130,293d772a5543c51a500391d5e1e1be24b44a6be3,2c727f9985c3b7fe49f48dfbc82a8d2416262130,293d772a5543c51a500391d5e1e1be24b44a6be3,2d7d1ea17b5dbfa01743b59fcf9b53821b387cf4,2d7d1ea17b5dbfa01743b59fcf9b53821b387cf4,2d7d1ea17b5dbfa01743b59fcf9b53821b387cf4,2,5,1,1,OK
cross,Rello/analytics,517,518,CONFLICT,true,true,2026-09-16T23:36:14.782651+00:00,current-pr-heads-at-extraction; not frozen replay OIDs,git version 2.50.1 (Apple Git-155),refs/pull/N/head; --no-tags; depth 80; depth 600 retry if no merge base,git -c diff.renames=true -c diff.algorithm=myers diff --no-ext-diff --no-textconv --unified=0; default whitespace; binary paths count as files and contribute zero hunks,6280cc967452d1c2cb8d01a12c77ef8148bcfdbc,e820fa45ac1a58c4f590498a609a48813e9fe4be,6280cc967452d1c2cb8d01a12c77ef8148bcfdbc,e820fa45ac1a58c4f590498a609a48813e9fe4be,f14c963239d30cbf1ea061571be231319687029a,d653a78a6b6fb60f058db345f1305a6312422007,d653a78a6b6fb60f058db345f1305a6312422007,195,421,7,18,OK
cross,gofiber/fiber,3508,3582,CLEAN,false,false,2026-09-16T23:36:17.763055+00:00,current-pr-heads-at-extraction; not frozen replay OIDs,git version 2.50.1 (Apple Git-155),refs/pull/N/head; --no-tags; depth 80; depth 600 retry if no merge base,git -c diff.renames=true -c diff.algorithm=myers diff --no-ext-diff --no-textconv --unified=0; default whitespace; binary paths count as files and contribute zero hunks,08390f54c7a3596ec191a674d31a9b4873a8bbcb,d124c9a83fe223c1a738a97612947fd5ae95f84d,08390f54c7a3596ec191a674d31a9b4873a8bbcb,d124c9a83fe223c1a738a97612947fd5ae95f84d,30dee26ac114cf198fb7215049d907118d3783e9,8503eeffca34a1f12b4d427541d22fde5be2d11c,8503eeffca34a1f12b4d427541d22fde5be2d11c,78,469,8,8,OK
cross,yytypescript/book,981,987,CLEAN,false,false,2026-09-16T23:36:21.173095+00:00,current-pr-heads-at-extraction; not frozen replay OIDs,git version 2.50.1 (Apple Git-155),refs/pull/N/head; --no-tags; depth 80; depth 600 retry if no merge base,git -c diff.renames=true -c diff.algorithm=myers diff --no-ext-diff --no-textconv --unified=0; default whitespace; binary paths count as files and contribute zero hunks,b5061cf1d6e4dd6a5c0e9c085f9c6df449373c3d,a22aefd52572534be14ea8edc5f0db9e55119ed0,b5061cf1d6e4dd6a5c0e9c085f9c6df449373c3d,a22aefd52572534be14ea8edc5f0db9e55119ed0,f8e2f47774316978144c8082cc0cb7cc515de8f6,8c9f62ceed98f6e21e4f421c2e2be1c48ce6df55,f8e2f47774316978144c8082cc0cb7cc515de8f6,1,1,7,10,OK
cross,kingstinct/react-native-healthkit,183,184,CLEAN,false,false,2026-09-16T23:36:25.768434+00:00,current-pr-heads-at-extraction; not frozen replay OIDs,git version 2.50.1 (Apple Git-155),refs/pull/N/head; --no-tags; depth 80; depth 600 retry if no merge base,git -c diff.renames=true -c diff.algorithm=myers diff --no-ext-diff --no-textconv --unified=0; default whitespace; binary paths count as files and contribute zero hunks,9dcb61d8254cda4f4f55c396358be8b09bfeebee,d821d45e9eac788dce8bbbc39a0afd54e0679b97,9dcb61d8254cda4f4f55c396358be8b09bfeebee,d821d45e9eac788dce8bbbc39a0afd54e0679b97,4aed3031d5089670462e0d588a411518bfd8cb6b,66c34fa5bcbbf5d1833f25ffb90e799016beaaa6,4aed3031d5089670462e0d588a411518bfd8cb6b,0,0,1,2,OK
cross,specmatic/specmatic,1924,1947,CLEAN,false,false,2026-09-16T23:36:28.783179+00:00,current-pr-heads-at-extraction; not frozen replay OIDs,git version 2.50.1 (Apple Git-155),refs/pull/N/head; --no-tags; depth 80; depth 600 retry if no merge base,git -c diff.renames=true -c diff.algorithm=myers diff --no-ext-diff --no-textconv --unified=0; default whitespace; binary paths count as files and contribute zero hunks,f8c5d61ba3e2021d8352d326d541b2a678d8ee7f,a98db0747e1bf723bc834efccf7a3139d334f00f,f8c5d61ba3e2021d8352d326d541b2a678d8ee7f,a98db0747e1bf723bc834efccf7a3139d334f00f,4ec6a5d0655cc04a135fa02db335b3750bc0a0a6,ecc0f2e34a9831903c773db89a3eadb3ac8aec9e,4ec6a5d0655cc04a135fa02db335b3750bc0a0a6,6,12,65,189,OK
cross,nrwl/nx,31591,32088,CLEAN,false,false,2026-09-16T23:36:31.661579+00:00,current-pr-heads-at-extraction; not frozen replay OIDs,git version 2.50.1 (Apple Git-155),refs/pull/N/head; --no-tags; depth 80; depth 600 retry if no merge base,git -c diff.renames=true -c diff.algorithm=myers diff --no-ext-diff --no-textconv --unified=0; default whitespace; binary paths count as files and contribute zero hunks,940535aa6a4354b947bc37c65d0a074d2044a394,7da286e9a2810160babf5deb269921b6ec65194d,940535aa6a4354b947bc37c65d0a074d2044a394,7da286e9a2810160babf5deb269921b6ec65194d,db86a355c66edc1f4ce0dddc65e29578ea4654f5,a626ee17f7aaa9a8de2e249ef908615a72a91e41,7c5faba41be362a24548fe779d6599f205c98e98,1,4,2868,12464,OK
cross,tokens-studio/figma-plugin,3366,3391,CONFLICT,true,true,2026-09-16T23:38:11.226730+00:00,current-pr-heads-at-extraction; not frozen replay OIDs,git version 2.50.1 (Apple Git-155),refs/pull/N/head; --no-tags; depth 80; depth 600 retry if no merge base,git -c diff.renames=true -c diff.algorithm=myers diff --no-ext-diff --no-textconv --unified=0; default whitespace; binary paths count as files and contribute zero hunks,8b24f4f3cf6e0381b02b745d16f7ffb3d4e14411,76dd64a6a27a820d3fbc2c10f5bb687b4f1aa171,8b24f4f3cf6e0381b02b745d16f7ffb3d4e14411,76dd64a6a27a820d3fbc2c10f5bb687b4f1aa171,8a2824d968d276ab0323cf2d5c9b19149f85f29c,d2e97fd6f3c52e995eeb35eabdf94471013255b7,8a2824d968d276ab0323cf2d5c9b19149f85f29c,6,31,35,79,OK
cross,microsoft/playwright,36050,36366,CLEAN,false,false,2026-09-16T23:38:15.110466+00:00,current-pr-heads-at-extraction; not frozen replay OIDs,git version 2.50.1 (Apple Git-155),refs/pull/N/head; --no-tags; depth 80; depth 600 retry if no merge base,git -c diff.renames=true -c diff.algorithm=myers diff --no-ext-diff --no-textconv --unified=0; default whitespace; binary paths count as files and contribute zero hunks,569e3d0714117f41190d95f1679a59defea1b2cd,3d5e8e6f1fbff91957fdb76f5abf6b76b730495a,569e3d0714117f41190d95f1679a59defea1b2cd,3d5e8e6f1fbff91957fdb76f5abf6b76b730495a,5efd582814984e1c57990d5732487cbbb995f1b1,5f65f32d26f99a8c7243e7ec0bf75f835d789030,5efd582814984e1c57990d5732487cbbb995f1b1,5,6,313,3310,OK
cross,johnlindquist/kit,1589,1590,CLEAN,false,false,2026-09-16T23:38:22.186930+00:00,current-pr-heads-at-extraction; not frozen replay OIDs,git version 2.50.1 (Apple Git-155),refs/pull/N/head; --no-tags; depth 80; depth 600 retry if no merge base,git -c diff.renames=true -c diff.algorithm=myers diff --no-ext-diff --no-textconv --unified=0; default whitespace; binary paths count as files and contribute zero hunks,4f90a1a2d43301ec6f6d69b968e458efa42500ac,351f3678a6d42757ef6bdfa62b8d0cdb51456fc9,4f90a1a2d43301ec6f6d69b968e458efa42500ac,351f3678a6d42757ef6bdfa62b8d0cdb51456fc9,42dcb24dd90c9cf87f10caa79bcb381954ef5c99,176be59a26fdd23360da5736a5914f38646e2aca,35921f453e40fbd9aa040565478d678bb3328e20,1,1,3,22,OK
cross,huggingface/huggingface_hub,3106,3108,CLEAN,false,false,2026-09-16T23:38:24.581267+00:00,current-pr-heads-at-extraction; not frozen replay OIDs,git version 2.50.1 (Apple Git-155),refs/pull/N/head; --no-tags; depth 80; depth 600 retry if no merge base,git -c diff.renames=true -c diff.algorithm=myers diff --no-ext-diff --no-textconv --unified=0; default whitespace; binary paths count as files and contribute zero hunks,1746c52251b842e541e4ce19861b201e6bee987f,b6fb21b7ea84d7d5f8bc9389304ea5b0e68a25ee,1746c52251b842e541e4ce19861b201e6bee987f,b6fb21b7ea84d7d5f8bc9389304ea5b0e68a25ee,1ebdbf9517797756105058ffd2f92723ff908e46,1ebdbf9517797756105058ffd2f92723ff908e46,1ebdbf9517797756105058ffd2f92723ff908e46,1,6,2,7,OK
cross,Skyscanner/turbolift,173,176,CLEAN,false,false,2026-09-16T23:38:27.678063+00:00,current-pr-heads-at-extraction; not frozen replay OIDs,git version 2.50.1 (Apple Git-155),refs/pull/N/head; --no-tags; depth 80; depth 600 retry if no merge base,git -c diff.renames=true -c diff.algorithm=myers diff --no-ext-diff --no-textconv --unified=0; default whitespace; binary paths count as files and contribute zero hunks,2412b443b0b53e6ce2d5c8162323a67e13a9a257,a19cd0017800fb2f370318fa40c44f8111b859b4,2412b443b0b53e6ce2d5c8162323a67e13a9a257,a19cd0017800fb2f370318fa40c44f8111b859b4,c542eb563273bba0baefd66443eab4a299f1d430,ecd25bf57cb648cc8ea11d6724082036313bdd3c,ecd25bf57cb648cc8ea11d6724082036313bdd3c,3,5,2,4,OK
cross,YunaiV/ruoyi-vue-pro,906,907,CLEAN,false,false,2026-09-16T23:38:30.624095+00:00,current-pr-heads-at-extraction; not frozen replay OIDs,git version 2.50.1 (Apple Git-155),refs/pull/N/head; --no-tags; depth 80; depth 600 retry if no merge base,git -c diff.renames=true -c diff.algorithm=myers diff --no-ext-diff --no-textconv --unified=0; default whitespace; binary paths count as files and contribute zero hunks,2fe2439a69f75d80da996c6bd655a128463ae502,e0e4f3251de5f77b75a501bbacb2bab6f2615a23,2fe2439a69f75d80da996c6bd655a128463ae502,e0e4f3251de5f77b75a501bbacb2bab6f2615a23,68645c2db02d32f13f5ef1d31fbfa7d5a81086ae,68645c2db02d32f13f5ef1d31fbfa7d5a81086ae,68645c2db02d32f13f5ef1d31fbfa7d5a81086ae,1,33,8,10,OK
cross,tldraw/tldraw,6214,6284,CLEAN,false,false,2026-09-16T23:38:41.236907+00:00,current-pr-heads-at-extraction; not frozen replay OIDs,git version 2.50.1 (Apple Git-155),refs/pull/N/head; --no-tags; depth 80; depth 600 retry if no merge base,git -c diff.renames=true -c diff.algorithm=myers diff --no-ext-diff --no-textconv --unified=0; default whitespace; binary paths count as files and contribute zero hunks,a7cd3b9d6e8d0568169aa1264ddb4da89d10404c,9a83e195e79c28047a25da7b870aab15d18b6556,a7cd3b9d6e8d0568169aa1264ddb4da89d10404c,9a83e195e79c28047a25da7b870aab15d18b6556,e7ebd007cb8cb2888aa54fe8f80d7bd1684fc4e8,2fd35d3512d4ab2b37a426b01aa479f911c6b1cf,2465f32acca232c06382172d93bfe81cbaebbd7c,9,15,324,1248,OK
cross,mlflow/mlflow,16057,16442,CONFLICT,true,true,2026-09-16T23:38:59.315508+00:00,current-pr-heads-at-extraction; not frozen replay OIDs,git version 2.50.1 (Apple Git-155),refs/pull/N/head; --no-tags; depth 80; depth 600 retry if no merge base,git -c diff.renames=true -c diff.algorithm=myers diff --no-ext-diff --no-textconv --unified=0; default whitespace; binary paths count as files and contribute zero hunks,9073d21cb9640fc6014230be9bfdca93b2614e9c,3068f9eb19a127f86fe4b25fbb9ef94bcf29c666,9073d21cb9640fc6014230be9bfdca93b2614e9c,3068f9eb19a127f86fe4b25fbb9ef94bcf29c666,8d387129431fda4f4d01abd6401fb13007e81bd9,39a26815c059e352c6bc09fa23d1f5d3a99e545d,7685fbde34f7795878dcf9ca95e35da25e739748,3,5,728,3631,OK
cross,liveblocks/liveblocks,2522,2523,CLEAN,false,false,2026-09-16T23:40:55.160756+00:00,current-pr-heads-at-extraction; not frozen replay OIDs,git version 2.50.1 (Apple Git-155),refs/pull/N/head; --no-tags; depth 80; depth 600 retry if no merge base,git -c diff.renames=true -c diff.algorithm=myers diff --no-ext-diff --no-textconv --unified=0; default whitespace; binary paths count as files and contribute zero hunks,250a8e9a0347e67323a035e9b28144ce91cba44a,c63c39d6dc72942a65832746b5a5fa1c9e038de4,250a8e9a0347e67323a035e9b28144ce91cba44a,c63c39d6dc72942a65832746b5a5fa1c9e038de4,e934a66fe96ff568f05304e58dec73ae388cc782,e934a66fe96ff568f05304e58dec73ae388cc782,e934a66fe96ff568f05304e58dec73ae388cc782,3,5,3,3,OK
cross,faros-ai/airbyte-connectors,2142,2143,UNAVAIL_fetch,false,false,2026-09-16T23:41:09.282698+00:00,current-pr-heads-at-extraction; not frozen replay OIDs,git version 2.50.1 (Apple Git-155),refs/pull/N/head; --no-tags; depth 80; depth 600 retry if no merge base,git -c diff.renames=true -c diff.algorithm=myers diff --no-ext-diff --no-textconv --unified=0; default whitespace; binary paths count as files and contribute zero hunks,,,,,,,,,,,,UNAVAIL_fetch
cross,novuhq/novu,8441,8443,CLEAN,false,false,2026-09-16T23:41:09.282946+00:00,current-pr-heads-at-extraction; not frozen replay OIDs,git version 2.50.1 (Apple Git-155),refs/pull/N/head; --no-tags; depth 80; depth 600 retry if no merge base,git -c diff.renames=true -c diff.algorithm=myers diff --no-ext-diff --no-textconv --unified=0; default whitespace; binary paths count as files and contribute zero hunks,7e6b3da135a0db2f0eb104f7cd171b4d19640c48,ce3843425b6d6f8574d29f21e5ae053ddeea9741,7e6b3da135a0db2f0eb104f7cd171b4d19640c48,ce3843425b6d6f8574d29f21e5ae053ddeea9741,d282e6c2e365311fb841f37f1b94d65ff325eb0e,180a08cf99c943cf36f52e17b5d339262de5a82f,180a08cf99c943cf36f52e17b5d339262de5a82f,10,194,5,147,OK
cross,onflow/flow-go,7551,7555,CONFLICT,true,true,2026-09-16T23:41:13.572108+00:00,current-pr-heads-at-extraction; not frozen replay OIDs,git version 2.50.1 (Apple Git-155),refs/pull/N/head; --no-tags; depth 80; depth 600 retry if no merge base,git -c diff.renames=true -c diff.algorithm=myers diff --no-ext-diff --no-textconv --unified=0; default whitespace; binary paths count as files and contribute zero hunks,805121979fe0f59304bcd939667de06d28cc7c1c,f1de42cd50397b0dd139bf10a831893c0a1c089a,805121979fe0f59304bcd939667de06d28cc7c1c,f1de42cd50397b0dd139bf10a831893c0a1c089a,9c74b832c3bf97b5b9f7be3e988f0aa994a9db5b,fade0c295c1074fae3b81702d1a3b52c90d53082,9c74b832c3bf97b5b9f7be3e988f0aa994a9db5b,22,91,75,210,OK
cross,softmaple/softmaple,244,246,CONFLICT,true,true,2026-09-16T23:41:32.821334+00:00,current-pr-heads-at-extraction; not frozen replay OIDs,git version 2.50.1 (Apple Git-155),refs/pull/N/head; --no-tags; depth 80; depth 600 retry if no merge base,git -c diff.renames=true -c diff.algorithm=myers diff --no-ext-diff --no-textconv --unified=0; default whitespace; binary paths count as files and contribute zero hunks,9d6a2f676d2f89818a30d50d9519e1724d0cb475,8df3d00a91221a2fe2386380ee5ecab7fc136616,9d6a2f676d2f89818a30d50d9519e1724d0cb475,8df3d00a91221a2fe2386380ee5ecab7fc136616,ca011d121671c2a11a5e2abc30c3d0f4e2a1ef70,ca011d121671c2a11a5e2abc30c3d0f4e2a1ef70,ca011d121671c2a11a5e2abc30c3d0f4e2a1ef70,12,28,3,3,OK
cross,ElectNewt/Distribt,44,48,CLEAN,false,false,2026-09-16T23:41:36.133051+00:00,current-pr-heads-at-extraction; not frozen replay OIDs,git version 2.50.1 (Apple Git-155),refs/pull/N/head; --no-tags; depth 80; depth 600 retry if no merge base,git -c diff.renames=true -c diff.algorithm=myers diff --no-ext-diff --no-textconv --unified=0; default whitespace; binary paths count as files and contribute zero hunks,220b405a7656ed90cc60852cfe320761af0284a5,e4b89ecf8c60ba9d5404bb24a23a9668200cc0b9,220b405a7656ed90cc60852cfe320761af0284a5,e4b89ecf8c60ba9d5404bb24a23a9668200cc0b9,705cbf93b5edcc5bd7abd4a4841144542751cfee,7b384ebbd7da7ee925e03c14aad846c90954b009,705cbf93b5edcc5bd7abd4a4841144542751cfee,15,25,13,27,OK
cross,skypilot-org/skypilot,5796,6067,CLEAN,false,false,2026-09-16T23:41:38.470114+00:00,current-pr-heads-at-extraction; not frozen replay OIDs,git version 2.50.1 (Apple Git-155),refs/pull/N/head; --no-tags; depth 80; depth 600 retry if no merge base,git -c diff.renames=true -c diff.algorithm=myers diff --no-ext-diff --no-textconv --unified=0; default whitespace; binary paths count as files and contribute zero hunks,5ab20340135d47917a581e685b0763a042a220e4,99dcd6f196d98187453583f71a928fc386bfe08b,5ab20340135d47917a581e685b0763a042a220e4,99dcd6f196d98187453583f71a928fc386bfe08b,687edf041d231b7f5003d7bc24c12e3eddd69fae,148866becb4c4a54f16e770377e351f7a171633e,687edf041d231b7f5003d7bc24c12e3eddd69fae,5,60,421,3716,OK
cross,airbytehq/airbyte,61490,61695,UNAVAIL_nobase,false,false,2026-09-16T23:41:47.317242+00:00,current-pr-heads-at-extraction; not frozen replay OIDs,git version 2.50.1 (Apple Git-155),refs/pull/N/head; --no-tags; depth 80; depth 600 retry if no merge base,git -c diff.renames=true -c diff.algorithm=myers diff --no-ext-diff --no-textconv --unified=0; default whitespace; binary paths count as files and contribute zero hunks,,,,,,,,,,,,UNAVAIL_nobase
cross,PRQL/prql,5286,5287,CLEAN,false,false,2026-09-16T23:41:47.317439+00:00,current-pr-heads-at-extraction; not frozen replay OIDs,git version 2.50.1 (Apple Git-155),refs/pull/N/head; --no-tags; depth 80; depth 600 retry if no merge base,git -c diff.renames=true -c diff.algorithm=myers diff --no-ext-diff --no-textconv --unified=0; default whitespace; binary paths count as files and contribute zero hunks,a625081881d53f3af75ae17fb0cd82ed0f16c938,b48afed955913c3f61aa1040b9dd95186db41449,a625081881d53f3af75ae17fb0cd82ed0f16c938,b48afed955913c3f61aa1040b9dd95186db41449,1a81b3a5470bdce307a26b7664fe723418dec1b8,8fe9f03c72df79b7ce021303999efdf0a15d86e3,8fe9f03c72df79b7ce021303999efdf0a15d86e3,38,189,1,1,OK
cross,manifoldmarkets/manifold,3582,3599,CLEAN,false,false,2026-09-16T23:41:50.160403+00:00,current-pr-heads-at-extraction; not frozen replay OIDs,git version 2.50.1 (Apple Git-155),refs/pull/N/head; --no-tags; depth 80; depth 600 retry if no merge base,git -c diff.renames=true -c diff.algorithm=myers diff --no-ext-diff --no-textconv --unified=0; default whitespace; binary paths count as files and contribute zero hunks,7cda958f75578726e87421747e56d89cba13f419,4dd4ac9e2141151222667630a497919ff4dfdee4,7cda958f75578726e87421747e56d89cba13f419,4dd4ac9e2141151222667630a497919ff4dfdee4,d0f245d144420e3db013b9fc6671c2ef8577796c,1413c780ef6b191a7e282ea91aa58f7591dc0d6c,d0f245d144420e3db013b9fc6671c2ef8577796c,1,1,163,843,OK
cross,ar-io/ar-io-node,398,426,CLEAN,false,false,2026-09-16T23:42:00.579719+00:00,current-pr-heads-at-extraction; not frozen replay OIDs,git version 2.50.1 (Apple Git-155),refs/pull/N/head; --no-tags; depth 80; depth 600 retry if no merge base,git -c diff.renames=true -c diff.algorithm=myers diff --no-ext-diff --no-textconv --unified=0; default whitespace; binary paths count as files and contribute zero hunks,25aec6f4207620b3a23a6d6cb82452d4ba56e9c4,0a4f82581c0e9cc238b3f98ca6b3fab407e28b7b,25aec6f4207620b3a23a6d6cb82452d4ba56e9c4,0a4f82581c0e9cc238b3f98ca6b3fab407e28b7b,c2f885195fbd974b3fbd94125974e10c7a2fed1c,0e13def192e3caa603f0a4d7ca7cc0682efdb4ba,c2f885195fbd974b3fbd94125974e10c7a2fed1c,1,1,54,1636,OK
cross,oven-sh/bun,19743,20217,CLEAN,false,false,2026-09-16T23:42:05.740860+00:00,current-pr-heads-at-extraction; not frozen replay OIDs,git version 2.50.1 (Apple Git-155),refs/pull/N/head; --no-tags; depth 80; depth 600 retry if no merge base,git -c diff.renames=true -c diff.algorithm=myers diff --no-ext-diff --no-textconv --unified=0; default whitespace; binary paths count as files and contribute zero hunks,f543a91a394ad63c3e12f5426245b2032788fad3,9a1e0754ef8e4e930ddc9b6d5e765010402c96de,f543a91a394ad63c3e12f5426245b2032788fad3,9a1e0754ef8e4e930ddc9b6d5e765010402c96de,2c5e9e5532391616a513c46f6401d36027676718,f62940bbdaa7df8738093d78ca490567caf052d2,2c5e9e5532391616a513c46f6401d36027676718,1,1,1099,5494,OK
cross,odigos-io/odigos,2962,3049,CONFLICT,true,false,2026-09-16T23:42:22.360122+00:00,current-pr-heads-at-extraction; not frozen replay OIDs,git version 2.50.1 (Apple Git-155),refs/pull/N/head; --no-tags; depth 80; depth 600 retry if no merge base,git -c diff.renames=true -c diff.algorithm=myers diff --no-ext-diff --no-textconv --unified=0; default whitespace; binary paths count as files and contribute zero hunks,82039f51da61fa0ad2a4b6f675c65f4ddabbcce1,d3ed10981b00a8e5e914cecdb53ea666b844a851,82039f51da61fa0ad2a4b6f675c65f4ddabbcce1,d3ed10981b00a8e5e914cecdb53ea666b844a851,816e76a81b9cd4efad3a98df339c74b59440cf01,fea6b117cd54aee926eb25ebe617eef2036c1f53,816e76a81b9cd4efad3a98df339c74b59440cf01,39,109,266,970,OK
cross,openfga/openfga,2563,2565,CONFLICT,true,true,2026-09-16T23:42:25.107288+00:00,current-pr-heads-at-extraction; not frozen replay OIDs,git version 2.50.1 (Apple Git-155),refs/pull/N/head; --no-tags; depth 80; depth 600 retry if no merge base,git -c diff.renames=true -c diff.algorithm=myers diff --no-ext-diff --no-textconv --unified=0; default whitespace; binary paths count as files and contribute zero hunks,6c5bd3c3faa802744f001bc5dfa69bc17c17f560,8579d7349002fe225fb31b426c651efcd6afd96e,6c5bd3c3faa802744f001bc5dfa69bc17c17f560,8579d7349002fe225fb31b426c651efcd6afd96e,6a8123602861ab1fb8745076c89918aec5961bb0,547880795dcf7639a8a2f9f1c786857456487f52,6a8123602861ab1fb8745076c89918aec5961bb0,5,21,22,120,OK
cross,gtg922r/obsidian-numerals,100,102,CLEAN,false,false,2026-09-16T23:42:27.628140+00:00,current-pr-heads-at-extraction; not frozen replay OIDs,git version 2.50.1 (Apple Git-155),refs/pull/N/head; --no-tags; depth 80; depth 600 retry if no merge base,git -c diff.renames=true -c diff.algorithm=myers diff --no-ext-diff --no-textconv --unified=0; default whitespace; binary paths count as files and contribute zero hunks,3046dc5a41bd3bf0226d0ee60c6fa2b9aea1240b,6df200f00aa7c9354d553840b241d02df2a8ef21,3046dc5a41bd3bf0226d0ee60c6fa2b9aea1240b,6df200f00aa7c9354d553840b241d02df2a8ef21,b4519469500b7b7cdb6f2b34f63e2d87c807af28,c4537cb02b40c5e9cb04289e4cf0aae016aaf4f6,3046dc5a41bd3bf0226d0ee60c6fa2b9aea1240b,0,0,5,12,OK
cross,jdx/mise,5638,5828,CONFLICT,true,true,2026-09-16T23:42:30.190931+00:00,current-pr-heads-at-extraction; not frozen replay OIDs,git version 2.50.1 (Apple Git-155),refs/pull/N/head; --no-tags; depth 80; depth 600 retry if no merge base,git -c diff.renames=true -c diff.algorithm=myers diff --no-ext-diff --no-textconv --unified=0; default whitespace; binary paths count as files and contribute zero hunks,0faffcbd02bfbed04443021ebd6633762635e871,d11b94091059ba78bbfa0fe346a18c7d9db21ea2,0faffcbd02bfbed04443021ebd6633762635e871,d11b94091059ba78bbfa0fe346a18c7d9db21ea2,16af9f3df6d5976a778462ecf1772de238410b8f,74271e1659f2d6950ddea7a897b21805ac02cacc,74271e1659f2d6950ddea7a897b21805ac02cacc,65,326,1,3,OK
cross,coder/coder,18587,18634,CLEAN,false,false,2026-09-16T23:42:32.758101+00:00,current-pr-heads-at-extraction; not frozen replay OIDs,git version 2.50.1 (Apple Git-155),refs/pull/N/head; --no-tags; depth 80; depth 600 retry if no merge base,git -c diff.renames=true -c diff.algorithm=myers diff --no-ext-diff --no-textconv --unified=0; default whitespace; binary paths count as files and contribute zero hunks,fcddd92b1f6c60ecff04483b0c74c5ba84d1ed36,44928e5ebda498c592dc577ba6d60f9add81e434,fcddd92b1f6c60ecff04483b0c74c5ba84d1ed36,44928e5ebda498c592dc577ba6d60f9add81e434,6c713d5c209dce8d4abad01f7b9be13c6942c840,d26d0fc2696afc084c1dbf13f890b4720182b36c,5ed0c7abcb4623c27cef04c79eac9c6e98c9e948,264,1195,8,9,OK
cross,get-convex/convex-helpers,516,600,CONFLICT,true,true,2026-09-16T23:42:46.138735+00:00,current-pr-heads-at-extraction; not frozen replay OIDs,git version 2.50.1 (Apple Git-155),refs/pull/N/head; --no-tags; depth 80; depth 600 retry if no merge base,git -c diff.renames=true -c diff.algorithm=myers diff --no-ext-diff --no-textconv --unified=0; default whitespace; binary paths count as files and contribute zero hunks,162cb25de3d405328fc3b244c69175abce08464d,80a232662b3935ea5fd8765f88d5e366986250a0,162cb25de3d405328fc3b244c69175abce08464d,80a232662b3935ea5fd8765f88d5e366986250a0,defbc4f99b046875dc7d6cd2bfa7204ce5cf5077,ab72e9c3d9ed428099272dcc29de88970834e807,c4caac1cee918ddccfc6624efa1e52cbb478077c,5,13,23,200,OK
cross,langbot-app/LangBot,1407,1514,CLEAN,false,false,2026-09-16T23:42:48.537951+00:00,current-pr-heads-at-extraction; not frozen replay OIDs,git version 2.50.1 (Apple Git-155),refs/pull/N/head; --no-tags; depth 80; depth 600 retry if no merge base,git -c diff.renames=true -c diff.algorithm=myers diff --no-ext-diff --no-textconv --unified=0; default whitespace; binary paths count as files and contribute zero hunks,46f93d3913020d7c83c3a82136ce2283e0084962,80a25eab41a2bce5e98a7d422521fecd10951d27,46f93d3913020d7c83c3a82136ce2283e0084962,80a25eab41a2bce5e98a7d422521fecd10951d27,18c708da581ecea910e4256ee8999e84013493f0,f5a45036102e85383cb173f70aee4551623af841,cd68760c75221935ef956aaf35ffd9429f037561,5,5,204,1012,OK
cross,risingwavelabs/risingwave,21925,22637,CLEAN,false,false,2026-09-16T23:42:55.073237+00:00,current-pr-heads-at-extraction; not frozen replay OIDs,git version 2.50.1 (Apple Git-155),refs/pull/N/head; --no-tags; depth 80; depth 600 retry if no merge base,git -c diff.renames=true -c diff.algorithm=myers diff --no-ext-diff --no-textconv --unified=0; default whitespace; binary paths count as files and contribute zero hunks,e72dbfa699b09c89562e7d9ad31d13e834545002,c0539736b51ce4fca8899831b5df10b69ff72eaf,e72dbfa699b09c89562e7d9ad31d13e834545002,c0539736b51ce4fca8899831b5df10b69ff72eaf,95d7e237ed7e51024c330755a1d90aa65838dc39,20a9de07eb2761fed58904acb4100d3e659c781d,95d7e237ed7e51024c330755a1d90aa65838dc39,1,5,1045,6658,OK
cross,quarylabs/sqruff,1643,1664,CONFLICT,true,false,2026-09-16T23:43:05.899688+00:00,current-pr-heads-at-extraction; not frozen replay OIDs,git version 2.50.1 (Apple Git-155),refs/pull/N/head; --no-tags; depth 80; depth 600 retry if no merge base,git -c diff.renames=true -c diff.algorithm=myers diff --no-ext-diff --no-textconv --unified=0; default whitespace; binary paths count as files and contribute zero hunks,9f7d8fcf4b1331b8f7874bfdddb191606b6732c6,4490e8b240feef244fc87789a50cc07926b0acc9,9f7d8fcf4b1331b8f7874bfdddb191606b6732c6,4490e8b240feef244fc87789a50cc07926b0acc9,d149ac88750cb5653d0b6a54a3881ae16b69a90e,aed2bd93415ad0fc81fe4b530d5435997e713ba7,aed2bd93415ad0fc81fe4b530d5435997e713ba7,141,389,50,80,OK
cross,formbricks/formbricks,6082,6085,CLEAN,false,false,2026-09-16T23:43:10.119748+00:00,current-pr-heads-at-extraction; not frozen replay OIDs,git version 2.50.1 (Apple Git-155),refs/pull/N/head; --no-tags; depth 80; depth 600 retry if no merge base,git -c diff.renames=true -c diff.algorithm=myers diff --no-ext-diff --no-textconv --unified=0; default whitespace; binary paths count as files and contribute zero hunks,272846a7ad6a26b9a3d947b0e2df19cfeefd4daa,142f4224c6a417b45d7c743f8ff0c4f1d93b4879,272846a7ad6a26b9a3d947b0e2df19cfeefd4daa,142f4224c6a417b45d7c743f8ff0c4f1d93b4879,22eb0b79ee3ec459506ff5dc76f02b1b85793b4b,22eb0b79ee3ec459506ff5dc76f02b1b85793b4b,5eb7a496da077540f3b9cbebc2408b2679a16432,7,22,5,7,OK
cross,elsa-workflows/elsa-studio,521,526,CONFLICT,true,false,2026-09-16T23:43:20.979049+00:00,current-pr-heads-at-extraction; not frozen replay OIDs,git version 2.50.1 (Apple Git-155),refs/pull/N/head; --no-tags; depth 80; depth 600 retry if no merge base,git -c diff.renames=true -c diff.algorithm=myers diff --no-ext-diff --no-textconv --unified=0; default whitespace; binary paths count as files and contribute zero hunks,c642f03bfb9df0b78a6fb63d223b4669d117f972,f42d94d35de62c7f0c8c67449be5256ae0820856,c642f03bfb9df0b78a6fb63d223b4669d117f972,f42d94d35de62c7f0c8c67449be5256ae0820856,8d28e8474ef443ffdabb71735376a7fb5530950b,045082c5ce8c17a11ffec1baca1c6e9e668f9b11,bbbbf58d0a1d7774437f6cc02e3e396d861aa966,160,401,29,93,OK
cross,shiosyakeyakini-info/miria,750,764,CONFLICT,true,true,2026-09-16T23:43:23.529301+00:00,current-pr-heads-at-extraction; not frozen replay OIDs,git version 2.50.1 (Apple Git-155),refs/pull/N/head; --no-tags; depth 80; depth 600 retry if no merge base,git -c diff.renames=true -c diff.algorithm=myers diff --no-ext-diff --no-textconv --unified=0; default whitespace; binary paths count as files and contribute zero hunks,f56699d5214139d4e6b535b51bc2fbd275e955d6,b6344e5b52f75c30d515bd4e1025525364c22012,f56699d5214139d4e6b535b51bc2fbd275e955d6,b6344e5b52f75c30d515bd4e1025525364c22012,0c0b8138b01bf8fab7ac63b45425d67a77425c5b,6c368b56f49677e108380140ffdb831c9ebb8f45,b01c83c418528752e4bf6d3656fa1a8c466cb430,8,14,424,4110,OK
cross,sgb-io/fta,236,237,CLEAN,false,false,2026-09-16T23:43:29.225451+00:00,current-pr-heads-at-extraction; not frozen replay OIDs,git version 2.50.1 (Apple Git-155),refs/pull/N/head; --no-tags; depth 80; depth 600 retry if no merge base,git -c diff.renames=true -c diff.algorithm=myers diff --no-ext-diff --no-textconv --unified=0; default whitespace; binary paths count as files and contribute zero hunks,922fd8aa9f6d2b7d0a3a7b59c2b7163501540f93,bdbffa8b4dcce7cce3c8c959e64c37fdd1221158,922fd8aa9f6d2b7d0a3a7b59c2b7163501540f93,bdbffa8b4dcce7cce3c8c959e64c37fdd1221158,92648e9ab04f4c90005f287870bdcf680790cbb3,92648e9ab04f4c90005f287870bdcf680790cbb3,4f10a966d1e6e266a1ca8b3fec8f1d1a4c40cbeb,4,6,4,7,OK
cross,microsoft/vscode,249711,252589,UNAVAIL_nobase,false,false,2026-09-16T23:43:31.595367+00:00,current-pr-heads-at-extraction; not frozen replay OIDs,git version 2.50.1 (Apple Git-155),refs/pull/N/head; --no-tags; depth 80; depth 600 retry if no merge base,git -c diff.renames=true -c diff.algorithm=myers diff --no-ext-diff --no-textconv --unified=0; default whitespace; binary paths count as files and contribute zero hunks,,,,,,,,,,,,UNAVAIL_nobase
cross,vllm-project/vllm,18317,19396,CONFLICT,true,true,2026-09-16T23:43:31.595560+00:00,current-pr-heads-at-extraction; not frozen replay OIDs,git version 2.50.1 (Apple Git-155),refs/pull/N/head; --no-tags; depth 80; depth 600 retry if no merge base,git -c diff.renames=true -c diff.algorithm=myers diff --no-ext-diff --no-textconv --unified=0; default whitespace; binary paths count as files and contribute zero hunks,2e773e55b3e6ca8be35c8277b256b0cda8d5c457,e30d84c12d860299460a99ddbcbcc1df3622eef6,2e773e55b3e6ca8be35c8277b256b0cda8d5c457,e30d84c12d860299460a99ddbcbcc1df3622eef6,9ab2c02ff8ef05cb6c4b2bdc9a4faaee61892450,9af6d22e4c8ef79972911efaab2a68f4b03def2a,9ab2c02ff8ef05cb6c4b2bdc9a4faaee61892450,1,6,1778,7192,OK
cross,langfuse/langfuse,7352,7354,CLEAN,false,false,2026-09-16T23:43:41.205786+00:00,current-pr-heads-at-extraction; not frozen replay OIDs,git version 2.50.1 (Apple Git-155),refs/pull/N/head; --no-tags; depth 80; depth 600 retry if no merge base,git -c diff.renames=true -c diff.algorithm=myers diff --no-ext-diff --no-textconv --unified=0; default whitespace; binary paths count as files and contribute zero hunks,ab8aa2b3ec2f9020f3d8c01cefa87c02dfd27087,a8fde387aad0117f6afd89764c10801b402858d5,ab8aa2b3ec2f9020f3d8c01cefa87c02dfd27087,a8fde387aad0117f6afd89764c10801b402858d5,1f55032c3480db7f25da9a65fa9f3577a6fa5f9c,1f55032c3480db7f25da9a65fa9f3577a6fa5f9c,1f55032c3480db7f25da9a65fa9f3577a6fa5f9c,4,6,1,1,OK
cross,exa-labs/exa-py,81,99,CONFLICT,true,true,2026-09-16T23:43:44.017674+00:00,current-pr-heads-at-extraction; not frozen replay OIDs,git version 2.50.1 (Apple Git-155),refs/pull/N/head; --no-tags; depth 80; depth 600 retry if no merge base,git -c diff.renames=true -c diff.algorithm=myers diff --no-ext-diff --no-textconv --unified=0; default whitespace; binary paths count as files and contribute zero hunks,1b7197434bf302fd5568dbb0d69a8f5fc85d4863,c0f36e29af61aa55b9fd70b7f3271209a4a0f4a8,1b7197434bf302fd5568dbb0d69a8f5fc85d4863,c0f36e29af61aa55b9fd70b7f3271209a4a0f4a8,84d5aaed82a1406b389dbbe85762ad7accca251d,ec82bc43042789b795ddf7ea9d528e108c21ed29,5d71677d76792f7bb360a5503da8347a8009ecf0,2,18,36,308,OK
cross,Sls0n/Prismify,39,42,CONFLICT,true,true,2026-09-16T23:43:46.465879+00:00,current-pr-heads-at-extraction; not frozen replay OIDs,git version 2.50.1 (Apple Git-155),refs/pull/N/head; --no-tags; depth 80; depth 600 retry if no merge base,git -c diff.renames=true -c diff.algorithm=myers diff --no-ext-diff --no-textconv --unified=0; default whitespace; binary paths count as files and contribute zero hunks,fbf7aa7f44e4b72861561ab29f6c920a3856646c,0b9faa4f0c18f56589e3c0685cdd18e13501945e,fbf7aa7f44e4b72861561ab29f6c920a3856646c,0b9faa4f0c18f56589e3c0685cdd18e13501945e,18dc2ede9fe27eccf96373140d8408463484c9c2,c195887290a76a5d98cbe9d056553ed5354ee5ac,c195887290a76a5d98cbe9d056553ed5354ee5ac,7,57,2,11,OK
cross,567-labs/instructor,1636,1650,CLEAN,false,false,2026-09-16T23:43:48.919301+00:00,current-pr-heads-at-extraction; not frozen replay OIDs,git version 2.50.1 (Apple Git-155),refs/pull/N/head; --no-tags; depth 80; depth 600 retry if no merge base,git -c diff.renames=true -c diff.algorithm=myers diff --no-ext-diff --no-textconv --unified=0; default whitespace; binary paths count as files and contribute zero hunks,a46bd5ba0bcdeba0f9f16a77863e5338c0e55de6,15cf33dd5964c2ae62c99d6dd8f56b9296a91f02,a46bd5ba0bcdeba0f9f16a77863e5338c0e55de6,15cf33dd5964c2ae62c99d6dd8f56b9296a91f02,65190a775f9991276fb41d481e57c872d2980e56,05de0f3548ee318f5cb9d9a010cef027147b7443,65190a775f9991276fb41d481e57c872d2980e56,9,14,2,4,OK
cross,Significant-Gravitas/AutoGPT,9958,10340,CONFLICT,true,false,2026-09-16T23:43:57.568776+00:00,current-pr-heads-at-extraction; not frozen replay OIDs,git version 2.50.1 (Apple Git-155),refs/pull/N/head; --no-tags; depth 80; depth 600 retry if no merge base,git -c diff.renames=true -c diff.algorithm=myers diff --no-ext-diff --no-textconv --unified=0; default whitespace; binary paths count as files and contribute zero hunks,c0a32131d431d3fc39657da4fbf92f0ddfe27a25,0f2b7dd11d16aab25fa9865c6799752c0daa8781,c0a32131d431d3fc39657da4fbf92f0ddfe27a25,0f2b7dd11d16aab25fa9865c6799752c0daa8781,83fe8d5b94d4bd871f0cb93cc818ddff289250ab,c451337cb5f6c80f79acfa5d15c34811e621394e,c73c6fe5c380cd1fbe8b64ea3662c86526ea4a5b,1223,6772,1108,5415,OK
cross,514-labs/moose,2466,2499,CLEAN,false,false,2026-09-16T23:44:14.373974+00:00,current-pr-heads-at-extraction; not frozen replay OIDs,git version 2.50.1 (Apple Git-155),refs/pull/N/head; --no-tags; depth 80; depth 600 retry if no merge base,git -c diff.renames=true -c diff.algorithm=myers diff --no-ext-diff --no-textconv --unified=0; default whitespace; binary paths count as files and contribute zero hunks,af386590aa8fcf7e8fd43caeca2486fa98c6456c,24a5f4cc254499aac7ee16d32e01435b04a26212,af386590aa8fcf7e8fd43caeca2486fa98c6456c,24a5f4cc254499aac7ee16d32e01435b04a26212,2646fd9b7f205b9649d4486f564682b76ca3f00b,3ef8157e6b69f90c61cd5d1705b9fd61e97f110d,2646fd9b7f205b9649d4486f564682b76ca3f00b,4,4,220,743,OK
cross,selfxyz/self,727,755,CONFLICT,true,false,2026-09-16T23:44:18.942394+00:00,current-pr-heads-at-extraction; not frozen replay OIDs,git version 2.50.1 (Apple Git-155),refs/pull/N/head; --no-tags; depth 80; depth 600 retry if no merge base,git -c diff.renames=true -c diff.algorithm=myers diff --no-ext-diff --no-textconv --unified=0; default whitespace; binary paths count as files and contribute zero hunks,bcd376cb6a1d241cbf45e9b08a9749a68f2c4806,ce3da82e81d06e8f5c5395eb2f1eae5f2a725985,bcd376cb6a1d241cbf45e9b08a9749a68f2c4806,ce3da82e81d06e8f5c5395eb2f1eae5f2a725985,c3033667064db2bb70f1ce629b4bedc21fa7366c,cb2ef9137e64d07e98e9200490ac5052270d7fae,8801c6c1d793896a778c4b597531bc710995d30c,147,2656,36,115,OK
cross,open-metadata/OpenMetadata,21940,22304,UNAVAIL_fetch,false,false,2026-09-16T23:44:31.145438+00:00,current-pr-heads-at-extraction; not frozen replay OIDs,git version 2.50.1 (Apple Git-155),refs/pull/N/head; --no-tags; depth 80; depth 600 retry if no merge base,git -c diff.renames=true -c diff.algorithm=myers diff --no-ext-diff --no-textconv --unified=0; default whitespace; binary paths count as files and contribute zero hunks,,,,,,,,,,,,UNAVAIL_fetch
cross,HumanSignal/label-studio,7687,7850,CONFLICT,true,true,2026-09-16T23:44:31.145797+00:00,current-pr-heads-at-extraction; not frozen replay OIDs,git version 2.50.1 (Apple Git-155),refs/pull/N/head; --no-tags; depth 80; depth 600 retry if no merge base,git -c diff.renames=true -c diff.algorithm=myers diff --no-ext-diff --no-textconv --unified=0; default whitespace; binary paths count as files and contribute zero hunks,8c7a2a1bdf6bcb46722d7b42bd5b615c59c07b0e,7c5099f43e3c390020e4de0d48b7fdf40a1ec0a0,8c7a2a1bdf6bcb46722d7b42bd5b615c59c07b0e,7c5099f43e3c390020e4de0d48b7fdf40a1ec0a0,1543b6ccaff8880c5ae2ffb6ffac3db1e00f0761,f97405d6b1f41c609a3d0cfdb32be7e3b204b3f9,1e8224dfa263ded33fc872729a3e60b7e7c1518a,3,3,280,943,OK
cross,bruin-data/bruin,760,818,CONFLICT,true,true,2026-09-16T23:47:50.066114+00:00,current-pr-heads-at-extraction; not frozen replay OIDs,git version 2.50.1 (Apple Git-155),refs/pull/N/head; --no-tags; depth 80; depth 600 retry if no merge base,git -c diff.renames=true -c diff.algorithm=myers diff --no-ext-diff --no-textconv --unified=0; default whitespace; binary paths count as files and contribute zero hunks,9febc36892e207684b6151b9d071e488ca588007,4309e0bbb2b61266539a1a8d0269607902e3fa9b,9febc36892e207684b6151b9d071e488ca588007,4309e0bbb2b61266539a1a8d0269607902e3fa9b,5064ef936d2420a174ee190943bc91bd6872c1cd,010848317932afa88bd6dd98ee607d2fdc51dc60,5064ef936d2420a174ee190943bc91bd6872c1cd,6,17,155,775,OK
cross,promptfoo/promptfoo,2956,4050,UNAVAIL_nobase,false,false,2026-09-16T23:48:08.359790+00:00,current-pr-heads-at-extraction; not frozen replay OIDs,git version 2.50.1 (Apple Git-155),refs/pull/N/head; --no-tags; depth 80; depth 600 retry if no merge base,git -c diff.renames=true -c diff.algorithm=myers diff --no-ext-diff --no-textconv --unified=0; default whitespace; binary paths count as files and contribute zero hunks,,,,,,,,,,,,UNAVAIL_nobase
cross,different-ai/note-companion,406,407,CLEAN,false,false,2026-09-16T23:48:08.360019+00:00,current-pr-heads-at-extraction; not frozen replay OIDs,git version 2.50.1 (Apple Git-155),refs/pull/N/head; --no-tags; depth 80; depth 600 retry if no merge base,git -c diff.renames=true -c diff.algorithm=myers diff --no-ext-diff --no-textconv --unified=0; default whitespace; binary paths count as files and contribute zero hunks,cea8433ec4a4bc7a6895b1203b952e1f6127f164,e21d541a24ea802430a7c3406c3b7d522f1d4478,cea8433ec4a4bc7a6895b1203b952e1f6127f164,e21d541a24ea802430a7c3406c3b7d522f1d4478,aacd442ca930d1738ff15b94887f184c75151455,aacd442ca930d1738ff15b94887f184c75151455,aacd442ca930d1738ff15b94887f184c75151455,20,83,2,14,OK
cross,assistant-ui/assistant-ui,2124,2125,CLEAN,false,false,2026-09-16T23:48:16.892447+00:00,current-pr-heads-at-extraction; not frozen replay OIDs,git version 2.50.1 (Apple Git-155),refs/pull/N/head; --no-tags; depth 80; depth 600 retry if no merge base,git -c diff.renames=true -c diff.algorithm=myers diff --no-ext-diff --no-textconv --unified=0; default whitespace; binary paths count as files and contribute zero hunks,c149b1bfd643e9707e11540e35d5055b512708fe,ce2b671d8d463377e12df10f5cd8209e36bb8eb4,c149b1bfd643e9707e11540e35d5055b512708fe,ce2b671d8d463377e12df10f5cd8209e36bb8eb4,75e3c3675ca7266446eadbaf5de423175f654d47,75e3c3675ca7266446eadbaf5de423175f654d47,75e3c3675ca7266446eadbaf5de423175f654d47,1,1,9,11,OK
cross,estruyf/vscode-demo-time,147,157,CONFLICT,true,true,2026-09-16T23:48:20.557462+00:00,current-pr-heads-at-extraction; not frozen replay OIDs,git version 2.50.1 (Apple Git-155),refs/pull/N/head; --no-tags; depth 80; depth 600 retry if no merge base,git -c diff.renames=true -c diff.algorithm=myers diff --no-ext-diff --no-textconv --unified=0; default whitespace; binary paths count as files and contribute zero hunks,07d7cc3f74b5559468b154e9e8ee128f43aa49b3,53fcf802cf21ee04515be4179fd6c278e141c2c5,07d7cc3f74b5559468b154e9e8ee128f43aa49b3,53fcf802cf21ee04515be4179fd6c278e141c2c5,b2751fcd1ef9ec3d9da8bf267ed54aae54c8986a,4a53d7cf27cfe3d721fa7b55b2617f540395a020,4a53d7cf27cfe3d721fa7b55b2617f540395a020,54,97,4,10,OK
cross,langfuse/langfuse-docs,1505,1535,CONFLICT,true,true,2026-09-16T23:48:23.019124+00:00,current-pr-heads-at-extraction; not frozen replay OIDs,git version 2.50.1 (Apple Git-155),refs/pull/N/head; --no-tags; depth 80; depth 600 retry if no merge base,git -c diff.renames=true -c diff.algorithm=myers diff --no-ext-diff --no-textconv --unified=0; default whitespace; binary paths count as files and contribute zero hunks,403e4a7f49d266fd71499f4cc73d17b61f882901,e0b4d3387d9a8de4200256e61257f356936c7b3f,403e4a7f49d266fd71499f4cc73d17b61f882901,e0b4d3387d9a8de4200256e61257f356936c7b3f,87512fee236f4a3c2add348ea0548179c6326951,005c16f3f457b6985985e8709802a66c7c387852,87512fee236f4a3c2add348ea0548179c6326951,3,8,67,212,OK
cross,BerriAI/litellm,13110,13122,CLEAN,false,false,2026-09-16T23:49:22.786208+00:00,current-pr-heads-at-extraction; not frozen replay OIDs,git version 2.50.1 (Apple Git-155),refs/pull/N/head; --no-tags; depth 80; depth 600 retry if no merge base,git -c diff.renames=true -c diff.algorithm=myers diff --no-ext-diff --no-textconv --unified=0; default whitespace; binary paths count as files and contribute zero hunks,f08c41cd07db953fbb5e03d55112c5fd9ae7ef16,496580e7acd8d575f2ccfffd7093c8109cf94e5d,f08c41cd07db953fbb5e03d55112c5fd9ae7ef16,496580e7acd8d575f2ccfffd7093c8109cf94e5d,33f65114b6056d3e43c32e0cc25ad04ec640455f,97d89584c13711abd5506d93d53bce7030d0f0c0,8d49dd66cbc8858c5c2cd6f12f7ffddcfa922c9a,111,732,7,15,OK
cross,bruin-data/ingestr,251,299,CONFLICT,true,true,2026-09-16T23:49:59.495304+00:00,current-pr-heads-at-extraction; not frozen replay OIDs,git version 2.50.1 (Apple Git-155),refs/pull/N/head; --no-tags; depth 80; depth 600 retry if no merge base,git -c diff.renames=true -c diff.algorithm=myers diff --no-ext-diff --no-textconv --unified=0; default whitespace; binary paths count as files and contribute zero hunks,4e98fa9a64361ddfb02cc934a8168062f2721024,4ce7f03f1e42e4a4ef03a3988f79af9b001ad809,4e98fa9a64361ddfb02cc934a8168062f2721024,4ce7f03f1e42e4a4ef03a3988f79af9b001ad809,4121499704dcad1dfc451eec61156d48f840e070,a8f16b7c59a15fde1c868cd1f34694234be1594e,4121499704dcad1dfc451eec61156d48f840e070,8,13,45,194,OK
cross,unsend-dev/unsend,170,189,CLEAN,false,false,2026-09-16T23:50:03.630317+00:00,current-pr-heads-at-extraction; not frozen replay OIDs,git version 2.50.1 (Apple Git-155),refs/pull/N/head; --no-tags; depth 80; depth 600 retry if no merge base,git -c diff.renames=true -c diff.algorithm=myers diff --no-ext-diff --no-textconv --unified=0; default whitespace; binary paths count as files and contribute zero hunks,99567d1a4d11ad59a40d8ca7c9754efb6196886b,dfc41bbd6e7b93474d36a5cc02000aa443b8786c,99567d1a4d11ad59a40d8ca7c9754efb6196886b,dfc41bbd6e7b93474d36a5cc02000aa443b8786c,04a3a12d4083feeef0f16a2d7be6a4637b073776,c1431e4af11ddaa6fab20bd705abb96f3420bbf7,04a3a12d4083feeef0f16a2d7be6a4637b073776,1,4,41,177,OK
cross,Helicone/helicone,3875,4046,CLEAN,false,false,2026-09-16T23:50:07.814101+00:00,current-pr-heads-at-extraction; not frozen replay OIDs,git version 2.50.1 (Apple Git-155),refs/pull/N/head; --no-tags; depth 80; depth 600 retry if no merge base,git -c diff.renames=true -c diff.algorithm=myers diff --no-ext-diff --no-textconv --unified=0; default whitespace; binary paths count as files and contribute zero hunks,ca9473607b4943be3dfd015465633893fac3ab81,7a3aa5c86b554c89c9a6e5a8eb7e16d7c39fc3ef,ca9473607b4943be3dfd015465633893fac3ab81,7a3aa5c86b554c89c9a6e5a8eb7e16d7c39fc3ef,bc88d034a406b02bb8097545c694a94386209414,9408617b4f7f1a6b61d1bbacac8221fa5f0d85bc,bc88d034a406b02bb8097545c694a94386209414,3,3,797,3438,OK
cross,moonbitlang/core,2267,2422,CONFLICT,true,true,2026-09-16T23:51:39.931036+00:00,current-pr-heads-at-extraction; not frozen replay OIDs,git version 2.50.1 (Apple Git-155),refs/pull/N/head; --no-tags; depth 80; depth 600 retry if no merge base,git -c diff.renames=true -c diff.algorithm=myers diff --no-ext-diff --no-textconv --unified=0; default whitespace; binary paths count as files and contribute zero hunks,c0e0667892bcc86fbab78a18e574a592403f6e1a,9af401facf87cfc968a6a92aeace9e60cb4e62a5,c0e0667892bcc86fbab78a18e574a592403f6e1a,9af401facf87cfc968a6a92aeace9e60cb4e62a5,8d88dd7e3337e9d56c419c450e3ab637c4fdfd6f,e951f80082f92ea45d013ef1a299d73a3ece8e15,e951f80082f92ea45d013ef1a299d73a3ece8e15,313,2180,6,18,OK
cross,AgentOps-AI/agentops,1064,1065,CLEAN,false,false,2026-09-16T23:51:45.525523+00:00,current-pr-heads-at-extraction; not frozen replay OIDs,git version 2.50.1 (Apple Git-155),refs/pull/N/head; --no-tags; depth 80; depth 600 retry if no merge base,git -c diff.renames=true -c diff.algorithm=myers diff --no-ext-diff --no-textconv --unified=0; default whitespace; binary paths count as files and contribute zero hunks,c3ff7af2d48a618d8de3f92cab0e63c3119ed265,4ae597307a990982f5e08f80f28804c3e981ce03,c3ff7af2d48a618d8de3f92cab0e63c3119ed265,4ae597307a990982f5e08f80f28804c3e981ce03,d6c05373d0ee81c2c45899061c8f9fad3e281db2,f9a01c7b57bc846c775d2342a9522c46202ec52d,f9a01c7b57bc846c775d2342a9522c46202ec52d,8,16,1,1,OK
cross,dcSpark/shinkai-local-ai-agents,901,902,CLEAN,false,false,2026-09-16T23:52:01.492018+00:00,current-pr-heads-at-extraction; not frozen replay OIDs,git version 2.50.1 (Apple Git-155),refs/pull/N/head; --no-tags; depth 80; depth 600 retry if no merge base,git -c diff.renames=true -c diff.algorithm=myers diff --no-ext-diff --no-textconv --unified=0; default whitespace; binary paths count as files and contribute zero hunks,1649e81bdf0ebea45ecdd1f99f7788c5bef729d3,c241d09f506c6ee36f58a485fffcb32da6303b7d,1649e81bdf0ebea45ecdd1f99f7788c5bef729d3,c241d09f506c6ee36f58a485fffcb32da6303b7d,3fbc631683061ffd0b0f2b8751edc4a1f268f65b,3fbc631683061ffd0b0f2b8751edc4a1f268f65b,3fbc631683061ffd0b0f2b8751edc4a1f268f65b,2,3,1,1,OK
cross,MervinPraison/PraisonAI,984,1021,CLEAN,false,false,2026-09-16T23:52:17.024576+00:00,current-pr-heads-at-extraction; not frozen replay OIDs,git version 2.50.1 (Apple Git-155),refs/pull/N/head; --no-tags; depth 80; depth 600 retry if no merge base,git -c diff.renames=true -c diff.algorithm=myers diff --no-ext-diff --no-textconv --unified=0; default whitespace; binary paths count as files and contribute zero hunks,fda1ca33e48be65bf0d7bc4cfc968fb2f8cf2a69,a0e58744debe2aa716f14156b3dbb8b38bd06e08,fda1ca33e48be65bf0d7bc4cfc968fb2f8cf2a69,a0e58744debe2aa716f14156b3dbb8b38bd06e08,63286ff1062129e0d65a3488a75349c452e648e0,52d2a565ed1e51a524ad468f30780410fc5fbcb2,63286ff1062129e0d65a3488a75349c452e648e0,1,4,93,197,OK
cross,vltpkg/vltpkg,851,852,CLEAN,false,false,2026-09-16T23:52:25.703104+00:00,current-pr-heads-at-extraction; not frozen replay OIDs,git version 2.50.1 (Apple Git-155),refs/pull/N/head; --no-tags; depth 80; depth 600 retry if no merge base,git -c diff.renames=true -c diff.algorithm=myers diff --no-ext-diff --no-textconv --unified=0; default whitespace; binary paths count as files and contribute zero hunks,c79ea25d8d3ac5fd4a1741572a593fa7f78da7ea,29a1032e0db356af64ad47a951b67780e19888b9,c79ea25d8d3ac5fd4a1741572a593fa7f78da7ea,29a1032e0db356af64ad47a951b67780e19888b9,7a35fd261b212280d986e88f0b7e22e000f5c13e,395be19c5c99f7673de7c5512a25f5d070d0199a,7a35fd261b212280d986e88f0b7e22e000f5c13e,15,21,55,166,OK
cross,ai-shifu/ai-shifu,465,475,CLEAN,false,false,2026-09-16T23:52:31.142684+00:00,current-pr-heads-at-extraction; not frozen replay OIDs,git version 2.50.1 (Apple Git-155),refs/pull/N/head; --no-tags; depth 80; depth 600 retry if no merge base,git -c diff.renames=true -c diff.algorithm=myers diff --no-ext-diff --no-textconv --unified=0; default whitespace; binary paths count as files and contribute zero hunks,3292a630519621b3e9758265e3f8b2c8145c76e9,42856fca118ebf627b635063324d855ef60e9f49,3292a630519621b3e9758265e3f8b2c8145c76e9,42856fca118ebf627b635063324d855ef60e9f49,3ad24d9ddd5a4c8eb7e6bbc30ba9a0a4dc430aaa,9ec5824a8c5f85ac43f959712b7e44d6c063db5e,3ad24d9ddd5a4c8eb7e6bbc30ba9a0a4dc430aaa,11,58,64,592,OK
cross,unclecode/crawl4ai,1124,1152,CLEAN,false,false,2026-09-16T23:52:34.381904+00:00,current-pr-heads-at-extraction; not frozen replay OIDs,git version 2.50.1 (Apple Git-155),refs/pull/N/head; --no-tags; depth 80; depth 600 retry if no merge base,git -c diff.renames=true -c diff.algorithm=myers diff --no-ext-diff --no-textconv --unified=0; default whitespace; binary paths count as files and contribute zero hunks,60290971144acd9e367bc216f1337c4db73b721c,c8d28316b95412f610d42ace29a03f8a58846368,60290971144acd9e367bc216f1337c4db73b721c,c8d28316b95412f610d42ace29a03f8a58846368,85ac6fa5239252a5ec289a1f1f1e5dafaeee4e2e,1c5e76d51a4d084e6e9bf34fc6e9ae81a4f10b23,897e0173618d20fea5d8952ccdbcdad0febc0fee,4,10,2,3,OK
cross,zuplo/zudoku,1114,1115,CLEAN,false,false,2026-09-16T23:52:38.313665+00:00,current-pr-heads-at-extraction; not frozen replay OIDs,git version 2.50.1 (Apple Git-155),refs/pull/N/head; --no-tags; depth 80; depth 600 retry if no merge base,git -c diff.renames=true -c diff.algorithm=myers diff --no-ext-diff --no-textconv --unified=0; default whitespace; binary paths count as files and contribute zero hunks,cd9726767562b0aae7838ac05a5b68f390fcfc15,0f94ff4161cfd7364aa331280eef3efd1d7f5c28,cd9726767562b0aae7838ac05a5b68f390fcfc15,0f94ff4161cfd7364aa331280eef3efd1d7f5c28,9cf1b94a5128e0f4f819ce60b52d7011ea8dd25b,9cf1b94a5128e0f4f819ce60b52d7011ea8dd25b,9cf1b94a5128e0f4f819ce60b52d7011ea8dd25b,0,0,7,22,OK
cross,elizaOS/eliza,5565,5572,CLEAN,false,false,2026-09-16T23:52:42.731482+00:00,current-pr-heads-at-extraction; not frozen replay OIDs,git version 2.50.1 (Apple Git-155),refs/pull/N/head; --no-tags; depth 80; depth 600 retry if no merge base,git -c diff.renames=true -c diff.algorithm=myers diff --no-ext-diff --no-textconv --unified=0; default whitespace; binary paths count as files and contribute zero hunks,6e98235381daba0c4b21b9892f8fa0f6a620bd09,7c577ecf951b16ac6c834280a6ba2892f270dd0b,6e98235381daba0c4b21b9892f8fa0f6a620bd09,7c577ecf951b16ac6c834280a6ba2892f270dd0b,1539fd15d007f1da02c628d5a7852c0c14c53f5b,8be069bdb4433d1409b4da6c9846dc7ec2acb05f,c7604a87268c059c416ef7c62846e6f0d6147d74,54,293,4,20,OK
cross,liam-hq/liam,1599,1610,CLEAN,false,false,2026-09-16T23:52:48.150575+00:00,current-pr-heads-at-extraction; not frozen replay OIDs,git version 2.50.1 (Apple Git-155),refs/pull/N/head; --no-tags; depth 80; depth 600 retry if no merge base,git -c diff.renames=true -c diff.algorithm=myers diff --no-ext-diff --no-textconv --unified=0; default whitespace; binary paths count as files and contribute zero hunks,3dc9b277ee467e229720bb1c0bd533b3c00391d3,d6e0df6d133bee28d6e53b271bcfda2a075a2fc2,3dc9b277ee467e229720bb1c0bd533b3c00391d3,d6e0df6d133bee28d6e53b271bcfda2a075a2fc2,ab6152c9bf848aa125f7a3e6ff2f129a8ec9287e,e9b80459606a84787c96b5ae8943cec0aa158fc3,d6e0df6d133bee28d6e53b271bcfda2a075a2fc2,33,2142,0,0,OK
cross,giselles-ai/giselle,870,902,CLEAN,false,false,2026-09-16T23:53:06.605604+00:00,current-pr-heads-at-extraction; not frozen replay OIDs,git version 2.50.1 (Apple Git-155),refs/pull/N/head; --no-tags; depth 80; depth 600 retry if no merge base,git -c diff.renames=true -c diff.algorithm=myers diff --no-ext-diff --no-textconv --unified=0; default whitespace; binary paths count as files and contribute zero hunks,f172beeee2a270a14de1aa47cce0f92c501243c9,3f8bf2ddd0b86a4e70edf2ccbeb4bd1eeeb932ad,f172beeee2a270a14de1aa47cce0f92c501243c9,3f8bf2ddd0b86a4e70edf2ccbeb4bd1eeeb932ad,89ee437b45b7104c65113e958c354e38abccab76,77bc20454f3340111a1fef783fe1acaea6d3c92a,89ee437b45b7104c65113e958c354e38abccab76,1,5,48,189,OK
cross,wvlet/wvlet,967,980,CLEAN,false,false,2026-09-16T23:53:17.414686+00:00,current-pr-heads-at-extraction; not frozen replay OIDs,git version 2.50.1 (Apple Git-155),refs/pull/N/head; --no-tags; depth 80; depth 600 retry if no merge base,git -c diff.renames=true -c diff.algorithm=myers diff --no-ext-diff --no-textconv --unified=0; default whitespace; binary paths count as files and contribute zero hunks,ef11a1557d892d96f116896df18730ce1e4569be,6ea4ea72117a19f3f285a26b979ca8b5d190a80e,ef11a1557d892d96f116896df18730ce1e4569be,6ea4ea72117a19f3f285a26b979ca8b5d190a80e,2717c78a23fb58fb7e0720ed5bf957deb721d4e7,24b5c35329873d76c19e326674884cd728712889,2717c78a23fb58fb7e0720ed5bf957deb721d4e7,13,12,41,66,OK
cross,mendableai/firecrawl,1420,1742,CLEAN,false,false,2026-09-16T23:53:23.449996+00:00,current-pr-heads-at-extraction; not frozen replay OIDs,git version 2.50.1 (Apple Git-155),refs/pull/N/head; --no-tags; depth 80; depth 600 retry if no merge base,git -c diff.renames=true -c diff.algorithm=myers diff --no-ext-diff --no-textconv --unified=0; default whitespace; binary paths count as files and contribute zero hunks,2c830e864ca251a6f67d8047edce5af1065f2683,8d2098a9af9081777b17032bc0a6b1905947c6ef,2c830e864ca251a6f67d8047edce5af1065f2683,8d2098a9af9081777b17032bc0a6b1905947c6ef,d1d72638b9020a4f7a0eb168f0ae6e1a35407da9,1f1f733011388b9336cf8e2d6fab4f844ece446e,66e65d9422f1b0ca0ab9ebaa34ced1891bbddd91,3,5,260,2628,OK
cross,aipotheosis-labs/aci,520,549,CLEAN,false,false,2026-09-16T23:53:35.037143+00:00,current-pr-heads-at-extraction; not frozen replay OIDs,git version 2.50.1 (Apple Git-155),refs/pull/N/head; --no-tags; depth 80; depth 600 retry if no merge base,git -c diff.renames=true -c diff.algorithm=myers diff --no-ext-diff --no-textconv --unified=0; default whitespace; binary paths count as files and contribute zero hunks,eab926b5e368a12c8d6e4e0afbd460ed6d01128b,bee364b3063c27f2bb40ae5d48d5d5be3967d852,eab926b5e368a12c8d6e4e0afbd460ed6d01128b,bee364b3063c27f2bb40ae5d48d5d5be3967d852,2221d028a245273cda5b71f37be22f96ad889481,ebc1474cb7b7353033b6de7279d543bcc17f7c67,2221d028a245273cda5b71f37be22f96ad889481,4,27,54,230,OK
cross,browser-use/browser-use,2159,2166,CLEAN,false,false,2026-09-16T23:53:38.354900+00:00,current-pr-heads-at-extraction; not frozen replay OIDs,git version 2.50.1 (Apple Git-155),refs/pull/N/head; --no-tags; depth 80; depth 600 retry if no merge base,git -c diff.renames=true -c diff.algorithm=myers diff --no-ext-diff --no-textconv --unified=0; default whitespace; binary paths count as files and contribute zero hunks,75b9b809a3d61ee1f1fc1232ae2d11f66320d21b,367a5b2de7db20d33bd58c32f992498290ac8749,75b9b809a3d61ee1f1fc1232ae2d11f66320d21b,367a5b2de7db20d33bd58c32f992498290ac8749,be32400e19d8e5cc004e49e59e97de8875524770,beae2fd20bdf87da44d62c9884c26bf994f1eff7,be32400e19d8e5cc004e49e59e97de8875524770,1,10,9,26,OK
cross,microsoft/fabric-cicd,342,343,CLEAN,false,false,2026-09-16T23:53:41.608762+00:00,current-pr-heads-at-extraction; not frozen replay OIDs,git version 2.50.1 (Apple Git-155),refs/pull/N/head; --no-tags; depth 80; depth 600 retry if no merge base,git -c diff.renames=true -c diff.algorithm=myers diff --no-ext-diff --no-textconv --unified=0; default whitespace; binary paths count as files and contribute zero hunks,4f1b69d9883f0d0d1406ca11def0d54a827b104f,42c9bcb3415cddfa0c06a11c40f691990e5bbf67,4f1b69d9883f0d0d1406ca11def0d54a827b104f,42c9bcb3415cddfa0c06a11c40f691990e5bbf67,b95805b79c2da8b979e5fde799f6b1db8157f9e2,83c45544d0cc2fb36a933efc76ba2ecff7541c9d,51272620495d14a89283048b3ee2e1985ca4aa71,44,106,33,33,OK
cross,CapSoftware/Cap,559,717,CLEAN,false,false,2026-09-16T23:53:44.652425+00:00,current-pr-heads-at-extraction; not frozen replay OIDs,git version 2.50.1 (Apple Git-155),refs/pull/N/head; --no-tags; depth 80; depth 600 retry if no merge base,git -c diff.renames=true -c diff.algorithm=myers diff --no-ext-diff --no-textconv --unified=0; default whitespace; binary paths count as files and contribute zero hunks,8facdd9c8c877235b05f230bc04c80bd3ad9116c,be5e789ef6549d77ed4285bd19e77173a9d7c2e6,8facdd9c8c877235b05f230bc04c80bd3ad9116c,be5e789ef6549d77ed4285bd19e77173a9d7c2e6,6c6b81b4914d24dbd2c5d9d1d1f7bae859ce2468,d8441ea592c180c79fb80503507b94f4592072fb,6c6b81b4914d24dbd2c5d9d1d1f7bae859ce2468,7,32,524,3783,OK
cross,onlook-dev/onlook,1849,2041,CONFLICT,true,false,2026-09-16T23:54:19.340922+00:00,current-pr-heads-at-extraction; not frozen replay OIDs,git version 2.50.1 (Apple Git-155),refs/pull/N/head; --no-tags; depth 80; depth 600 retry if no merge base,git -c diff.renames=true -c diff.algorithm=myers diff --no-ext-diff --no-textconv --unified=0; default whitespace; binary paths count as files and contribute zero hunks,fa14301d325e0808c9bf416ac80171d29fe5e349,07f6885b4735e0bbfc6c0a733a55cdedad2f69e4,fa14301d325e0808c9bf416ac80171d29fe5e349,07f6885b4735e0bbfc6c0a733a55cdedad2f69e4,30410f73bae5f62f045dd38bae72ce1ab20ddcc4,ac33ca526848749fd49cff222651c3b21c0469e7,ea97c7f8cb1f2fab7b858e953a59e0c53e134127,9,15,483,1804,OK
cross,567-labs/kura,69,75,CONFLICT,true,true,2026-09-16T23:54:38.491775+00:00,current-pr-heads-at-extraction; not frozen replay OIDs,git version 2.50.1 (Apple Git-155),refs/pull/N/head; --no-tags; depth 80; depth 600 retry if no merge base,git -c diff.renames=true -c diff.algorithm=myers diff --no-ext-diff --no-textconv --unified=0; default whitespace; binary paths count as files and contribute zero hunks,d71cefde865ed437e4ad1a616cf18704a1f2f374,9e3744a556b683ca16f26e3114bb5388ccec2076,d71cefde865ed437e4ad1a616cf18704a1f2f374,9e3744a556b683ca16f26e3114bb5388ccec2076,a051c062387a9d9718ecc749a5a1214d51a81a77,5e5bf68e81be23abc12d6661be741ad900b848e5,a051c062387a9d9718ecc749a5a1214d51a81a77,2,6,20,90,OK
cross,different-ai/zero-finance,116,117,CLEAN,false,false,2026-09-16T23:54:41.414382+00:00,current-pr-heads-at-extraction; not frozen replay OIDs,git version 2.50.1 (Apple Git-155),refs/pull/N/head; --no-tags; depth 80; depth 600 retry if no merge base,git -c diff.renames=true -c diff.algorithm=myers diff --no-ext-diff --no-textconv --unified=0; default whitespace; binary paths count as files and contribute zero hunks,8b27ef119614f157a356414a06aea395716fc568,2ee19ebf781afe6e63af55fbf7f237e6c1ee3465,8b27ef119614f157a356414a06aea395716fc568,2ee19ebf781afe6e63af55fbf7f237e6c1ee3465,40cd8d0c5e4ce8fbed9b5849751f018037c014ba,0fdcc5a089ca51f65033fc3696809468adc0ce20,0fdcc5a089ca51f65033fc3696809468adc0ce20,36,104,7,32,OK
cross,berachain/beacon-kit,2840,2841,CONFLICT,true,false,2026-09-16T23:54:44.709719+00:00,current-pr-heads-at-extraction; not frozen replay OIDs,git version 2.50.1 (Apple Git-155),refs/pull/N/head; --no-tags; depth 80; depth 600 retry if no merge base,git -c diff.renames=true -c diff.algorithm=myers diff --no-ext-diff --no-textconv --unified=0; default whitespace; binary paths count as files and contribute zero hunks,730f58e73e0381cc98815fec905e974f33d6f2da,c1d2bf27d97803f067a6cc6673179e24bea2dbb1,730f58e73e0381cc98815fec905e974f33d6f2da,c1d2bf27d97803f067a6cc6673179e24bea2dbb1,eb1fbf6acdbfbef74598f92a4f5de412be705a0b,04a85a1d7fdd5ed72540d91562823bc9776ceb21,04a85a1d7fdd5ed72540d91562823bc9776ceb21,135,506,6,8,OK
cross,willccbb/verifiers,147,160,CONFLICT,true,true,2026-09-16T23:54:52.626908+00:00,current-pr-heads-at-extraction; not frozen replay OIDs,git version 2.50.1 (Apple Git-155),refs/pull/N/head; --no-tags; depth 80; depth 600 retry if no merge base,git -c diff.renames=true -c diff.algorithm=myers diff --no-ext-diff --no-textconv --unified=0; default whitespace; binary paths count as files and contribute zero hunks,0a5ce40fa2cc9ca371cad910b8b88b1692bac17f,8303bbec24f9655e4e9d319d7f0d5070311ea25d,0a5ce40fa2cc9ca371cad910b8b88b1692bac17f,8303bbec24f9655e4e9d319d7f0d5070311ea25d,f9e10da1e3cf033de6d6eefe9fa60ef3a233cb99,a38a170b05ec8e37e790b4b50d05de952f39689e,f9e10da1e3cf033de6d6eefe9fa60ef3a233cb99,4,4,176,1576,OK
cross,gensx-inc/gensx,736,766,CONFLICT,true,true,2026-09-16T23:54:55.402963+00:00,current-pr-heads-at-extraction; not frozen replay OIDs,git version 2.50.1 (Apple Git-155),refs/pull/N/head; --no-tags; depth 80; depth 600 retry if no merge base,git -c diff.renames=true -c diff.algorithm=myers diff --no-ext-diff --no-textconv --unified=0; default whitespace; binary paths count as files and contribute zero hunks,b21e8c082a808425c331685f799e1bebaea4c77d,a83e2ca7e04c863f075b2804425888be240446c9,b21e8c082a808425c331685f799e1bebaea4c77d,a83e2ca7e04c863f075b2804425888be240446c9,4a1bf59675948bf545118c6dc66e53896b903e57,8198e4a20908ba5f0b0ea0aa58775524c5d2595d,c56355b45d7156f14a607bf2970a253474a5bdca,1,12,102,1606,OK
cross,nodetool-ai/nodetool,86,157,CONFLICT,true,true,2026-09-16T23:55:04.116669+00:00,current-pr-heads-at-extraction; not frozen replay OIDs,git version 2.50.1 (Apple Git-155),refs/pull/N/head; --no-tags; depth 80; depth 600 retry if no merge base,git -c diff.renames=true -c diff.algorithm=myers diff --no-ext-diff --no-textconv --unified=0; default whitespace; binary paths count as files and contribute zero hunks,bb566f288792c68935173e2da937aa5802dc7afa,e40644c0ff052d99cafda67e02e06ffd600e754d,bb566f288792c68935173e2da937aa5802dc7afa,e40644c0ff052d99cafda67e02e06ffd600e754d,5d9582fc3cfc71d38ae3ad991946872ff18191d7,30544b938223d7cb956c72f88558b3d21d5af7c6,b173b231241eafb85b97a791826d033890ac0c56,5,7,463,4991,OK
cross,antiwork/flexile,394,584,UNAVAIL_fetch,false,false,2026-09-16T23:55:25.068326+00:00,current-pr-heads-at-extraction; not frozen replay OIDs,git version 2.50.1 (Apple Git-155),refs/pull/N/head; --no-tags; depth 80; depth 600 retry if no merge base,git -c diff.renames=true -c diff.algorithm=myers diff --no-ext-diff --no-textconv --unified=0; default whitespace; binary paths count as files and contribute zero hunks,,,,,,,,,,,,UNAVAIL_fetch
cross,codegen-sh/codegen,1164,1168,CLEAN,false,false,2026-09-16T23:55:25.068878+00:00,current-pr-heads-at-extraction; not frozen replay OIDs,git version 2.50.1 (Apple Git-155),refs/pull/N/head; --no-tags; depth 80; depth 600 retry if no merge base,git -c diff.renames=true -c diff.algorithm=myers diff --no-ext-diff --no-textconv --unified=0; default whitespace; binary paths count as files and contribute zero hunks,839b62a19ec8ef78a1bc5150ef456b310368f679,8308c69ee551488d73e664923f25aed340c27f4f,839b62a19ec8ef78a1bc5150ef456b310368f679,8308c69ee551488d73e664923f25aed340c27f4f,d31e69a97c15b61ec72a52c68396e675c0ffe230,d31e69a97c15b61ec72a52c68396e675c0ffe230,d31e69a97c15b61ec72a52c68396e675c0ffe230,1,1,1,8,OK
cross,kodustech/kodus-ai,73,75,CLEAN,false,false,2026-09-16T23:55:28.889378+00:00,current-pr-heads-at-extraction; not frozen replay OIDs,git version 2.50.1 (Apple Git-155),refs/pull/N/head; --no-tags; depth 80; depth 600 retry if no merge base,git -c diff.renames=true -c diff.algorithm=myers diff --no-ext-diff --no-textconv --unified=0; default whitespace; binary paths count as files and contribute zero hunks,e1813bcd6601fe17f02c06414b00b02ab68282f7,7da3f5fa99d28a8e4d43374b89136cedfe270cf0,e1813bcd6601fe17f02c06414b00b02ab68282f7,7da3f5fa99d28a8e4d43374b89136cedfe270cf0,0c95796d2f2b1a4330a2cfcfb8bc7157a2885258,0c95796d2f2b1a4330a2cfcfb8bc7157a2885258,0c95796d2f2b1a4330a2cfcfb8bc7157a2885258,8,18,10,27,OK
cross,google-gemini/gemini-cli,3417,4286,CONFLICT,true,true,2026-09-16T23:55:32.509822+00:00,current-pr-heads-at-extraction; not frozen replay OIDs,git version 2.50.1 (Apple Git-155),refs/pull/N/head; --no-tags; depth 80; depth 600 retry if no merge base,git -c diff.renames=true -c diff.algorithm=myers diff --no-ext-diff --no-textconv --unified=0; default whitespace; binary paths count as files and contribute zero hunks,de737f4f6dd588e2930b1c050a502f5b8492a99b,5ce020ba81df90955fbb52dc361b62ec9cbf245a,de737f4f6dd588e2930b1c050a502f5b8492a99b,5ce020ba81df90955fbb52dc361b62ec9cbf245a,fe00686c58421ae7d9a60bddf38deda35591709b,cba272082d15a6b9fb4e21bc27ed1d56fa5b9a56,cba272082d15a6b9fb4e21bc27ed1d56fa5b9a56,134,639,8,15,OK
cross,theopenco/llmgateway,208,354,CONFLICT,true,false,2026-09-16T23:55:35.417053+00:00,current-pr-heads-at-extraction; not frozen replay OIDs,git version 2.50.1 (Apple Git-155),refs/pull/N/head; --no-tags; depth 80; depth 600 retry if no merge base,git -c diff.renames=true -c diff.algorithm=myers diff --no-ext-diff --no-textconv --unified=0; default whitespace; binary paths count as files and contribute zero hunks,b6b6831a2d9c634eeb514740f6efeaa44ae2043f,3964b9fc7905227ca656a8e7c2d932a15e7664e1,b6b6831a2d9c634eeb514740f6efeaa44ae2043f,3964b9fc7905227ca656a8e7c2d932a15e7664e1,3c40e8e1abdf3d77d4c0f6fcfd2f7c4300d08bd6,eacc1a1eca67f4144ab54561bd59bbb86e3bd560,37d2c2340b89ae5517d0c8277bbb1a64ea2c0f0c,235,1729,5,14,OK
cross,MCPJam/inspector,190,191,CONFLICT,true,false,2026-09-16T23:55:39.355338+00:00,current-pr-heads-at-extraction; not frozen replay OIDs,git version 2.50.1 (Apple Git-155),refs/pull/N/head; --no-tags; depth 80; depth 600 retry if no merge base,git -c diff.renames=true -c diff.algorithm=myers diff --no-ext-diff --no-textconv --unified=0; default whitespace; binary paths count as files and contribute zero hunks,c1e3f4dbbaeea1cfd7823d94c73b09c5511d96da,15b5472d59f3c2c4efba73409b7315da15533212,c1e3f4dbbaeea1cfd7823d94c73b09c5511d96da,15b5472d59f3c2c4efba73409b7315da15533212,48366cd5463ae2da669b895161b88a8703447b3b,48366cd5463ae2da669b895161b88a8703447b3b,a376e0953d5cb488aaa2d746cdf062569074a1d0,11,72,14,30,OK
cross,acoyfellow/UserDO,16,18,CONFLICT,true,true,2026-09-16T23:55:42.060642+00:00,current-pr-heads-at-extraction; not frozen replay OIDs,git version 2.50.1 (Apple Git-155),refs/pull/N/head; --no-tags; depth 80; depth 600 retry if no merge base,git -c diff.renames=true -c diff.algorithm=myers diff --no-ext-diff --no-textconv --unified=0; default whitespace; binary paths count as files and contribute zero hunks,9fd9f06249ee39d728ba739055bab8518ed294c0,94324a776920941ccbdeae00ddc1ae35751dc8aa,9fd9f06249ee39d728ba739055bab8518ed294c0,94324a776920941ccbdeae00ddc1ae35751dc8aa,169db2191534df1adc0480ecbf6bf1de429f3f09,169db2191534df1adc0480ecbf6bf1de429f3f09,169db2191534df1adc0480ecbf6bf1de429f3f09,44,67,16,194,OK
cross,voideditor/void,724,844,CLEAN,false,false,2026-09-16T23:55:44.813561+00:00,current-pr-heads-at-extraction; not frozen replay OIDs,git version 2.50.1 (Apple Git-155),refs/pull/N/head; --no-tags; depth 80; depth 600 retry if no merge base,git -c diff.renames=true -c diff.algorithm=myers diff --no-ext-diff --no-textconv --unified=0; default whitespace; binary paths count as files and contribute zero hunks,f490953df3f3e49961b12676193872cca8346d03,b6be6e8d1da58b64746ad91b3f35de37136479b3,f490953df3f3e49961b12676193872cca8346d03,b6be6e8d1da58b64746ad91b3f35de37136479b3,b3166e7ef2aefbdfeb139445fdf248a561b85d4d,a7eb54a09bd264360e91690548ecc887ae4655a9,bf062146c93fc98f0d19cad53528d012a652ffce,4,4,31,64,OK
cross,WorkflowAI/WorkflowAI,371,449,CONFLICT,false,false,2026-09-16T23:55:57.873367+00:00,current-pr-heads-at-extraction; not frozen replay OIDs,git version 2.50.1 (Apple Git-155),refs/pull/N/head; --no-tags; depth 80; depth 600 retry if no merge base,git -c diff.renames=true -c diff.algorithm=myers diff --no-ext-diff --no-textconv --unified=0; default whitespace; binary paths count as files and contribute zero hunks,d75d95a653fa478fdc1d3e3f170f3d9704935d25,014670678857218a6457f43a71bd608ea90b5be1,d75d95a653fa478fdc1d3e3f170f3d9704935d25,014670678857218a6457f43a71bd608ea90b5be1,9b931e652fe6c2abe5c50d517f57c572b5a8489b,4873022e3e7d5ecf9af7651fe49ded96298009c8,9b931e652fe6c2abe5c50d517f57c572b5a8489b,12,15,511,1588,OK
cross,openai/openai-agents-js,111,119,CONFLICT,true,true,2026-09-16T23:56:19.924665+00:00,current-pr-heads-at-extraction; not frozen replay OIDs,git version 2.50.1 (Apple Git-155),refs/pull/N/head; --no-tags; depth 80; depth 600 retry if no merge base,git -c diff.renames=true -c diff.algorithm=myers diff --no-ext-diff --no-textconv --unified=0; default whitespace; binary paths count as files and contribute zero hunks,5d171883455250b9d69ef71af4fbb8277176d99c,09543bf37c6b4ed3e39126d26823222aebb47c41,5d171883455250b9d69ef71af4fbb8277176d99c,09543bf37c6b4ed3e39126d26823222aebb47c41,f0dc072df3817675d8570517ea3ec62c67fd3ab7,f0dc072df3817675d8570517ea3ec62c67fd3ab7,4a0fe867e4acdc0bc7ce7cbba5d3015bc9d18ec9,194,1389,18,19,OK
same,djacobs/PyAPNs,216,217,CONFLICT,true,true,2026-09-16T23:56:22.548012+00:00,current-pr-heads-at-extraction; not frozen replay OIDs,git version 2.50.1 (Apple Git-155),refs/pull/N/head; --no-tags; depth 80; depth 600 retry if no merge base,git -c diff.renames=true -c diff.algorithm=myers diff --no-ext-diff --no-textconv --unified=0; default whitespace; binary paths count as files and contribute zero hunks,6d1d42a8fd359cec7827e3fe89946ffa6f9d1ac9,b76654275514db71343c086947320ede6305dc4c,6d1d42a8fd359cec7827e3fe89946ffa6f9d1ac9,b76654275514db71343c086947320ede6305dc4c,833b00f5c58a211d4a00ee4a0c41ca0a0e032270,833b00f5c58a211d4a00ee4a0c41ca0a0e032270,833b00f5c58a211d4a00ee4a0c41ca0a0e032270,5,7,1,6,OK
cross,pushpak1300/ai-chat,8,10,CLEAN,false,false,2026-09-16T23:56:24.732545+00:00,current-pr-heads-at-extraction; not frozen replay OIDs,git version 2.50.1 (Apple Git-155),refs/pull/N/head; --no-tags; depth 80; depth 600 retry if no merge base,git -c diff.renames=true -c diff.algorithm=myers diff --no-ext-diff --no-textconv --unified=0; default whitespace; binary paths count as files and contribute zero hunks,cba6d34e09d7e4137aa8db37b32661452c1c1400,e30478b3d239293372e87305e68a41e59db93c52,cba6d34e09d7e4137aa8db37b32661452c1c1400,e30478b3d239293372e87305e68a41e59db93c52,675d732f1012abcdcc69591086e1950963880854,675d732f1012abcdcc69591086e1950963880854,675d732f1012abcdcc69591086e1950963880854,14,172,1,2,OK
cross,sst/opencode,371,1186,CONFLICT,true,false,2026-09-16T23:56:28.832317+00:00,current-pr-heads-at-extraction; not frozen replay OIDs,git version 2.50.1 (Apple Git-155),refs/pull/N/head; --no-tags; depth 80; depth 600 retry if no merge base,git -c diff.renames=true -c diff.algorithm=myers diff --no-ext-diff --no-textconv --unified=0; default whitespace; binary paths count as files and contribute zero hunks,adb5448ffcbc7bc4054f426ca4d61e31aa0f5cea,96aea95c91779d9bd910ce9ba55f96b8d93cf823,adb5448ffcbc7bc4054f426ca4d61e31aa0f5cea,96aea95c91779d9bd910ce9ba55f96b8d93cf823,5843eca7d6db0acf7ec4db58a736649de68f13ba,cda0dbc1954dc34ede2fbf513de1cdf95ff277a6,17fa8c117b03d34febe82712ca67fd708b67875f,6,7,133,1164,OK
cross,ryokun6/ryos,40,59,CONFLICT,true,true,2026-09-16T23:56:40.427662+00:00,current-pr-heads-at-extraction; not frozen replay OIDs,git version 2.50.1 (Apple Git-155),refs/pull/N/head; --no-tags; depth 80; depth 600 retry if no merge base,git -c diff.renames=true -c diff.algorithm=myers diff --no-ext-diff --no-textconv --unified=0; default whitespace; binary paths count as files and contribute zero hunks,5d7a50f44b68c263cda19384d06ea0a4a7eb1fcd,88b089a2ea117c30a3ef53413cd5eacae547b8cd,5d7a50f44b68c263cda19384d06ea0a4a7eb1fcd,88b089a2ea117c30a3ef53413cd5eacae547b8cd,9158f7d5df2a6132e69dfeaab48a7fd2070c6903,9e46ba63c0671f693000f9ee5bde146cd8ca9981,8a75fc3aafbde41c241f25a4ebc21fcc3b830f62,1,2,25,202,OK
cross,azure-ai-foundry/foundry-samples,223,232,CONFLICT,true,true,2026-09-16T23:57:21.264847+00:00,current-pr-heads-at-extraction; not frozen replay OIDs,git version 2.50.1 (Apple Git-155),refs/pull/N/head; --no-tags; depth 80; depth 600 retry if no merge base,git -c diff.renames=true -c diff.algorithm=myers diff --no-ext-diff --no-textconv --unified=0; default whitespace; binary paths count as files and contribute zero hunks,fe8812590f910983497b1dc8441ce0711f32e430,8ddd2d4ac198b613bbbe2602a195a17d8b1aad2e,fe8812590f910983497b1dc8441ce0711f32e430,8ddd2d4ac198b613bbbe2602a195a17d8b1aad2e,f532c159ac80d60e5edc46693733801fee0c7469,1095c71e866127599dbc622b33241426208f2640,0f5a7ebed18a0239d2e1ad5e7e89770ca5eff428,44,264,17,231,OK
cross,aavetis/PRarena,20,36,CONFLICT,true,true,2026-09-16T23:57:47.667163+00:00,current-pr-heads-at-extraction; not frozen replay OIDs,git version 2.50.1 (Apple Git-155),refs/pull/N/head; --no-tags; depth 80; depth 600 retry if no merge base,git -c diff.renames=true -c diff.algorithm=myers diff --no-ext-diff --no-textconv --unified=0; default whitespace; binary paths count as files and contribute zero hunks,d69ebd070346ec78a804cedfd8046ed038f88076,feae74535d3ae5bbcb1c9aaad8868cc4bfec5445,d69ebd070346ec78a804cedfd8046ed038f88076,feae74535d3ae5bbcb1c9aaad8868cc4bfec5445,8c0ad47e8fa98703a4b5d62524ae279dc9b76ade,2477a76ee3fc573f24654416a553267c8485e23c,8c0ad47e8fa98703a4b5d62524ae279dc9b76ade,3,3,13,60,OK
cross,amantus-ai/vibetunnel,134,165,CONFLICT,true,true,2026-09-16T23:58:18.889795+00:00,current-pr-heads-at-extraction; not frozen replay OIDs,git version 2.50.1 (Apple Git-155),refs/pull/N/head; --no-tags; depth 80; depth 600 retry if no merge base,git -c diff.renames=true -c diff.algorithm=myers diff --no-ext-diff --no-textconv --unified=0; default whitespace; binary paths count as files and contribute zero hunks,e4a7e278ca68c183d05e2391512399a4355a6997,1e8a676549d864674f9649f851d8caf4d6a5728a,e4a7e278ca68c183d05e2391512399a4355a6997,1e8a676549d864674f9649f851d8caf4d6a5728a,74a364d1ba31aec9640a1d14a2cc93bd046b2f86,68ce36828a35223acf680471f4bc9c368eefd206,68ce36828a35223acf680471f4bc9c368eefd206,209,1289,8,19,OK
cross,sam-goodwin/alchemy,239,253,CONFLICT,true,true,2026-09-16T23:58:33.354523+00:00,current-pr-heads-at-extraction; not frozen replay OIDs,git version 2.50.1 (Apple Git-155),refs/pull/N/head; --no-tags; depth 80; depth 600 retry if no merge base,git -c diff.renames=true -c diff.algorithm=myers diff --no-ext-diff --no-textconv --unified=0; default whitespace; binary paths count as files and contribute zero hunks,5006a3d232e8a4c9bfdc7b5daf25a7b7a8e8ab8d,bf173212ea724fa9831e95dcc6f510cb2e760c2a,5006a3d232e8a4c9bfdc7b5daf25a7b7a8e8ab8d,bf173212ea724fa9831e95dcc6f510cb2e760c2a,640d71ed23be4d0ffbd5b3126455d92b18c1b0fc,11145f1363ff440fd2960d2c427cc16ac58d92b5,de0572332b9f0a86956a7e39f494ae76294b9b34,1849,2403,6,11,OK
same,stefankoegl/python-json-patch,163,164,CLEAN,false,false,2026-09-16T23:59:41.096073+00:00,current-pr-heads-at-extraction; not frozen replay OIDs,git version 2.50.1 (Apple Git-155),refs/pull/N/head; --no-tags; depth 80; depth 600 retry if no merge base,git -c diff.renames=true -c diff.algorithm=myers diff --no-ext-diff --no-textconv --unified=0; default whitespace; binary paths count as files and contribute zero hunks,cde5bf8bc8dd529eab62e680315dbd1bcb3ae31d,40b6c026fa460365fe5fced1aa76100d1931fefb,cde5bf8bc8dd529eab62e680315dbd1bcb3ae31d,40b6c026fa460365fe5fced1aa76100d1931fefb,d8e1a6e244728c04229d601bc9a384d9b034c603,d8e1a6e244728c04229d601bc9a384d9b034c603,d8e1a6e244728c04229d601bc9a384d9b034c603,3,8,0,0,OK
same,stefankoegl/python-json-pointer,65,66,CONFLICT,true,true,2026-09-16T23:59:44.580934+00:00,current-pr-heads-at-extraction; not frozen replay OIDs,git version 2.50.1 (Apple Git-155),refs/pull/N/head; --no-tags; depth 80; depth 600 retry if no merge base,git -c diff.renames=true -c diff.algorithm=myers diff --no-ext-diff --no-textconv --unified=0; default whitespace; binary paths count as files and contribute zero hunks,afee5075545327313df7962e0054d70e52ec352d,f9daf3ed4b17c30de1fc7befbbdeb4fd98f1cdc9,afee5075545327313df7962e0054d70e52ec352d,f9daf3ed4b17c30de1fc7befbbdeb4fd98f1cdc9,f3643addecf9dc66cb7bd120532a8373f19b1e23,bea0f7e8b20385a4eb996379eb7e2f4bceeeec6e,f3643addecf9dc66cb7bd120532a8373f19b1e23,6,14,12,48,OK
same,Kaljurand/K6nele,119,120,CLEAN,false,false,2026-09-16T23:59:47.165353+00:00,current-pr-heads-at-extraction; not frozen replay OIDs,git version 2.50.1 (Apple Git-155),refs/pull/N/head; --no-tags; depth 80; depth 600 retry if no merge base,git -c diff.renames=true -c diff.algorithm=myers diff --no-ext-diff --no-textconv --unified=0; default whitespace; binary paths count as files and contribute zero hunks,219f9235fcdf3b5033edf1f2e271f4e4526d00e3,b888187994c9b31210c1808e2dc8799dd5aa9be2,219f9235fcdf3b5033edf1f2e271f4e4526d00e3,b888187994c9b31210c1808e2dc8799dd5aa9be2,0f16fe09684c371318dc1c41949cd4898802a057,0f16fe09684c371318dc1c41949cd4898802a057,0f16fe09684c371318dc1c41949cd4898802a057,6,8,1,9,OK
same,opendocument-app/OpenDocument.droid,406,407,CLEAN,false,false,2026-09-16T23:59:49.873189+00:00,current-pr-heads-at-extraction; not frozen replay OIDs,git version 2.50.1 (Apple Git-155),refs/pull/N/head; --no-tags; depth 80; depth 600 retry if no merge base,git -c diff.renames=true -c diff.algorithm=myers diff --no-ext-diff --no-textconv --unified=0; default whitespace; binary paths count as files and contribute zero hunks,06370adee8a8698617ce666cb830c18df2cba500,d20c59d163e214e150f45dd27c5c26cfceedb925,06370adee8a8698617ce666cb830c18df2cba500,d20c59d163e214e150f45dd27c5c26cfceedb925,ca1b929d14df653e092dd40f2902e0e2cdb0fca2,ca1b929d14df653e092dd40f2902e0e2cdb0fca2,ca1b929d14df653e092dd40f2902e0e2cdb0fca2,2,3,1,3,OK
same,SirVer/ultisnips,1574,1575,CLEAN,false,false,2026-09-16T23:59:54.993905+00:00,current-pr-heads-at-extraction; not frozen replay OIDs,git version 2.50.1 (Apple Git-155),refs/pull/N/head; --no-tags; depth 80; depth 600 retry if no merge base,git -c diff.renames=true -c diff.algorithm=myers diff --no-ext-diff --no-textconv --unified=0; default whitespace; binary paths count as files and contribute zero hunks,6e43edea7acfb05bcb699d244c50f462dae78c95,93821de641edd436d86bf28fadfdbb215f53eb19,6e43edea7acfb05bcb699d244c50f462dae78c95,93821de641edd436d86bf28fadfdbb215f53eb19,dbc458e110bb49299da76ec53f8b09b4f6dce28a,dbc458e110bb49299da76ec53f8b09b4f6dce28a,dbc458e110bb49299da76ec53f8b09b4f6dce28a,2,2,2,2,OK
same,propelorm/Propel2,2049,2050,CLEAN,false,false,2026-09-16T23:59:57.656603+00:00,current-pr-heads-at-extraction; not frozen replay OIDs,git version 2.50.1 (Apple Git-155),refs/pull/N/head; --no-tags; depth 80; depth 600 retry if no merge base,git -c diff.renames=true -c diff.algorithm=myers diff --no-ext-diff --no-textconv --unified=0; default whitespace; binary paths count as files and contribute zero hunks,0219401af9d5e562e3439bb0f28cd9f4b8b35020,814eefb2843d234a7c7d1a823c04f711c80603c9,0219401af9d5e562e3439bb0f28cd9f4b8b35020,814eefb2843d234a7c7d1a823c04f711c80603c9,353266c958b165fecb25eea336658e969cc1e6a7,353266c958b165fecb25eea336658e969cc1e6a7,353266c958b165fecb25eea336658e969cc1e6a7,2,3,1,1,OK
same,middleman/middleman-blog,393,394,CONFLICT,true,true,2026-09-17T00:00:02.128205+00:00,current-pr-heads-at-extraction; not frozen replay OIDs,git version 2.50.1 (Apple Git-155),refs/pull/N/head; --no-tags; depth 80; depth 600 retry if no merge base,git -c diff.renames=true -c diff.algorithm=myers diff --no-ext-diff --no-textconv --unified=0; default whitespace; binary paths count as files and contribute zero hunks,521243c77ebd441d05765e4670a8a9f558e43b05,340f9330996bc22fd9d366b1e730437d2d1fa4af,521243c77ebd441d05765e4670a8a9f558e43b05,340f9330996bc22fd9d366b1e730437d2d1fa4af,538c28905e8d0361098545270734b3b27a1a4b20,538c28905e8d0361098545270734b3b27a1a4b20,538c28905e8d0361098545270734b3b27a1a4b20,9,16,5217,5143,OK
same,mattiasw/ExifReader,526,527,CLEAN,false,false,2026-09-17T00:00:06.040290+00:00,current-pr-heads-at-extraction; not frozen replay OIDs,git version 2.50.1 (Apple Git-155),refs/pull/N/head; --no-tags; depth 80; depth 600 retry if no merge base,git -c diff.renames=true -c diff.algorithm=myers diff --no-ext-diff --no-textconv --unified=0; default whitespace; binary paths count as files and contribute zero hunks,6bba2452ea63c4a8735aae4856fb9079a67f228a,ac736f875723551145191f5d4f5a22307f8220a3,6bba2452ea63c4a8735aae4856fb9079a67f228a,ac736f875723551145191f5d4f5a22307f8220a3,7e3902b833a2e1a2fc951b86b90c800d741f457e,7e3902b833a2e1a2fc951b86b90c800d741f457e,7e3902b833a2e1a2fc951b86b90c800d741f457e,1,1,1,1,OK
same,traccar/traccar,5560,5568,CLEAN,false,false,2026-09-17T00:00:08.670698+00:00,current-pr-heads-at-extraction; not frozen replay OIDs,git version 2.50.1 (Apple Git-155),refs/pull/N/head; --no-tags; depth 80; depth 600 retry if no merge base,git -c diff.renames=true -c diff.algorithm=myers diff --no-ext-diff --no-textconv --unified=0; default whitespace; binary paths count as files and contribute zero hunks,0a9e46c0b790acdddbb5e8862bb360d0e014f068,ee338c990e10c07d992544a9dd1929a098570a13,0a9e46c0b790acdddbb5e8862bb360d0e014f068,ee338c990e10c07d992544a9dd1929a098570a13,0a51fab445b83fe7384a2fd7ac39011f2daf2ddc,028b55bd74ec2472e7381b511a51ae03cc1dd99c,263f63e106c2e4985f5d64208742c3c2c057abbb,3,3,19,69,OK
same,JuliaLang/julia,58506,58542,CLEAN,false,false,2026-09-17T00:00:11.087408+00:00,current-pr-heads-at-extraction; not frozen replay OIDs,git version 2.50.1 (Apple Git-155),refs/pull/N/head; --no-tags; depth 80; depth 600 retry if no merge base,git -c diff.renames=true -c diff.algorithm=myers diff --no-ext-diff --no-textconv --unified=0; default whitespace; binary paths count as files and contribute zero hunks,6fa002d99e2a2986d1343383e0ecb130fff6b608,b1bc152d48a8d82ea75c7a96cbd90c6fcddb6149,6fa002d99e2a2986d1343383e0ecb130fff6b608,b1bc152d48a8d82ea75c7a96cbd90c6fcddb6149,925d504ade4fb425cf18a4aaca75606425b12aeb,989973adfc7a1d4eac26e4e6e3dbcd84b2c5f9bc,2bd37fbbabec8aa178cb32ef6f89b0fef973be2b,9,13,45,105,OK
same,GradleUp/shadow,1497,1500,CLEAN,false,false,2026-09-17T00:00:15.376211+00:00,current-pr-heads-at-extraction; not frozen replay OIDs,git version 2.50.1 (Apple Git-155),refs/pull/N/head; --no-tags; depth 80; depth 600 retry if no merge base,git -c diff.renames=true -c diff.algorithm=myers diff --no-ext-diff --no-textconv --unified=0; default whitespace; binary paths count as files and contribute zero hunks,de4855b4d9f48c21b66b409fbfa6e94c809dbb6e,2bd3084320400280418d455cedd44cc07d66a471,de4855b4d9f48c21b66b409fbfa6e94c809dbb6e,2bd3084320400280418d455cedd44cc07d66a471,b224199bfd97b937b1e965d43c71193bac9da360,aa5d30cba23dd262d580ecb567f3859dc3584bd6,aa5d30cba23dd262d580ecb567f3859dc3584bd6,8,13,1,2,OK
same,liuyanghejerry/painttyWidget,79,80,UNAVAIL_fetch,false,false,2026-09-17T00:00:18.061484+00:00,current-pr-heads-at-extraction; not frozen replay OIDs,git version 2.50.1 (Apple Git-155),refs/pull/N/head; --no-tags; depth 80; depth 600 retry if no merge base,git -c diff.renames=true -c diff.algorithm=myers diff --no-ext-diff --no-textconv --unified=0; default whitespace; binary paths count as files and contribute zero hunks,,,,,,,,,,,,UNAVAIL_fetch
same,cloudfoundry/cloud_controller_ng,4394,4442,CLEAN,false,false,2026-09-17T00:00:18.061677+00:00,current-pr-heads-at-extraction; not frozen replay OIDs,git version 2.50.1 (Apple Git-155),refs/pull/N/head; --no-tags; depth 80; depth 600 retry if no merge base,git -c diff.renames=true -c diff.algorithm=myers diff --no-ext-diff --no-textconv --unified=0; default whitespace; binary paths count as files and contribute zero hunks,ae0402136c2e452c316a1c6bd6fbc360e3ca7a53,a9d933d5553c91e5a010671049cb474b4a049e07,ae0402136c2e452c316a1c6bd6fbc360e3ca7a53,a9d933d5553c91e5a010671049cb474b4a049e07,b328c8f22a8ebcef698d102ffbc995481b1d2c05,3b284a1aef5567d24cfb3ef22f2aad42d970dc52,b328c8f22a8ebcef698d102ffbc995481b1d2c05,1,1,162,553,OK
same,nanvix/nanvix,706,707,CLEAN,false,false,2026-09-17T00:00:22.158100+00:00,current-pr-heads-at-extraction; not frozen replay OIDs,git version 2.50.1 (Apple Git-155),refs/pull/N/head; --no-tags; depth 80; depth 600 retry if no merge base,git -c diff.renames=true -c diff.algorithm=myers diff --no-ext-diff --no-textconv --unified=0; default whitespace; binary paths count as files and contribute zero hunks,c786322e2140f5884299c370323ff671b5c8c052,1c51fe9572aa349ed558ac53ffcfb1d885d2c3da,c786322e2140f5884299c370323ff671b5c8c052,1c51fe9572aa349ed558ac53ffcfb1d885d2c3da,63b14365419513cdecd8682c673e3f43ed89be46,19cf7e9bbc9df5419d1d6b0564acbe8778e8579c,c786322e2140f5884299c370323ff671b5c8c052,0,0,55,420,OK
same,pixijs/pixijs,11429,11430,CLEAN,false,false,2026-09-17T00:00:24.874527+00:00,current-pr-heads-at-extraction; not frozen replay OIDs,git version 2.50.1 (Apple Git-155),refs/pull/N/head; --no-tags; depth 80; depth 600 retry if no merge base,git -c diff.renames=true -c diff.algorithm=myers diff --no-ext-diff --no-textconv --unified=0; default whitespace; binary paths count as files and contribute zero hunks,a76304b77f2aa7d4a22d8baef8818e8e4117687e,28bdc4815356dc26a7a11ef9a6810617298e80d4,a76304b77f2aa7d4a22d8baef8818e8e4117687e,28bdc4815356dc26a7a11ef9a6810617298e80d4,08d20e09236c64a4b380fbf709574aa18b4d7bcc,34926f0eba23a67af1bb66099d61291f4a094eb7,34926f0eba23a67af1bb66099d61291f4a094eb7,8,9,2,2,OK
same,nemtsov/json-mask,173,174,CLEAN,false,false,2026-09-17T00:00:30.131672+00:00,current-pr-heads-at-extraction; not frozen replay OIDs,git version 2.50.1 (Apple Git-155),refs/pull/N/head; --no-tags; depth 80; depth 600 retry if no merge base,git -c diff.renames=true -c diff.algorithm=myers diff --no-ext-diff --no-textconv --unified=0; default whitespace; binary paths count as files and contribute zero hunks,2300d16f97dd6ed1e7681f89c8c99eee0f81a245,b06e4b030c1b4a7c9fa2794a48e3624abc566f60,2300d16f97dd6ed1e7681f89c8c99eee0f81a245,b06e4b030c1b4a7c9fa2794a48e3624abc566f60,d4f796d6d608bb565f4cf14dbd4e15f8eb2985f1,d4f796d6d608bb565f4cf14dbd4e15f8eb2985f1,d4f796d6d608bb565f4cf14dbd4e15f8eb2985f1,3,4,1,1,OK
same,evandempsey/fp-growth,30,31,CONFLICT,false,false,2026-09-17T00:00:32.867781+00:00,current-pr-heads-at-extraction; not frozen replay OIDs,git version 2.50.1 (Apple Git-155),refs/pull/N/head; --no-tags; depth 80; depth 600 retry if no merge base,git -c diff.renames=true -c diff.algorithm=myers diff --no-ext-diff --no-textconv --unified=0; default whitespace; binary paths count as files and contribute zero hunks,e5df5956a2e75ed0b789302eb35410559fe38e3e,e69437f602f42540e2308ab10edba256609081cf,e5df5956a2e75ed0b789302eb35410559fe38e3e,e69437f602f42540e2308ab10edba256609081cf,052f9527ea0c779b0ed18f91b20e542fb6c3c17b,052f9527ea0c779b0ed18f91b20e542fb6c3c17b,052f9527ea0c779b0ed18f91b20e542fb6c3c17b,3,7,4,4,OK
same,OpenSprinkler/OpenSprinkler-App,231,232,CLEAN,false,false,2026-09-17T00:00:35.306951+00:00,current-pr-heads-at-extraction; not frozen replay OIDs,git version 2.50.1 (Apple Git-155),refs/pull/N/head; --no-tags; depth 80; depth 600 retry if no merge base,git -c diff.renames=true -c diff.algorithm=myers diff --no-ext-diff --no-textconv --unified=0; default whitespace; binary paths count as files and contribute zero hunks,3b2b0f1ebd23a0de4e228267fe55680de28416f1,95faff1b60bccdbdd36cb0538c5f44635e4234fd,3b2b0f1ebd23a0de4e228267fe55680de28416f1,95faff1b60bccdbdd36cb0538c5f44635e4234fd,69a5ca9746fb7e8cc926506fa9dea192d1bb3341,69a5ca9746fb7e8cc926506fa9dea192d1bb3341,69a5ca9746fb7e8cc926506fa9dea192d1bb3341,1,1,1,1,OK
same,jdereg/json-io,385,386,CLEAN,false,false,2026-09-17T00:00:38.574966+00:00,current-pr-heads-at-extraction; not frozen replay OIDs,git version 2.50.1 (Apple Git-155),refs/pull/N/head; --no-tags; depth 80; depth 600 retry if no merge base,git -c diff.renames=true -c diff.algorithm=myers diff --no-ext-diff --no-textconv --unified=0; default whitespace; binary paths count as files and contribute zero hunks,5fdfe927de75d0b9974d36e4c5d1d99680fd413a,13841efefb72d012991fd9f7a209e7387bf8a447,5fdfe927de75d0b9974d36e4c5d1d99680fd413a,13841efefb72d012991fd9f7a209e7387bf8a447,6b9955c683e08a7a4932dcf3c77010384ed9fbdc,6b9955c683e08a7a4932dcf3c77010384ed9fbdc,6b9955c683e08a7a4932dcf3c77010384ed9fbdc,1,2,2,3,OK
same,OpenHFT/Java-Thread-Affinity,138,139,CLEAN,false,false,2026-09-17T00:00:41.677772+00:00,current-pr-heads-at-extraction; not frozen replay OIDs,git version 2.50.1 (Apple Git-155),refs/pull/N/head; --no-tags; depth 80; depth 600 retry if no merge base,git -c diff.renames=true -c diff.algorithm=myers diff --no-ext-diff --no-textconv --unified=0; default whitespace; binary paths count as files and contribute zero hunks,58469c16615930f2787897926cee05d2bb6afcce,a37013c80e80b4da7ae67f9f6212feb6b5eb129a,58469c16615930f2787897926cee05d2bb6afcce,a37013c80e80b4da7ae67f9f6212feb6b5eb129a,72d5a15c8fffa6ed25b2f740a72866a290625dc1,72d5a15c8fffa6ed25b2f740a72866a290625dc1,72d5a15c8fffa6ed25b2f740a72866a290625dc1,1,1,1,1,OK
same,getsentry/sentry-javascript,16539,16553,CLEAN,false,false,2026-09-17T00:00:44.751825+00:00,current-pr-heads-at-extraction; not frozen replay OIDs,git version 2.50.1 (Apple Git-155),refs/pull/N/head; --no-tags; depth 80; depth 600 retry if no merge base,git -c diff.renames=true -c diff.algorithm=myers diff --no-ext-diff --no-textconv --unified=0; default whitespace; binary paths count as files and contribute zero hunks,7a813ed698656294a777249c4036148eaa5a9e80,9ba5f84adc166fbf3a7ba94648994534e636dcd5,7a813ed698656294a777249c4036148eaa5a9e80,9ba5f84adc166fbf3a7ba94648994534e636dcd5,0635a5b7e0ffd2f8e103c732870e76b0d88ee58f,88e3f8fb04ed4bdb0e7dc0925b61e1a05e72fb43,2a7c1a93fb55cb5e1509e64c389192832aef6c18,5,6,72,164,OK
same,EduMIPS64/edumips64,1360,1361,CLEAN,false,false,2026-09-17T00:00:49.577699+00:00,current-pr-heads-at-extraction; not frozen replay OIDs,git version 2.50.1 (Apple Git-155),refs/pull/N/head; --no-tags; depth 80; depth 600 retry if no merge base,git -c diff.renames=true -c diff.algorithm=myers diff --no-ext-diff --no-textconv --unified=0; default whitespace; binary paths count as files and contribute zero hunks,396002c43056b5e505cfd7fe3e6ddc831cc06473,e83ad200baf154f450e32bc8c7a02cf30f19d1ef,396002c43056b5e505cfd7fe3e6ddc831cc06473,e83ad200baf154f450e32bc8c7a02cf30f19d1ef,41c6f64145fdf0e4a142f08a217c5c97fdae19b4,8f5ef2b40abf5f876fcd9e3989cca0222c3efa79,8f5ef2b40abf5f876fcd9e3989cca0222c3efa79,12,41,1,1,OK
same,rsyslog/rsyslog,5656,5660,CLEAN,false,false,2026-09-17T00:00:59.161344+00:00,current-pr-heads-at-extraction; not frozen replay OIDs,git version 2.50.1 (Apple Git-155),refs/pull/N/head; --no-tags; depth 80; depth 600 retry if no merge base,git -c diff.renames=true -c diff.algorithm=myers diff --no-ext-diff --no-textconv --unified=0; default whitespace; binary paths count as files and contribute zero hunks,272877c6621fab4fd793c782a67cf4d121383b9f,a32ae07248505444f8d9751883ed4496da0ccadc,272877c6621fab4fd793c782a67cf4d121383b9f,a32ae07248505444f8d9751883ed4496da0ccadc,0b22d5b380fa27ce37d6863177af055123314834,92513165b851ae3a60ae168e81e0b911e1f548b9,6d2ea961c6a537a4d4bf67f4181974d20f6870da,1,1,39,156,OK
same,log4cplus/log4cplus,648,649,CLEAN,false,false,2026-09-17T00:01:02.856927+00:00,current-pr-heads-at-extraction; not frozen replay OIDs,git version 2.50.1 (Apple Git-155),refs/pull/N/head; --no-tags; depth 80; depth 600 retry if no merge base,git -c diff.renames=true -c diff.algorithm=myers diff --no-ext-diff --no-textconv --unified=0; default whitespace; binary paths count as files and contribute zero hunks,d9692ca9100b09cc702211142e2cedc5013f7619,fb4d27aea001e751ef3771b4517d1c9d4fe01fd7,d9692ca9100b09cc702211142e2cedc5013f7619,fb4d27aea001e751ef3771b4517d1c9d4fe01fd7,7b90d06f2061f9a50607ad1ee1f989ceaeb2a58c,7b90d06f2061f9a50607ad1ee1f989ceaeb2a58c,7b90d06f2061f9a50607ad1ee1f989ceaeb2a58c,1,1,1,1,OK
same,mnsami/composer-custom-directory-installer,36,37,CLEAN,false,false,2026-09-17T00:01:05.875281+00:00,current-pr-heads-at-extraction; not frozen replay OIDs,git version 2.50.1 (Apple Git-155),refs/pull/N/head; --no-tags; depth 80; depth 600 retry if no merge base,git -c diff.renames=true -c diff.algorithm=myers diff --no-ext-diff --no-textconv --unified=0; default whitespace; binary paths count as files and contribute zero hunks,dd5f124b83b399b4b30efe09730b8c9f4c491992,fe58b5633e5676ce7f3d02f714184ae88d9b9ba0,dd5f124b83b399b4b30efe09730b8c9f4c491992,fe58b5633e5676ce7f3d02f714184ae88d9b9ba0,16a5aacd391809c57149234cbeb47b14b7906f54,12ee70fdd8ea2f561ce5eaa4861ea57cea0b1389,fe58b5633e5676ce7f3d02f714184ae88d9b9ba0,14,32,0,0,OK
same,jsforce/jsforce,1734,1735,CLEAN,false,false,2026-09-17T00:01:08.496544+00:00,current-pr-heads-at-extraction; not frozen replay OIDs,git version 2.50.1 (Apple Git-155),refs/pull/N/head; --no-tags; depth 80; depth 600 retry if no merge base,git -c diff.renames=true -c diff.algorithm=myers diff --no-ext-diff --no-textconv --unified=0; default whitespace; binary paths count as files and contribute zero hunks,683e15500d91e0be38f78e814735211cbcca96ae,ce216fe023682bccca9e7e34ff2167b51d232d96,683e15500d91e0be38f78e814735211cbcca96ae,ce216fe023682bccca9e7e34ff2167b51d232d96,9dcb2548b2f7c21c19f2108513eab638e1f8df50,08e19b679c6a2aa1059bf452120594edf2793c43,9dcb2548b2f7c21c19f2108513eab638e1f8df50,3,5,3,4,OK
same,FastLED/FastLED,1956,1957,CLEAN,false,false,2026-09-17T00:01:11.170741+00:00,current-pr-heads-at-extraction; not frozen replay OIDs,git version 2.50.1 (Apple Git-155),refs/pull/N/head; --no-tags; depth 80; depth 600 retry if no merge base,git -c diff.renames=true -c diff.algorithm=myers diff --no-ext-diff --no-textconv --unified=0; default whitespace; binary paths count as files and contribute zero hunks,02f549678c792f9b596c51fd4c4b0e315752b771,d756809ca67f4f237b893cfb493daa6030d4759b,02f549678c792f9b596c51fd4c4b0e315752b771,d756809ca67f4f237b893cfb493daa6030d4759b,6ffb02714aa9ebe6d4e430f7c5072321b2feab0c,610100c4f37d68ada1913446940e0ab8458b99da,f6b3e2be33c5671c8be09e168690e78de8f450dd,16,1,18,2,OK
same,effekseer/Effekseer,1043,1044,CLEAN,false,false,2026-09-17T00:01:14.969377+00:00,current-pr-heads-at-extraction; not frozen replay OIDs,git version 2.50.1 (Apple Git-155),refs/pull/N/head; --no-tags; depth 80; depth 600 retry if no merge base,git -c diff.renames=true -c diff.algorithm=myers diff --no-ext-diff --no-textconv --unified=0; default whitespace; binary paths count as files and contribute zero hunks,5cfaf42a6b256ee3d74902d81f55e114f8bb92f4,4547dd479d89a638cc96eaaad81b2118433055d9,5cfaf42a6b256ee3d74902d81f55e114f8bb92f4,4547dd479d89a638cc96eaaad81b2118433055d9,d910d918ad23f26f4e6535779c7194a504e8d885,d910d918ad23f26f4e6535779c7194a504e8d885,d910d918ad23f26f4e6535779c7194a504e8d885,5,19,1,2,OK
same,getsentry/sentry,93127,93150,CLEAN,false,false,2026-09-17T00:01:18.237986+00:00,current-pr-heads-at-extraction; not frozen replay OIDs,git version 2.50.1 (Apple Git-155),refs/pull/N/head; --no-tags; depth 80; depth 600 retry if no merge base,git -c diff.renames=true -c diff.algorithm=myers diff --no-ext-diff --no-textconv --unified=0; default whitespace; binary paths count as files and contribute zero hunks,79f0a26589759c3dde6920483ce504da6c10fb33,8b20f19b913320fc4fed083415f6a6e4e3ce6108,79f0a26589759c3dde6920483ce504da6c10fb33,8b20f19b913320fc4fed083415f6a6e4e3ce6108,bf40f6ce28370aa077a194bb72d644b5c9b2f088,f3b843776f63779e843d12df5a6b91c6227d7e94,fb7940709f859702783e91039960ee3e318de872,3,3,139,594,OK
same,mihneadb/node-directory-tree,131,132,CLEAN,false,false,2026-09-17T00:01:25.020900+00:00,current-pr-heads-at-extraction; not frozen replay OIDs,git version 2.50.1 (Apple Git-155),refs/pull/N/head; --no-tags; depth 80; depth 600 retry if no merge base,git -c diff.renames=true -c diff.algorithm=myers diff --no-ext-diff --no-textconv --unified=0; default whitespace; binary paths count as files and contribute zero hunks,46189d13287005e38aee63f7f1aa966b81d430d3,99854e8d913c05f5cadbeec40ee35941bf6fbcf1,46189d13287005e38aee63f7f1aa966b81d430d3,99854e8d913c05f5cadbeec40ee35941bf6fbcf1,248bc55925493b7094ab6f14a05b42d880df6ddc,33588a9833246201ba6840a7e3daaa528f33c313,46189d13287005e38aee63f7f1aa966b81d430d3,0,0,1,1,OK
same,cubicdaiya/nginx-build,203,204,CLEAN,false,false,2026-09-17T00:01:27.444902+00:00,current-pr-heads-at-extraction; not frozen replay OIDs,git version 2.50.1 (Apple Git-155),refs/pull/N/head; --no-tags; depth 80; depth 600 retry if no merge base,git -c diff.renames=true -c diff.algorithm=myers diff --no-ext-diff --no-textconv --unified=0; default whitespace; binary paths count as files and contribute zero hunks,ecd443b2d3fb6f3c33532ddb5e9165f79ce829c5,7387490968f69edbd46a17d276e013d783e03779,ecd443b2d3fb6f3c33532ddb5e9165f79ce829c5,7387490968f69edbd46a17d276e013d783e03779,8bc0dddeb41e7150062eba567babd6ecf6a7f741,8bc0dddeb41e7150062eba567babd6ecf6a7f741,8bc0dddeb41e7150062eba567babd6ecf6a7f741,1,1,4,12,OK
same,xtermjs/xterm.js,5360,5361,CLEAN,false,false,2026-09-17T00:01:29.747384+00:00,current-pr-heads-at-extraction; not frozen replay OIDs,git version 2.50.1 (Apple Git-155),refs/pull/N/head; --no-tags; depth 80; depth 600 retry if no merge base,git -c diff.renames=true -c diff.algorithm=myers diff --no-ext-diff --no-textconv --unified=0; default whitespace; binary paths count as files and contribute zero hunks,390f1125ddfb82174ff6d67eb3b2f7f99ad3df2f,d49ec968a1dad23ff569f1f0f8fee6f436eccd4f,390f1125ddfb82174ff6d67eb3b2f7f99ad3df2f,d49ec968a1dad23ff569f1f0f8fee6f436eccd4f,877b37d3cc4be2382a7fc5bd662cd3f57a86c536,877b37d3cc4be2382a7fc5bd662cd3f57a86c536,877b37d3cc4be2382a7fc5bd662cd3f57a86c536,0,0,0,0,OK
same,voku/portable-utf8,225,226,CLEAN,false,false,2026-09-17T00:01:33.394096+00:00,current-pr-heads-at-extraction; not frozen replay OIDs,git version 2.50.1 (Apple Git-155),refs/pull/N/head; --no-tags; depth 80; depth 600 retry if no merge base,git -c diff.renames=true -c diff.algorithm=myers diff --no-ext-diff --no-textconv --unified=0; default whitespace; binary paths count as files and contribute zero hunks,f7e03f3d8ed8460113ba6e7f63ace9b54be1d436,74cdefd56875ef1493f748e06dae03b7393fd4a2,f7e03f3d8ed8460113ba6e7f63ace9b54be1d436,74cdefd56875ef1493f748e06dae03b7393fd4a2,c4b377468db50ba8e10ec01ac683271a0ab10c8f,c4b377468db50ba8e10ec01ac683271a0ab10c8f,c4b377468db50ba8e10ec01ac683271a0ab10c8f,1,1,1,66,OK
same,dashpay/dash-wallet,1394,1395,CLEAN,false,false,2026-09-17T00:01:37.965655+00:00,current-pr-heads-at-extraction; not frozen replay OIDs,git version 2.50.1 (Apple Git-155),refs/pull/N/head; --no-tags; depth 80; depth 600 retry if no merge base,git -c diff.renames=true -c diff.algorithm=myers diff --no-ext-diff --no-textconv --unified=0; default whitespace; binary paths count as files and contribute zero hunks,6b2e8dd0c48b92f8ed2a5ff130dcec32d9d91bc7,4acdec4786c5c564dae774c6531e7d7bff1107a4,6b2e8dd0c48b92f8ed2a5ff130dcec32d9d91bc7,4acdec4786c5c564dae774c6531e7d7bff1107a4,6e22af32462b62d6a13a1d0c81a37cb571fab685,6e22af32462b62d6a13a1d0c81a37cb571fab685,6e22af32462b62d6a13a1d0c81a37cb571fab685,1,5,1,2,OK
same,licensee/licensee,852,853,CLEAN,false,false,2026-09-17T00:01:49.194475+00:00,current-pr-heads-at-extraction; not frozen replay OIDs,git version 2.50.1 (Apple Git-155),refs/pull/N/head; --no-tags; depth 80; depth 600 retry if no merge base,git -c diff.renames=true -c diff.algorithm=myers diff --no-ext-diff --no-textconv --unified=0; default whitespace; binary paths count as files and contribute zero hunks,923edb3aadcf8d933a6dbd6c556f846f08e9fd9c,4677abe19f31e66dbac42f4a45a8b17a0c21a724,923edb3aadcf8d933a6dbd6c556f846f08e9fd9c,4677abe19f31e66dbac42f4a45a8b17a0c21a724,d3ad3a42c704b3b0df70e9431a33655699830fbb,d3ad3a42c704b3b0df70e9431a33655699830fbb,d3ad3a42c704b3b0df70e9431a33655699830fbb,0,0,0,0,OK
same,wolfSSL/wolfssl-examples,489,490,CLEAN,false,false,2026-09-17T00:01:52.237182+00:00,current-pr-heads-at-extraction; not frozen replay OIDs,git version 2.50.1 (Apple Git-155),refs/pull/N/head; --no-tags; depth 80; depth 600 retry if no merge base,git -c diff.renames=true -c diff.algorithm=myers diff --no-ext-diff --no-textconv --unified=0; default whitespace; binary paths count as files and contribute zero hunks,5451ad7db3a1bc86c1c9610a043170b75e4fce78,a74868a6e0b770eb5ba718b1b1f7c8081b463fb7,5451ad7db3a1bc86c1c9610a043170b75e4fce78,a74868a6e0b770eb5ba718b1b1f7c8081b463fb7,702d54ca189730ddbd018c2a9e8f7b8c0af9ba98,702d54ca189730ddbd018c2a9e8f7b8c0af9ba98,5451ad7db3a1bc86c1c9610a043170b75e4fce78,0,0,2,25,OK
same,dotnet/aspnetcore,62027,62034,CLEAN,false,false,2026-09-17T00:01:55.879619+00:00,current-pr-heads-at-extraction; not frozen replay OIDs,git version 2.50.1 (Apple Git-155),refs/pull/N/head; --no-tags; depth 80; depth 600 retry if no merge base,git -c diff.renames=true -c diff.algorithm=myers diff --no-ext-diff --no-textconv --unified=0; default whitespace; binary paths count as files and contribute zero hunks,4cc431c105970fb1ed02e64db90dc9c22bec8c6f,27e125bc129d5d720f6a42df99823c21469db827,4cc431c105970fb1ed02e64db90dc9c22bec8c6f,27e125bc129d5d720f6a42df99823c21469db827,89b27fac9aae7350b7615fe73e3e1c69910efb48,4d10511a63631cd5933422a94508835889d3931e,89b27fac9aae7350b7615fe73e3e1c69910efb48,2,4,3,3,OK
same,numbagg/numbagg,384,385,CLEAN,false,false,2026-09-17T00:02:02.270474+00:00,current-pr-heads-at-extraction; not frozen replay OIDs,git version 2.50.1 (Apple Git-155),refs/pull/N/head; --no-tags; depth 80; depth 600 retry if no merge base,git -c diff.renames=true -c diff.algorithm=myers diff --no-ext-diff --no-textconv --unified=0; default whitespace; binary paths count as files and contribute zero hunks,33291e55a1d1ac1462702e794e0a5236af6c2078,fd24245ce46e395e36ce90712f0702fb3f359719,33291e55a1d1ac1462702e794e0a5236af6c2078,fd24245ce46e395e36ce90712f0702fb3f359719,526ff843f64754712eca4e4f9b137cc6c99317e9,526ff843f64754712eca4e4f9b137cc6c99317e9,d22a89ab498ab280eb4cd4e7198023745c9738c8,8,87,1,2,OK
same,apache/pinot,16078,16085,CLEAN,false,false,2026-09-17T00:02:05.166212+00:00,current-pr-heads-at-extraction; not frozen replay OIDs,git version 2.50.1 (Apple Git-155),refs/pull/N/head; --no-tags; depth 80; depth 600 retry if no merge base,git -c diff.renames=true -c diff.algorithm=myers diff --no-ext-diff --no-textconv --unified=0; default whitespace; binary paths count as files and contribute zero hunks,cf92428cd8a2729188c8c6db9c632b14eb972956,2fb7ac859796e9573770010c4999b4dedfaf2d6f,cf92428cd8a2729188c8c6db9c632b14eb972956,2fb7ac859796e9573770010c4999b4dedfaf2d6f,217b731085c443bd6cc43e713c8ff0cd1126a179,217b731085c443bd6cc43e713c8ff0cd1126a179,217b731085c443bd6cc43e713c8ff0cd1126a179,3,6,5,28,OK
same,yiisoft-contrib/yiiframework.com,1178,1179,CLEAN,false,false,2026-09-17T00:02:22.504805+00:00,current-pr-heads-at-extraction; not frozen replay OIDs,git version 2.50.1 (Apple Git-155),refs/pull/N/head; --no-tags; depth 80; depth 600 retry if no merge base,git -c diff.renames=true -c diff.algorithm=myers diff --no-ext-diff --no-textconv --unified=0; default whitespace; binary paths count as files and contribute zero hunks,b42309aa2c02d31e6dcf900eb2360e38fc72e387,8086a1b6b590121dc8dffad0e35b9132194eea36,b42309aa2c02d31e6dcf900eb2360e38fc72e387,8086a1b6b590121dc8dffad0e35b9132194eea36,4ef14a1ca1acf1ec8c1866f5453f0f71f54031a8,4ef14a1ca1acf1ec8c1866f5453f0f71f54031a8,4ef14a1ca1acf1ec8c1866f5453f0f71f54031a8,6,17,2,5,OK
same,CitizensFoundation/your-priorities-app,173,174,CLEAN,false,false,2026-09-17T00:02:28.583781+00:00,current-pr-heads-at-extraction; not frozen replay OIDs,git version 2.50.1 (Apple Git-155),refs/pull/N/head; --no-tags; depth 80; depth 600 retry if no merge base,git -c diff.renames=true -c diff.algorithm=myers diff --no-ext-diff --no-textconv --unified=0; default whitespace; binary paths count as files and contribute zero hunks,b83d0dc2b97d2d3fa0d79275f2fd97eeb36f93a6,a4ba33ad68be9a060c798c86a13ab89184b15c4c,b83d0dc2b97d2d3fa0d79275f2fd97eeb36f93a6,a4ba33ad68be9a060c798c86a13ab89184b15c4c,868977630fae6579668f61ae7e556bd850fac5f5,868977630fae6579668f61ae7e556bd850fac5f5,868977630fae6579668f61ae7e556bd850fac5f5,15,15,1,1,OK
same,microsoft/ApplicationInsights-Java,4252,4254,CLEAN,false,false,2026-09-17T00:02:35.834661+00:00,current-pr-heads-at-extraction; not frozen replay OIDs,git version 2.50.1 (Apple Git-155),refs/pull/N/head; --no-tags; depth 80; depth 600 retry if no merge base,git -c diff.renames=true -c diff.algorithm=myers diff --no-ext-diff --no-textconv --unified=0; default whitespace; binary paths count as files and contribute zero hunks,5bddd893cb369ff9d6f5c1106c48eca2312e967d,b23d93f3534cb8d97c6fb0b167238a2fc444586e,5bddd893cb369ff9d6f5c1106c48eca2312e967d,b23d93f3534cb8d97c6fb0b167238a2fc444586e,4cf74cad57ee6f854f802bd2bac5a7ee758a4103,e3acc1267e9f827a9a1e868523c8b39c9ee825de,e3acc1267e9f827a9a1e868523c8b39c9ee825de,47,148,0,0,OK
same,thrasher-corp/gocryptotrader,1956,1976,CLEAN,false,false,2026-09-17T00:02:38.720324+00:00,current-pr-heads-at-extraction; not frozen replay OIDs,git version 2.50.1 (Apple Git-155),refs/pull/N/head; --no-tags; depth 80; depth 600 retry if no merge base,git -c diff.renames=true -c diff.algorithm=myers diff --no-ext-diff --no-textconv --unified=0; default whitespace; binary paths count as files and contribute zero hunks,da283111271b2df6f364bccc629edcf56439e460,b2958f6ff16332b9665cc1c18917d8153208cede,da283111271b2df6f364bccc629edcf56439e460,b2958f6ff16332b9665cc1c18917d8153208cede,2a9b84931cca7bcc2f2961e442b75ad2edea83ff,2a9b84931cca7bcc2f2961e442b75ad2edea83ff,2a9b84931cca7bcc2f2961e442b75ad2edea83ff,15,15,1,4,OK
same,addok/addok,891,892,CLEAN,false,false,2026-09-17T00:02:42.658177+00:00,current-pr-heads-at-extraction; not frozen replay OIDs,git version 2.50.1 (Apple Git-155),refs/pull/N/head; --no-tags; depth 80; depth 600 retry if no merge base,git -c diff.renames=true -c diff.algorithm=myers diff --no-ext-diff --no-textconv --unified=0; default whitespace; binary paths count as files and contribute zero hunks,26dbfd4679ea12742282414ddd53ace12e57c24b,9a12f0da48ad6a26550fed8c069736201466faf7,26dbfd4679ea12742282414ddd53ace12e57c24b,9a12f0da48ad6a26550fed8c069736201466faf7,f05564c9fc00916a88a180272fc96f62f1677863,f05564c9fc00916a88a180272fc96f62f1677863,f05564c9fc00916a88a180272fc96f62f1677863,1,1,2,4,OK
same,OrchardCMS/OrchardCore,18179,18184,CONFLICT,true,true,2026-09-17T00:02:45.541789+00:00,current-pr-heads-at-extraction; not frozen replay OIDs,git version 2.50.1 (Apple Git-155),refs/pull/N/head; --no-tags; depth 80; depth 600 retry if no merge base,git -c diff.renames=true -c diff.algorithm=myers diff --no-ext-diff --no-textconv --unified=0; default whitespace; binary paths count as files and contribute zero hunks,a5587abeca41a900641eea9dd122ad42913f2d26,25eaa06c64d8fd8b3c25c34dbea0b065f1e94757,a5587abeca41a900641eea9dd122ad42913f2d26,25eaa06c64d8fd8b3c25c34dbea0b065f1e94757,cd83239407854b1005b58c7c0c243645e192a42f,7952356814a28dc391ce7204ce9aef9d86e7617f,cd83239407854b1005b58c7c0c243645e192a42f,13,58,44,140,OK
same,StockSharp/StockSharp,465,466,CLEAN,false,false,2026-09-17T00:02:59.820781+00:00,current-pr-heads-at-extraction; not frozen replay OIDs,git version 2.50.1 (Apple Git-155),refs/pull/N/head; --no-tags; depth 80; depth 600 retry if no merge base,git -c diff.renames=true -c diff.algorithm=myers diff --no-ext-diff --no-textconv --unified=0; default whitespace; binary paths count as files and contribute zero hunks,381765c039f06e04c6ff86885f3220ab4bc72e12,ac45d964a41f059be59886d6688eb38e9a0d465b,381765c039f06e04c6ff86885f3220ab4bc72e12,ac45d964a41f059be59886d6688eb38e9a0d465b,b45f551b96bb60cb242c8017854e051c9f0bc3e9,b45f551b96bb60cb242c8017854e051c9f0bc3e9,b45f551b96bb60cb242c8017854e051c9f0bc3e9,1,1,1,1,OK
same,EasyCorp/EasyAdminBundle,6964,6965,CLEAN,false,false,2026-09-17T00:03:11.053117+00:00,current-pr-heads-at-extraction; not frozen replay OIDs,git version 2.50.1 (Apple Git-155),refs/pull/N/head; --no-tags; depth 80; depth 600 retry if no merge base,git -c diff.renames=true -c diff.algorithm=myers diff --no-ext-diff --no-textconv --unified=0; default whitespace; binary paths count as files and contribute zero hunks,a2c134a82fb6e24afa88b6b7db8ab55beee88a64,93f2414fcb949194a280c89ed691a736fe88bb5f,a2c134a82fb6e24afa88b6b7db8ab55beee88a64,93f2414fcb949194a280c89ed691a736fe88bb5f,89b037c3a3bf1af8c352ab5c0b1565d63ef77b09,89b037c3a3bf1af8c352ab5c0b1565d63ef77b09,89b037c3a3bf1af8c352ab5c0b1565d63ef77b09,1,1,1,2,OK
same,OpenHFT/Chronicle-Threads,274,275,CLEAN,false,false,2026-09-17T00:03:14.312967+00:00,current-pr-heads-at-extraction; not frozen replay OIDs,git version 2.50.1 (Apple Git-155),refs/pull/N/head; --no-tags; depth 80; depth 600 retry if no merge base,git -c diff.renames=true -c diff.algorithm=myers diff --no-ext-diff --no-textconv --unified=0; default whitespace; binary paths count as files and contribute zero hunks,d8516329a71cf8ceaab8998eb47b51e978fc4e73,d590a87894c27730b5bb09c6bd24e6c632118302,d8516329a71cf8ceaab8998eb47b51e978fc4e73,d590a87894c27730b5bb09c6bd24e6c632118302,4ebe922a2e2578cd8747e47bd823ad5d35dee93a,fa99c62807228afb1e564d7cd123d0e52bf233c0,4ebe922a2e2578cd8747e47bd823ad5d35dee93a,1,1,3,35,OK
same,OpenHFT/Chronicle-Values,61,62,CLEAN,false,false,2026-09-17T00:03:17.239034+00:00,current-pr-heads-at-extraction; not frozen replay OIDs,git version 2.50.1 (Apple Git-155),refs/pull/N/head; --no-tags; depth 80; depth 600 retry if no merge base,git -c diff.renames=true -c diff.algorithm=myers diff --no-ext-diff --no-textconv --unified=0; default whitespace; binary paths count as files and contribute zero hunks,c9dd7f9d49c095695f5d571e6ca1bf301ba26959,4e66eb2270b05a686c3d4a2ac4679a331d951cf0,c9dd7f9d49c095695f5d571e6ca1bf301ba26959,4e66eb2270b05a686c3d4a2ac4679a331d951cf0,3624a4228eff93e078b128b52fb17f9031dd4380,3624a4228eff93e078b128b52fb17f9031dd4380,3624a4228eff93e078b128b52fb17f9031dd4380,1,4,1,9,OK
same,zeroc-ice/ice-demos,492,494,CLEAN,false,false,2026-09-17T00:03:20.394615+00:00,current-pr-heads-at-extraction; not frozen replay OIDs,git version 2.50.1 (Apple Git-155),refs/pull/N/head; --no-tags; depth 80; depth 600 retry if no merge base,git -c diff.renames=true -c diff.algorithm=myers diff --no-ext-diff --no-textconv --unified=0; default whitespace; binary paths count as files and contribute zero hunks,d926700b857989d9af4b233a8f6fb21d112443dd,cef38021eb679ad050198f95b2b5984282d1a27d,d926700b857989d9af4b233a8f6fb21d112443dd,cef38021eb679ad050198f95b2b5984282d1a27d,c77540dfef60855ea33c0647d84852fde42ec98f,c77540dfef60855ea33c0647d84852fde42ec98f,c77540dfef60855ea33c0647d84852fde42ec98f,9,9,8,8,OK
same,Azure/autorest,5115,5116,CLEAN,false,false,2026-09-17T00:03:23.117877+00:00,current-pr-heads-at-extraction; not frozen replay OIDs,git version 2.50.1 (Apple Git-155),refs/pull/N/head; --no-tags; depth 80; depth 600 retry if no merge base,git -c diff.renames=true -c diff.algorithm=myers diff --no-ext-diff --no-textconv --unified=0; default whitespace; binary paths count as files and contribute zero hunks,69342dbab7107ff0af908e324ba8369b4a35295f,5178e2a0a64732a1ed89f178a612184d1ec249d0,69342dbab7107ff0af908e324ba8369b4a35295f,5178e2a0a64732a1ed89f178a612184d1ec249d0,46b3f59c6a171f04ba53140174ece9c098d503e4,46b3f59c6a171f04ba53140174ece9c098d503e4,46b3f59c6a171f04ba53140174ece9c098d503e4,0,0,8,31,OK
same,kern/filepizza,277,278,CONFLICT,true,true,2026-09-17T00:03:27.808939+00:00,current-pr-heads-at-extraction; not frozen replay OIDs,git version 2.50.1 (Apple Git-155),refs/pull/N/head; --no-tags; depth 80; depth 600 retry if no merge base,git -c diff.renames=true -c diff.algorithm=myers diff --no-ext-diff --no-textconv --unified=0; default whitespace; binary paths count as files and contribute zero hunks,2e949a4a43fc08b72f9b1e04ecc007e782c729d9,a527114386a79c5836c19d36f248977116826c12,2e949a4a43fc08b72f9b1e04ecc007e782c729d9,a527114386a79c5836c19d36f248977116826c12,ffd64d8d990ae1283fdeda04e45b8920ffe469d3,ffd64d8d990ae1283fdeda04e45b8920ffe469d3,ffd64d8d990ae1283fdeda04e45b8920ffe469d3,37,215,5,11,OK
same,dasch/avro_turf,224,225,CLEAN,false,false,2026-09-17T00:03:30.644774+00:00,current-pr-heads-at-extraction; not frozen replay OIDs,git version 2.50.1 (Apple Git-155),refs/pull/N/head; --no-tags; depth 80; depth 600 retry if no merge base,git -c diff.renames=true -c diff.algorithm=myers diff --no-ext-diff --no-textconv --unified=0; default whitespace; binary paths count as files and contribute zero hunks,b1b1d42d7642fe809870abaa57feb215a778d0d9,7c5ae93b307d0958d3101118feef2eab0b843e62,b1b1d42d7642fe809870abaa57feb215a778d0d9,7c5ae93b307d0958d3101118feef2eab0b843e62,81b1e58154aaacd6b1cd9fd026af3eb7ac32558c,81b1e58154aaacd6b1cd9fd026af3eb7ac32558c,81b1e58154aaacd6b1cd9fd026af3eb7ac32558c,1,1,2,3,OK
same,microsoft/TypeScript,61854,61855,CLEAN,false,false,2026-09-17T00:03:32.847352+00:00,current-pr-heads-at-extraction; not frozen replay OIDs,git version 2.50.1 (Apple Git-155),refs/pull/N/head; --no-tags; depth 80; depth 600 retry if no merge base,git -c diff.renames=true -c diff.algorithm=myers diff --no-ext-diff --no-textconv --unified=0; default whitespace; binary paths count as files and contribute zero hunks,8f480ef909f5053c1197f7dcb48c696a20b8f63b,544d17525a8dfdf44f1de1b74f863c59156b6451,8f480ef909f5053c1197f7dcb48c696a20b8f63b,544d17525a8dfdf44f1de1b74f863c59156b6451,dd1e258ba56f1b511879372c857fb625de3dec4a,dd1e258ba56f1b511879372c857fb625de3dec4a,dd1e258ba56f1b511879372c857fb625de3dec4a,3,3,2,8,OK
same,sakaiproject/sakai,13751,13754,CLEAN,false,false,2026-09-17T00:03:47.144566+00:00,current-pr-heads-at-extraction; not frozen replay OIDs,git version 2.50.1 (Apple Git-155),refs/pull/N/head; --no-tags; depth 80; depth 600 retry if no merge base,git -c diff.renames=true -c diff.algorithm=myers diff --no-ext-diff --no-textconv --unified=0; default whitespace; binary paths count as files and contribute zero hunks,9a434bc9f89464d30b14304a9ea84498c827d37e,e9db7163491b779d9b6bcaf59151510a3fa8c09d,9a434bc9f89464d30b14304a9ea84498c827d37e,e9db7163491b779d9b6bcaf59151510a3fa8c09d,1fe64d4120aa97c1db162dd95a636ed35e9e4d44,1fe64d4120aa97c1db162dd95a636ed35e9e4d44,1fe64d4120aa97c1db162dd95a636ed35e9e4d44,20,21,7,8,OK
same,nunit/nunit3-vs-adapter,1274,1275,CLEAN,false,false,2026-09-17T00:04:00.352730+00:00,current-pr-heads-at-extraction; not frozen replay OIDs,git version 2.50.1 (Apple Git-155),refs/pull/N/head; --no-tags; depth 80; depth 600 retry if no merge base,git -c diff.renames=true -c diff.algorithm=myers diff --no-ext-diff --no-textconv --unified=0; default whitespace; binary paths count as files and contribute zero hunks,ff6924ada4e54e52d541bb759a0a47869a683992,da677a51926568ce8fe97e28e931176a4f58ad3a,ff6924ada4e54e52d541bb759a0a47869a683992,da677a51926568ce8fe97e28e931176a4f58ad3a,b26a9568fe86d2e8d78d31fe34e9850aa5ff1a23,4b0b215fb985502b3a219e4f99383492b5350177,b26a9568fe86d2e8d78d31fe34e9850aa5ff1a23,1,2,7,10,OK
same,microsoft/ApplicationInsights-JS,2532,2533,CLEAN,false,false,2026-09-17T00:04:03.338201+00:00,current-pr-heads-at-extraction; not frozen replay OIDs,git version 2.50.1 (Apple Git-155),refs/pull/N/head; --no-tags; depth 80; depth 600 retry if no merge base,git -c diff.renames=true -c diff.algorithm=myers diff --no-ext-diff --no-textconv --unified=0; default whitespace; binary paths count as files and contribute zero hunks,adb5a4bb713b427d32f9fcef78e96e6235791be2,54b5570fe1f56251538b81e8f187ba5b3b706266,adb5a4bb713b427d32f9fcef78e96e6235791be2,54b5570fe1f56251538b81e8f187ba5b3b706266,a38e08e1678879413b46d4af9f88162f1e0a1263,0f42a7caa95f332ac8b38fa70dcd18a4c189fd7b,a38e08e1678879413b46d4af9f88162f1e0a1263,0,0,7,14,OK
same,hmislk/hmis,12752,12753,CLEAN,false,false,2026-09-17T00:04:06.994319+00:00,current-pr-heads-at-extraction; not frozen replay OIDs,git version 2.50.1 (Apple Git-155),refs/pull/N/head; --no-tags; depth 80; depth 600 retry if no merge base,git -c diff.renames=true -c diff.algorithm=myers diff --no-ext-diff --no-textconv --unified=0; default whitespace; binary paths count as files and contribute zero hunks,896bf629f97c5fd19ff73ebae4801b766f28b703,02b0226cf65772b99b2be6414b8d387265e4cff7,896bf629f97c5fd19ff73ebae4801b766f28b703,02b0226cf65772b99b2be6414b8d387265e4cff7,f1fb00075ff60921a147a036401d24d22c1448a9,f1fb00075ff60921a147a036401d24d22c1448a9,42fc6f5866f548be4a1f27898647e31870750a49,1,2,3,55,OK
same,root-gg/plik,532,533,CLEAN,false,false,2026-09-17T00:04:21.199660+00:00,current-pr-heads-at-extraction; not frozen replay OIDs,git version 2.50.1 (Apple Git-155),refs/pull/N/head; --no-tags; depth 80; depth 600 retry if no merge base,git -c diff.renames=true -c diff.algorithm=myers diff --no-ext-diff --no-textconv --unified=0; default whitespace; binary paths count as files and contribute zero hunks,a5c53d658541ecd1150ca04b0b8405e8c67f29be,a0de18faeb3d10fd9da66011419372b0f9d397ce,a5c53d658541ecd1150ca04b0b8405e8c67f29be,a0de18faeb3d10fd9da66011419372b0f9d397ce,d59dfbb75b0fc94248358f6c5bb206e2c2335c74,bfe0ffca5690cd878f67e5debe74c5971368ea91,a5c53d658541ecd1150ca04b0b8405e8c67f29be,0,0,2,2,OK
same,ant-design/ant-design,54316,54317,CONFLICT,true,true,2026-09-17T00:04:25.716818+00:00,current-pr-heads-at-extraction; not frozen replay OIDs,git version 2.50.1 (Apple Git-155),refs/pull/N/head; --no-tags; depth 80; depth 600 retry if no merge base,git -c diff.renames=true -c diff.algorithm=myers diff --no-ext-diff --no-textconv --unified=0; default whitespace; binary paths count as files and contribute zero hunks,5759bd66f6f3650c10ac04cc70ac00c236b8316c,19539fb14472aa641f3841ebd4ea3e07b954fb5c,5759bd66f6f3650c10ac04cc70ac00c236b8316c,19539fb14472aa641f3841ebd4ea3e07b954fb5c,107b4bed344a969ae3ee0aa71c8a581d38740328,14af06c614cc2ebd0d54e9af4d0235a7298ccfcb,107b4bed344a969ae3ee0aa71c8a581d38740328,2,4,18,47,OK
same,dotnet/Nerdbank.GitVersioning,1208,1209,CLEAN,false,false,2026-09-17T00:04:32.218320+00:00,current-pr-heads-at-extraction; not frozen replay OIDs,git version 2.50.1 (Apple Git-155),refs/pull/N/head; --no-tags; depth 80; depth 600 retry if no merge base,git -c diff.renames=true -c diff.algorithm=myers diff --no-ext-diff --no-textconv --unified=0; default whitespace; binary paths count as files and contribute zero hunks,59da781b581700f16e8deb5344a3052a8f02baf1,b538c49f6ec40bfb9fba6c0a5c1e99d740f01c24,59da781b581700f16e8deb5344a3052a8f02baf1,b538c49f6ec40bfb9fba6c0a5c1e99d740f01c24,ea77830606de81dba1e1819ff987672f57c99f4e,885aca5d6965451981978fbf605b30940d003bfa,ea77830606de81dba1e1819ff987672f57c99f4e,1,5,4,15,OK
same,dotnet/fsharp,18575,18576,CONFLICT,true,true,2026-09-17T00:04:35.567756+00:00,current-pr-heads-at-extraction; not frozen replay OIDs,git version 2.50.1 (Apple Git-155),refs/pull/N/head; --no-tags; depth 80; depth 600 retry if no merge base,git -c diff.renames=true -c diff.algorithm=myers diff --no-ext-diff --no-textconv --unified=0; default whitespace; binary paths count as files and contribute zero hunks,8c9c0b48b3bb5206eb2c408321ef4f79277945fb,3dbe6ecfe88b48751992bcf9dcdc32a9cbbff65d,8c9c0b48b3bb5206eb2c408321ef4f79277945fb,3dbe6ecfe88b48751992bcf9dcdc32a9cbbff65d,087ffa2d42579baec3b6adcd9b8f568c7dd14ccb,984837bababb542c616bc05ac56b33eeec933818,087ffa2d42579baec3b6adcd9b8f568c7dd14ccb,17,17,827,3100,OK
same,microsoft/perfview,2202,2203,CLEAN,false,false,2026-09-17T00:04:45.336662+00:00,current-pr-heads-at-extraction; not frozen replay OIDs,git version 2.50.1 (Apple Git-155),refs/pull/N/head; --no-tags; depth 80; depth 600 retry if no merge base,git -c diff.renames=true -c diff.algorithm=myers diff --no-ext-diff --no-textconv --unified=0; default whitespace; binary paths count as files and contribute zero hunks,9d0f742037c6f8517a557a3001014807a940fe3d,c39dc652522ba68e15bfbbff54832fb676e5f051,9d0f742037c6f8517a557a3001014807a940fe3d,c39dc652522ba68e15bfbbff54832fb676e5f051,bf245fd802190f4cf9223e2bd9de20707c61ab4c,bf245fd802190f4cf9223e2bd9de20707c61ab4c,bf245fd802190f4cf9223e2bd9de20707c61ab4c,1,2,1,1,OK
same,hackmdio/codimd,1923,1926,CONFLICT,true,true,2026-09-17T00:05:18.794935+00:00,current-pr-heads-at-extraction; not frozen replay OIDs,git version 2.50.1 (Apple Git-155),refs/pull/N/head; --no-tags; depth 80; depth 600 retry if no merge base,git -c diff.renames=true -c diff.algorithm=myers diff --no-ext-diff --no-textconv --unified=0; default whitespace; binary paths count as files and contribute zero hunks,e1ccb546391366ddff0e6b76e0fc5979483b0820,14689c52007d40cc1eb187614e527fd3f657836c,e1ccb546391366ddff0e6b76e0fc5979483b0820,14689c52007d40cc1eb187614e527fd3f657836c,b1188a5648a23d970b9ad58612376e6602431f6f,d0e9ea0d6e784b04474b1a74e4d597c3c3f462d6,d0e9ea0d6e784b04474b1a74e4d597c3c3f462d6,16,4165,5,70,OK
same,Azure/azure-sdk-for-java,45590,45595,CLEAN,false,false,2026-09-17T00:05:24.441782+00:00,current-pr-heads-at-extraction; not frozen replay OIDs,git version 2.50.1 (Apple Git-155),refs/pull/N/head; --no-tags; depth 80; depth 600 retry if no merge base,git -c diff.renames=true -c diff.algorithm=myers diff --no-ext-diff --no-textconv --unified=0; default whitespace; binary paths count as files and contribute zero hunks,f4ace0009c44b632fcf607aa89b0b0780807784a,c3ce19092b8afdde83b45e4270152b971359843a,f4ace0009c44b632fcf607aa89b0b0780807784a,c3ce19092b8afdde83b45e4270152b971359843a,52c0fe4476e04bd16a7d84ad5d8cee453a2f9928,17e28d858f19d0eb32ef859caaa6cd205e4c2b4c,17e28d858f19d0eb32ef859caaa6cd205e4c2b4c,13,35,1,1,OK
same,graphistry/pygraphistry,706,707,CLEAN,false,false,2026-09-17T00:06:05.645496+00:00,current-pr-heads-at-extraction; not frozen replay OIDs,git version 2.50.1 (Apple Git-155),refs/pull/N/head; --no-tags; depth 80; depth 600 retry if no merge base,git -c diff.renames=true -c diff.algorithm=myers diff --no-ext-diff --no-textconv --unified=0; default whitespace; binary paths count as files and contribute zero hunks,ccdc8677c019c364bc8c4d8c29c851ea0262913e,cea5069541b38c1abe11d435d489fb262eae34c9,ccdc8677c019c364bc8c4d8c29c851ea0262913e,cea5069541b38c1abe11d435d489fb262eae34c9,d61ea8e21db7ceb2cc9c4f0160c8b197bd3dc31a,ccdc8677c019c364bc8c4d8c29c851ea0262913e,ccdc8677c019c364bc8c4d8c29c851ea0262913e,0,0,9,24,OK
same,getsentry/sentry-docs,13951,13959,CLEAN,false,false,2026-09-17T00:06:08.954266+00:00,current-pr-heads-at-extraction; not frozen replay OIDs,git version 2.50.1 (Apple Git-155),refs/pull/N/head; --no-tags; depth 80; depth 600 retry if no merge base,git -c diff.renames=true -c diff.algorithm=myers diff --no-ext-diff --no-textconv --unified=0; default whitespace; binary paths count as files and contribute zero hunks,0bbaf7041975a89aa8a487453ecdfc0cc18b97a8,9629e50a13049bbb03402bd1f5aab3faf460a2ee,0bbaf7041975a89aa8a487453ecdfc0cc18b97a8,9629e50a13049bbb03402bd1f5aab3faf460a2ee,7f9ddccc6d9e5446fc8eb14a140eb0f43cc6bd59,50b852891057abf401fba7ded6cd8bfa9a8382dc,7f9ddccc6d9e5446fc8eb14a140eb0f43cc6bd59,10,1799,47,110,OK
same,evergreen-ci/evergreen,9033,9034,CLEAN,false,false,2026-09-17T00:06:48.486350+00:00,current-pr-heads-at-extraction; not frozen replay OIDs,git version 2.50.1 (Apple Git-155),refs/pull/N/head; --no-tags; depth 80; depth 600 retry if no merge base,git -c diff.renames=true -c diff.algorithm=myers diff --no-ext-diff --no-textconv --unified=0; default whitespace; binary paths count as files and contribute zero hunks,6065b07de5089c11072393cf5a8cb3d5c337a2c3,aca4ad73037d7cc6c80a5f6891617c3f37822f8d,6065b07de5089c11072393cf5a8cb3d5c337a2c3,aca4ad73037d7cc6c80a5f6891617c3f37822f8d,2dc0d30a321b0fff900f6e3a597108fbfdecf8aa,372b164123ae2cdab6f2829a29f4bc3c05d7044f,2dc0d30a321b0fff900f6e3a597108fbfdecf8aa,2,7,6,24,OK
same,microsoft/Qcodes,7213,7222,CLEAN,false,false,2026-09-17T00:06:56.205195+00:00,current-pr-heads-at-extraction; not frozen replay OIDs,git version 2.50.1 (Apple Git-155),refs/pull/N/head; --no-tags; depth 80; depth 600 retry if no merge base,git -c diff.renames=true -c diff.algorithm=myers diff --no-ext-diff --no-textconv --unified=0; default whitespace; binary paths count as files and contribute zero hunks,619da72808bb5273e743612924d666d0eeda9648,499c1c92f109ed7b2f8b872d1d10efd5010f9072,619da72808bb5273e743612924d666d0eeda9648,499c1c92f109ed7b2f8b872d1d10efd5010f9072,3fac6137d8834c0b57a43cd1d2c255d21459500b,57cd9667f1e4084e9878b9d5d2658607347be212,499c1c92f109ed7b2f8b872d1d10efd5010f9072,41,178,0,0,OK
same,movim/movim,1449,1450,CLEAN,false,false,2026-09-17T00:07:04.111693+00:00,current-pr-heads-at-extraction; not frozen replay OIDs,git version 2.50.1 (Apple Git-155),refs/pull/N/head; --no-tags; depth 80; depth 600 retry if no merge base,git -c diff.renames=true -c diff.algorithm=myers diff --no-ext-diff --no-textconv --unified=0; default whitespace; binary paths count as files and contribute zero hunks,8a90b5104847ff23b213442ceb6da5c6e5965e44,d26042c64c2c7f2b968057d251293dace3078ff0,8a90b5104847ff23b213442ceb6da5c6e5965e44,d26042c64c2c7f2b968057d251293dace3078ff0,c1f330c3189d35ee096e9fde6c6e715e2211f378,c1f330c3189d35ee096e9fde6c6e715e2211f378,c1f330c3189d35ee096e9fde6c6e715e2211f378,0,0,0,0,OK
same,coturn/coturn,1721,1722,CLEAN,false,false,2026-09-17T00:07:08.758428+00:00,current-pr-heads-at-extraction; not frozen replay OIDs,git version 2.50.1 (Apple Git-155),refs/pull/N/head; --no-tags; depth 80; depth 600 retry if no merge base,git -c diff.renames=true -c diff.algorithm=myers diff --no-ext-diff --no-textconv --unified=0; default whitespace; binary paths count as files and contribute zero hunks,2d00efb954c62671e68fc16c7c795ced476d56e1,2bae1415e72ea89c270a23fc337f4a6bd214f436,2d00efb954c62671e68fc16c7c795ced476d56e1,2bae1415e72ea89c270a23fc337f4a6bd214f436,68ac0772d9b9055da5f17023f965518bdcd6bf90,68ac0772d9b9055da5f17023f965518bdcd6bf90,68ac0772d9b9055da5f17023f965518bdcd6bf90,1,5,1,2,OK
same,gojiplus/tuber,143,144,CLEAN,false,false,2026-09-17T00:07:11.804052+00:00,current-pr-heads-at-extraction; not frozen replay OIDs,git version 2.50.1 (Apple Git-155),refs/pull/N/head; --no-tags; depth 80; depth 600 retry if no merge base,git -c diff.renames=true -c diff.algorithm=myers diff --no-ext-diff --no-textconv --unified=0; default whitespace; binary paths count as files and contribute zero hunks,fe35b3915239f4a0e43c8349016784aefa547b17,3de42b461ca56c911f8a93f6afaf4c7c933530b6,fe35b3915239f4a0e43c8349016784aefa547b17,3de42b461ca56c911f8a93f6afaf4c7c933530b6,1d3c1b3b31783b826d18ab9a5d41a87d16e43dcd,1d3c1b3b31783b826d18ab9a5d41a87d16e43dcd,642c486bcde194caeaf7e98a06422ca805ea3e5a,5,10,3,3,OK
same,microsoft/GSL,1206,1208,CLEAN,false,false,2026-09-17T00:07:16.322148+00:00,current-pr-heads-at-extraction; not frozen replay OIDs,git version 2.50.1 (Apple Git-155),refs/pull/N/head; --no-tags; depth 80; depth 600 retry if no merge base,git -c diff.renames=true -c diff.algorithm=myers diff --no-ext-diff --no-textconv --unified=0; default whitespace; binary paths count as files and contribute zero hunks,460ced0bd9df755c03905bbc3efecfabf57ebcff,07113572283b72f995960150c5c7e99bd7b321f7,460ced0bd9df755c03905bbc3efecfabf57ebcff,07113572283b72f995960150c5c7e99bd7b321f7,466e4ebaa54dcf4257698d707d76d69a90614450,466e4ebaa54dcf4257698d707d76d69a90614450,466e4ebaa54dcf4257698d707d76d69a90614450,1,2,6,11,OK
same,prebid/Prebid.js,13134,13135,CONFLICT,true,true,2026-09-17T00:07:19.457960+00:00,current-pr-heads-at-extraction; not frozen replay OIDs,git version 2.50.1 (Apple Git-155),refs/pull/N/head; --no-tags; depth 80; depth 600 retry if no merge base,git -c diff.renames=true -c diff.algorithm=myers diff --no-ext-diff --no-textconv --unified=0; default whitespace; binary paths count as files and contribute zero hunks,c024422e7b831ab376f5853a0ec0b07424f69f7f,b5d7f50d39932a8f265aad4e6ae4856f0690e2df,c024422e7b831ab376f5853a0ec0b07424f69f7f,b5d7f50d39932a8f265aad4e6ae4856f0690e2df,0cc1f325614ee71bba47144d4cccb08260a9a3c8,df04e1d85f8252de472401466748564b9668c501,0cc1f325614ee71bba47144d4cccb08260a9a3c8,13,21,293,975,OK
same,reneschulte/WriteableBitmapEx,94,95,CLEAN,false,false,2026-09-17T00:07:23.665440+00:00,current-pr-heads-at-extraction; not frozen replay OIDs,git version 2.50.1 (Apple Git-155),refs/pull/N/head; --no-tags; depth 80; depth 600 retry if no merge base,git -c diff.renames=true -c diff.algorithm=myers diff --no-ext-diff --no-textconv --unified=0; default whitespace; binary paths count as files and contribute zero hunks,fc0a7b7b7636207e3a712896caf22436ad72c308,6cf171fb65c5d0249e1591da9adb5ecf4810b778,fc0a7b7b7636207e3a712896caf22436ad72c308,6cf171fb65c5d0249e1591da9adb5ecf4810b778,5939fb6a6b9678147b81e4a9df18b9181d96e520,5939fb6a6b9678147b81e4a9df18b9181d96e520,5939fb6a6b9678147b81e4a9df18b9181d96e520,5,5,1,1,OK
same,camunda/camunda-modeler,5146,5148,CLEAN,false,false,2026-09-17T00:07:26.835312+00:00,current-pr-heads-at-extraction; not frozen replay OIDs,git version 2.50.1 (Apple Git-155),refs/pull/N/head; --no-tags; depth 80; depth 600 retry if no merge base,git -c diff.renames=true -c diff.algorithm=myers diff --no-ext-diff --no-textconv --unified=0; default whitespace; binary paths count as files and contribute zero hunks,7682d0259ef168ded1bc581122b2d2af68f2a94b,c58a167d9272ff1d3136bd1a27e25f14d58c9435,7682d0259ef168ded1bc581122b2d2af68f2a94b,c58a167d9272ff1d3136bd1a27e25f14d58c9435,016a65803af9ac8d39fa7eda54db7f090080f4bb,016a65803af9ac8d39fa7eda54db7f090080f4bb,016a65803af9ac8d39fa7eda54db7f090080f4bb,2,5,4,80,OK
same,dotnet/msbuild,11874,11887,CLEAN,false,false,2026-09-17T00:07:30.674341+00:00,current-pr-heads-at-extraction; not frozen replay OIDs,git version 2.50.1 (Apple Git-155),refs/pull/N/head; --no-tags; depth 80; depth 600 retry if no merge base,git -c diff.renames=true -c diff.algorithm=myers diff --no-ext-diff --no-textconv --unified=0; default whitespace; binary paths count as files and contribute zero hunks,b45cc27d4f6aa496c79242529fa0793dd661cf26,738cf6a664cca905ec6c3728a44332849a275f12,b45cc27d4f6aa496c79242529fa0793dd661cf26,738cf6a664cca905ec6c3728a44332849a275f12,4b2d01ad2b0ef3ee4a05ed29ff1ec2b558b51f17,585b8739176cab9b428d90ecb50d5361763ed68e,4b2d01ad2b0ef3ee4a05ed29ff1ec2b558b51f17,1,1,8,13,OK
same,microsoft/pict,132,133,CLEAN,false,false,2026-09-17T00:07:42.555019+00:00,current-pr-heads-at-extraction; not frozen replay OIDs,git version 2.50.1 (Apple Git-155),refs/pull/N/head; --no-tags; depth 80; depth 600 retry if no merge base,git -c diff.renames=true -c diff.algorithm=myers diff --no-ext-diff --no-textconv --unified=0; default whitespace; binary paths count as files and contribute zero hunks,c6f8185d9466482dd7a8bb3db61e2e853221c317,feb1fd7bb5a5a0bd5ac82ab1b55cbce61190e3e1,c6f8185d9466482dd7a8bb3db61e2e853221c317,feb1fd7bb5a5a0bd5ac82ab1b55cbce61190e3e1,0dc3a595f70c841a70287bf17281f66a28155ec4,0dc3a595f70c841a70287bf17281f66a28155ec4,0dc3a595f70c841a70287bf17281f66a28155ec4,1,3,5,5,OK
same,microsoft/Windows-classic-samples,385,386,CLEAN,false,false,2026-09-17T00:07:45.553594+00:00,current-pr-heads-at-extraction; not frozen replay OIDs,git version 2.50.1 (Apple Git-155),refs/pull/N/head; --no-tags; depth 80; depth 600 retry if no merge base,git -c diff.renames=true -c diff.algorithm=myers diff --no-ext-diff --no-textconv --unified=0; default whitespace; binary paths count as files and contribute zero hunks,79016ab5fb127c1d5f2fdb169178547849dce59a,9c42b9d405888edbfb541d77ce112f529db075ce,79016ab5fb127c1d5f2fdb169178547849dce59a,9c42b9d405888edbfb541d77ce112f529db075ce,2b94df5730177ec27e726b60017c01c97ef1a8fb,2b94df5730177ec27e726b60017c01c97ef1a8fb,2b94df5730177ec27e726b60017c01c97ef1a8fb,13,14,6,7,OK
same,AMICI-dev/AMICI,2746,2749,CLEAN,false,false,2026-09-17T00:07:55.331576+00:00,current-pr-heads-at-extraction; not frozen replay OIDs,git version 2.50.1 (Apple Git-155),refs/pull/N/head; --no-tags; depth 80; depth 600 retry if no merge base,git -c diff.renames=true -c diff.algorithm=myers diff --no-ext-diff --no-textconv --unified=0; default whitespace; binary paths count as files and contribute zero hunks,311f1e4686b51af11be8ce0e7edb0fa8ab386ac8,9a4cbe93d48e01bc64d07587a4d4c30a55741111,311f1e4686b51af11be8ce0e7edb0fa8ab386ac8,9a4cbe93d48e01bc64d07587a4d4c30a55741111,4d8534752b4dd880ea79d07b91e6c0ccdc51e251,6ebf6a35e7834cce86bc1510a0e68c1ff496dcd1,6ebf6a35e7834cce86bc1510a0e68c1ff496dcd1,29,364,1,1,OK
same,unbug/codelf,141,142,CONFLICT,false,false,2026-09-17T00:08:00.203797+00:00,current-pr-heads-at-extraction; not frozen replay OIDs,git version 2.50.1 (Apple Git-155),refs/pull/N/head; --no-tags; depth 80; depth 600 retry if no merge base,git -c diff.renames=true -c diff.algorithm=myers diff --no-ext-diff --no-textconv --unified=0; default whitespace; binary paths count as files and contribute zero hunks,4e75dd9a4791c64a9bce2902ae30a3724cd0c3a5,6bed80daee01101e656c5379bf0b12d2691bb826,4e75dd9a4791c64a9bce2902ae30a3724cd0c3a5,6bed80daee01101e656c5379bf0b12d2691bb826,0bfb88a8d297ca0f65abbf8f83f7826311df42a3,57cd08994c0ed9487b8cdd6f6c2a685866841429,5cb2e77d7f0a5cb5576c0341a73e9ce9d0b8c793,106,84,3,139,OK
same,binarywang/WxJava,3646,3647,CLEAN,false,false,2026-09-17T00:08:04.054733+00:00,current-pr-heads-at-extraction; not frozen replay OIDs,git version 2.50.1 (Apple Git-155),refs/pull/N/head; --no-tags; depth 80; depth 600 retry if no merge base,git -c diff.renames=true -c diff.algorithm=myers diff --no-ext-diff --no-textconv --unified=0; default whitespace; binary paths count as files and contribute zero hunks,5a1fb5061ce0b80c5eeaf9361df1fd0dce1065a6,6a98a438620e5fe64d9213067fe3fa51c1dbd6b7,5a1fb5061ce0b80c5eeaf9361df1fd0dce1065a6,6a98a438620e5fe64d9213067fe3fa51c1dbd6b7,2e952c76c8fca91810c76733ab6be4d2b0c51461,2e952c76c8fca91810c76733ab6be4d2b0c51461,eb987323e1235de746769582e97cae7a499f9e67,2,2,3,3,OK
same,transloadit/uppy,5800,5801,CLEAN,false,false,2026-09-17T00:08:09.632435+00:00,current-pr-heads-at-extraction; not frozen replay OIDs,git version 2.50.1 (Apple Git-155),refs/pull/N/head; --no-tags; depth 80; depth 600 retry if no merge base,git -c diff.renames=true -c diff.algorithm=myers diff --no-ext-diff --no-textconv --unified=0; default whitespace; binary paths count as files and contribute zero hunks,2937b47c4dcb2ae0a20b9786a55f4698a46f5a67,0281a74d87b75a069f800c15dfdb1f64c64c38fd,2937b47c4dcb2ae0a20b9786a55f4698a46f5a67,0281a74d87b75a069f800c15dfdb1f64c64c38fd,78299475aedec6137ea92a05414242045c7aa5fa,78299475aedec6137ea92a05414242045c7aa5fa,78299475aedec6137ea92a05414242045c7aa5fa,6,21,7,15,OK
same,navidrome/navidrome,4099,4100,CLEAN,false,false,2026-09-17T00:08:19.695965+00:00,current-pr-heads-at-extraction; not frozen replay OIDs,git version 2.50.1 (Apple Git-155),refs/pull/N/head; --no-tags; depth 80; depth 600 retry if no merge base,git -c diff.renames=true -c diff.algorithm=myers diff --no-ext-diff --no-textconv --unified=0; default whitespace; binary paths count as files and contribute zero hunks,9e678250436b937fbd9cca01b716ae1ea2281113,a1be19d41171425ec2a95573a94a798be4e8ac83,9e678250436b937fbd9cca01b716ae1ea2281113,a1be19d41171425ec2a95573a94a798be4e8ac83,eb944bd261a1510ee7e7126813d42cf8936c9e64,c98e4d02cb52b9ee63a91b2a6256b481d2c40695,84384006a415f4de0ac98e7824ea5d77687cb87b,3,4,3,8,OK
same,OHIF/Viewers,4958,4998,CLEAN,false,false,2026-09-17T00:08:22.598973+00:00,current-pr-heads-at-extraction; not frozen replay OIDs,git version 2.50.1 (Apple Git-155),refs/pull/N/head; --no-tags; depth 80; depth 600 retry if no merge base,git -c diff.renames=true -c diff.algorithm=myers diff --no-ext-diff --no-textconv --unified=0; default whitespace; binary paths count as files and contribute zero hunks,676d3791e7b2c95648f2c31a4baefb5c3809d45c,8dcd88907f2b59323422eb017f89c8e7818726c6,676d3791e7b2c95648f2c31a4baefb5c3809d45c,8dcd88907f2b59323422eb017f89c8e7818726c6,a41ed3bade3befb510f64ed7fc5437279d8b05d4,325cb3f7d5c817855b0c8d10c67f07238bcfc624,a41ed3bade3befb510f64ed7fc5437279d8b05d4,4,14,149,572,OK
same,Azure/azure-container-networking,3671,3672,CONFLICT,true,true,2026-09-17T00:08:32.161260+00:00,current-pr-heads-at-extraction; not frozen replay OIDs,git version 2.50.1 (Apple Git-155),refs/pull/N/head; --no-tags; depth 80; depth 600 retry if no merge base,git -c diff.renames=true -c diff.algorithm=myers diff --no-ext-diff --no-textconv --unified=0; default whitespace; binary paths count as files and contribute zero hunks,2879cbece560f28238979afdf8712b79dc3162ba,010bf693dda3cc112c2fc3d4ca2d114c457ce3b8,2879cbece560f28238979afdf8712b79dc3162ba,010bf693dda3cc112c2fc3d4ca2d114c457ce3b8,417eff1678eedc7ccd5e45f903714032416e1782,417eff1678eedc7ccd5e45f903714032416e1782,417eff1678eedc7ccd5e45f903714032416e1782,2,9,2,33,OK
same,mariotoffia/FluentDocker,321,322,CONFLICT,true,false,2026-09-17T00:08:34.862838+00:00,current-pr-heads-at-extraction; not frozen replay OIDs,git version 2.50.1 (Apple Git-155),refs/pull/N/head; --no-tags; depth 80; depth 600 retry if no merge base,git -c diff.renames=true -c diff.algorithm=myers diff --no-ext-diff --no-textconv --unified=0; default whitespace; binary paths count as files and contribute zero hunks,a86b44194c5e70504aa51b2dfa7ce5f755f7c8cc,ac944429d19c7b7486fddd84f34598633832948f,a86b44194c5e70504aa51b2dfa7ce5f755f7c8cc,ac944429d19c7b7486fddd84f34598633832948f,18029b323b270b85655b51ac3547a8d98f2b09bf,ba1113f41e4e7456445d9db2e5724a8a93b358b3,51418e59f3f2e1ccc050054f76402045dffb1a4f,23,96,28,98,OK
same,sunbeam-labs/sunbeam,533,534,CLEAN,false,false,2026-09-17T00:08:37.248840+00:00,current-pr-heads-at-extraction; not frozen replay OIDs,git version 2.50.1 (Apple Git-155),refs/pull/N/head; --no-tags; depth 80; depth 600 retry if no merge base,git -c diff.renames=true -c diff.algorithm=myers diff --no-ext-diff --no-textconv --unified=0; default whitespace; binary paths count as files and contribute zero hunks,36d3a37b8b98f784e9ec71bbe2e4fe7b5ee55f0b,026a17eb94e96b02b14dd0beb587d86a868330c9,36d3a37b8b98f784e9ec71bbe2e4fe7b5ee55f0b,026a17eb94e96b02b14dd0beb587d86a868330c9,37dbb10c94be42897523ca665737e73014fc60ca,31a47b7aeadeb652581516fe5ad8fe21c07d7b0f,026a17eb94e96b02b14dd0beb587d86a868330c9,20,58,0,0,OK
same,parse-community/parse-dashboard,2872,2873,CLEAN,false,false,2026-09-17T00:08:39.726837+00:00,current-pr-heads-at-extraction; not frozen replay OIDs,git version 2.50.1 (Apple Git-155),refs/pull/N/head; --no-tags; depth 80; depth 600 retry if no merge base,git -c diff.renames=true -c diff.algorithm=myers diff --no-ext-diff --no-textconv --unified=0; default whitespace; binary paths count as files and contribute zero hunks,bff87470f75a4d8e49ebb8ce02081456af30cd97,1b25449c00e0a08c5beb9cde8d4372488d85184e,bff87470f75a4d8e49ebb8ce02081456af30cd97,1b25449c00e0a08c5beb9cde8d4372488d85184e,cfd0bce41eb2030dbe3814ca6bd4deb53f010d7e,cfd0bce41eb2030dbe3814ca6bd4deb53f010d7e,cfd0bce41eb2030dbe3814ca6bd4deb53f010d7e,10,18,17,17,OK
same,wechaty/wechaty,2809,2810,CLEAN,false,false,2026-09-17T00:08:43.859364+00:00,current-pr-heads-at-extraction; not frozen replay OIDs,git version 2.50.1 (Apple Git-155),refs/pull/N/head; --no-tags; depth 80; depth 600 retry if no merge base,git -c diff.renames=true -c diff.algorithm=myers diff --no-ext-diff --no-textconv --unified=0; default whitespace; binary paths count as files and contribute zero hunks,dbc12c90f8d7fd36c370e3e44b1d1af7724d4e6c,59087a6badb805550aadd15ee599b6384557080b,dbc12c90f8d7fd36c370e3e44b1d1af7724d4e6c,59087a6badb805550aadd15ee599b6384557080b,ed9ca01abb2dd14fe3ee935e940d292522e6c8e9,ed9ca01abb2dd14fe3ee935e940d292522e6c8e9,ed9ca01abb2dd14fe3ee935e940d292522e6c8e9,1,1,1,1,OK
same,Rello/audioplayer,616,617,CONFLICT,true,false,2026-09-17T00:08:46.415161+00:00,current-pr-heads-at-extraction; not frozen replay OIDs,git version 2.50.1 (Apple Git-155),refs/pull/N/head; --no-tags; depth 80; depth 600 retry if no merge base,git -c diff.renames=true -c diff.algorithm=myers diff --no-ext-diff --no-textconv --unified=0; default whitespace; binary paths count as files and contribute zero hunks,351d9a2622840fb8210b79767eb26e1b396d67a0,863b8989ab747eb7ec3ebfaff2b8e66932a77a57,351d9a2622840fb8210b79767eb26e1b396d67a0,863b8989ab747eb7ec3ebfaff2b8e66932a77a57,4b44b2d346dc80d2bd9ad6b671125dba756b23d8,4b44b2d346dc80d2bd9ad6b671125dba756b23d8,8bd06abcc63d61d6c8458c76ebc3c6e00bfe7a6b,7,19,24,125,OK
same,OWASP-BLT/BLT,4238,4240,UNAVAIL_fetch,false,false,2026-09-17T00:08:49.683563+00:00,current-pr-heads-at-extraction; not frozen replay OIDs,git version 2.50.1 (Apple Git-155),refs/pull/N/head; --no-tags; depth 80; depth 600 retry if no merge base,git -c diff.renames=true -c diff.algorithm=myers diff --no-ext-diff --no-textconv --unified=0; default whitespace; binary paths count as files and contribute zero hunks,,,,,,,,,,,,UNAVAIL_fetch
same,microsoft/vscode-mssql,19567,19577,CONFLICT,true,true,2026-09-17T00:08:49.683865+00:00,current-pr-heads-at-extraction; not frozen replay OIDs,git version 2.50.1 (Apple Git-155),refs/pull/N/head; --no-tags; depth 80; depth 600 retry if no merge base,git -c diff.renames=true -c diff.algorithm=myers diff --no-ext-diff --no-textconv --unified=0; default whitespace; binary paths count as files and contribute zero hunks,eb1b3e255b72cd25bdf9c4f11fbdafeae4c812fd,182b8b7aa78eb6e3c47b16feb291046e80074033,eb1b3e255b72cd25bdf9c4f11fbdafeae4c812fd,182b8b7aa78eb6e3c47b16feb291046e80074033,2f07eaf805978662ed02c4af2aab40b333bd7b44,2f07eaf805978662ed02c4af2aab40b333bd7b44,2f07eaf805978662ed02c4af2aab40b333bd7b44,5,13,6,9,OK
same,econ-ark/HARK,1555,1556,CLEAN,false,false,2026-09-17T00:08:54.593046+00:00,current-pr-heads-at-extraction; not frozen replay OIDs,git version 2.50.1 (Apple Git-155),refs/pull/N/head; --no-tags; depth 80; depth 600 retry if no merge base,git -c diff.renames=true -c diff.algorithm=myers diff --no-ext-diff --no-textconv --unified=0; default whitespace; binary paths count as files and contribute zero hunks,bb42b26c63e5a5448840e55a34e2fc8d5c1a6ab9,5b84f73e2df82922d7c7001fb9f1a64db86d4cdc,bb42b26c63e5a5448840e55a34e2fc8d5c1a6ab9,5b84f73e2df82922d7c7001fb9f1a64db86d4cdc,fc815b59080de7620ffb0e289f19c318555d1274,fc815b59080de7620ffb0e289f19c318555d1274,fc815b59080de7620ffb0e289f19c318555d1274,1,1,1,1,OK
same,wvlet/airframe,3930,3931,CLEAN,false,false,2026-09-17T00:09:04.846324+00:00,current-pr-heads-at-extraction; not frozen replay OIDs,git version 2.50.1 (Apple Git-155),refs/pull/N/head; --no-tags; depth 80; depth 600 retry if no merge base,git -c diff.renames=true -c diff.algorithm=myers diff --no-ext-diff --no-textconv --unified=0; default whitespace; binary paths count as files and contribute zero hunks,698f643d2e5cae2770447e0ff97470dc47c07a0c,b37b1fc9b60113ff1f96997bd8d63ee5201dcdc8,698f643d2e5cae2770447e0ff97470dc47c07a0c,b37b1fc9b60113ff1f96997bd8d63ee5201dcdc8,ab3f07e514a1c8efb16b4190a4b41c07360072a3,ab3f07e514a1c8efb16b4190a4b41c07360072a3,ab3f07e514a1c8efb16b4190a4b41c07360072a3,2,2,1,1,OK
same,maplibre/maputnik,1258,1259,CONFLICT,true,true,2026-09-17T00:09:08.930313+00:00,current-pr-heads-at-extraction; not frozen replay OIDs,git version 2.50.1 (Apple Git-155),refs/pull/N/head; --no-tags; depth 80; depth 600 retry if no merge base,git -c diff.renames=true -c diff.algorithm=myers diff --no-ext-diff --no-textconv --unified=0; default whitespace; binary paths count as files and contribute zero hunks,d7bfc18c0d8f77ed2c8a9cff53ac0dc6afa266f4,76991ae7f60cc85901089cc63ee1c86ea24397b2,d7bfc18c0d8f77ed2c8a9cff53ac0dc6afa266f4,76991ae7f60cc85901089cc63ee1c86ea24397b2,e58b92b0cd1e2bc798fd1268936ddc225a648457,c1fde6f749a515d89b2ef2ca31848bec8ad4fb6d,e58b92b0cd1e2bc798fd1268936ddc225a648457,4,19,46,249,OK
same,microsoft/BotFramework-WebChat,5483,5499,CONFLICT,true,true,2026-09-17T00:09:11.554344+00:00,current-pr-heads-at-extraction; not frozen replay OIDs,git version 2.50.1 (Apple Git-155),refs/pull/N/head; --no-tags; depth 80; depth 600 retry if no merge base,git -c diff.renames=true -c diff.algorithm=myers diff --no-ext-diff --no-textconv --unified=0; default whitespace; binary paths count as files and contribute zero hunks,36f8d5f85315aeb4753650dcb6ceafed0112044f,ba10843b857d38448ca2efab6bd4a236ed3d15f1,36f8d5f85315aeb4753650dcb6ceafed0112044f,ba10843b857d38448ca2efab6bd4a236ed3d15f1,43d5b5cf92b753734a2f39d15287af187241850e,59815895a51eefc133a4b6627281676381708625,43d5b5cf92b753734a2f39d15287af187241850e,5,200,506,577,OK
same,obophenotype/cell-ontology,3184,3198,CLEAN,false,false,2026-09-17T00:09:32.948444+00:00,current-pr-heads-at-extraction; not frozen replay OIDs,git version 2.50.1 (Apple Git-155),refs/pull/N/head; --no-tags; depth 80; depth 600 retry if no merge base,git -c diff.renames=true -c diff.algorithm=myers diff --no-ext-diff --no-textconv --unified=0; default whitespace; binary paths count as files and contribute zero hunks,e0b33e91687ecc8be166b4e6c7889c5b720a50af,0bc2606384fc1d4e428fae5ec1bf256bb3aea585,e0b33e91687ecc8be166b4e6c7889c5b720a50af,0bc2606384fc1d4e428fae5ec1bf256bb3aea585,c95f9827747c7a2d65bc6fe68b917f2567570daa,61ebd9f4d33e405730f0b15264c59bf0b29f862b,61ebd9f4d33e405730f0b15264c59bf0b29f862b,15,59,2,14,OK
same,microsoft/vcpkg,45922,45923,CLEAN,false,false,2026-09-17T00:09:59.648459+00:00,current-pr-heads-at-extraction; not frozen replay OIDs,git version 2.50.1 (Apple Git-155),refs/pull/N/head; --no-tags; depth 80; depth 600 retry if no merge base,git -c diff.renames=true -c diff.algorithm=myers diff --no-ext-diff --no-textconv --unified=0; default whitespace; binary paths count as files and contribute zero hunks,fc16546b08e60064ec898093b5ae985ce40f81d1,aa252346ab412190a26efded409a6673572d48ea,fc16546b08e60064ec898093b5ae985ce40f81d1,aa252346ab412190a26efded409a6673572d48ea,ebc2e14093db29fbd8277c7ec8e4eb81a222fdc3,ebc2e14093db29fbd8277c7ec8e4eb81a222fdc3,ebc2e14093db29fbd8277c7ec8e4eb81a222fdc3,7,25,5,5,OK
same,joewandy/hlda,47,48,CLEAN,false,false,2026-09-17T00:10:03.406564+00:00,current-pr-heads-at-extraction; not frozen replay OIDs,git version 2.50.1 (Apple Git-155),refs/pull/N/head; --no-tags; depth 80; depth 600 retry if no merge base,git -c diff.renames=true -c diff.algorithm=myers diff --no-ext-diff --no-textconv --unified=0; default whitespace; binary paths count as files and contribute zero hunks,3836770529218ac189999841310ff3b799bcbb5f,41214316af2f00186de01c4de9241d2c886132aa,3836770529218ac189999841310ff3b799bcbb5f,41214316af2f00186de01c4de9241d2c886132aa,f28e2b05d9713936a4f11d73d94688caa0ad78d7,f28e2b05d9713936a4f11d73d94688caa0ad78d7,e5c42410b6c85a724a7063ea07307f3017db0a2a,1,4,1,2,OK
same,pytorch/pytorch,155615,155658,CLEAN,false,false,2026-09-17T00:10:05.736981+00:00,current-pr-heads-at-extraction; not frozen replay OIDs,git version 2.50.1 (Apple Git-155),refs/pull/N/head; --no-tags; depth 80; depth 600 retry if no merge base,git -c diff.renames=true -c diff.algorithm=myers diff --no-ext-diff --no-textconv --unified=0; default whitespace; binary paths count as files and contribute zero hunks,b3bf6f39b0c5a743f15e12552aaf6697336355c5,a610f7b83e64851199d6fd47eb4518d1c13fa6b9,b3bf6f39b0c5a743f15e12552aaf6697336355c5,a610f7b83e64851199d6fd47eb4518d1c13fa6b9,f0bee87eea03f6ded538590e2a073cc62ecd2818,85b85f6c2c7e6ca98abf9d9a38410d4b5703d64a,a205e8fd7357cf5c2b95eb4bec7c8ff7b5c41651,3,15,7,18,OK
same,DistroAV/DistroAV,1314,1317,CONFLICT,true,true,2026-09-17T00:10:14.204423+00:00,current-pr-heads-at-extraction; not frozen replay OIDs,git version 2.50.1 (Apple Git-155),refs/pull/N/head; --no-tags; depth 80; depth 600 retry if no merge base,git -c diff.renames=true -c diff.algorithm=myers diff --no-ext-diff --no-textconv --unified=0; default whitespace; binary paths count as files and contribute zero hunks,354527a152e40d8ee624651ef2a133121b4d82a3,635f5c2bc0a4a6e12b382739f8f9976e61a153e3,354527a152e40d8ee624651ef2a133121b4d82a3,635f5c2bc0a4a6e12b382739f8f9976e61a153e3,6e20c2aa28358bcebea152ea6e5739f91084d9f7,a600e6ae9450d9ee0320f8e920d4342c2743ec32,a600e6ae9450d9ee0320f8e920d4342c2743ec32,32,116,14,21,OK
same,benbalter/jekyll-relative-links,96,97,CLEAN,false,false,2026-09-17T00:10:16.739889+00:00,current-pr-heads-at-extraction; not frozen replay OIDs,git version 2.50.1 (Apple Git-155),refs/pull/N/head; --no-tags; depth 80; depth 600 retry if no merge base,git -c diff.renames=true -c diff.algorithm=myers diff --no-ext-diff --no-textconv --unified=0; default whitespace; binary paths count as files and contribute zero hunks,64404231be912d643b3aac21960001a935dadd1d,9ac3cb49d87386772e2fa3638347324fe16c7a30,64404231be912d643b3aac21960001a935dadd1d,9ac3cb49d87386772e2fa3638347324fe16c7a30,2b911c77a7128b60023e678567b76ee0aa3d32fb,2b911c77a7128b60023e678567b76ee0aa3d32fb,2b911c77a7128b60023e678567b76ee0aa3d32fb,3,8,6,6,OK
same,vercel/vercel,13444,13445,CLEAN,false,false,2026-09-17T00:10:19.594174+00:00,current-pr-heads-at-extraction; not frozen replay OIDs,git version 2.50.1 (Apple Git-155),refs/pull/N/head; --no-tags; depth 80; depth 600 retry if no merge base,git -c diff.renames=true -c diff.algorithm=myers diff --no-ext-diff --no-textconv --unified=0; default whitespace; binary paths count as files and contribute zero hunks,06961f6b0307726be19d00023c5a6be263508cb9,a84b0a11e40a20e8669ca08fbb850e040f3c9099,06961f6b0307726be19d00023c5a6be263508cb9,a84b0a11e40a20e8669ca08fbb850e040f3c9099,44e92f7d0d3883c7bff0f91eb116b76ba58f694f,d5400d69043e6cc4ccb13db05ecc2ebe3858be6f,d5400d69043e6cc4ccb13db05ecc2ebe3858be6f,111,424,4,9,OK
same,imgntn/j360,23,24,CONFLICT,true,true,2026-09-17T00:10:29.827738+00:00,current-pr-heads-at-extraction; not frozen replay OIDs,git version 2.50.1 (Apple Git-155),refs/pull/N/head; --no-tags; depth 80; depth 600 retry if no merge base,git -c diff.renames=true -c diff.algorithm=myers diff --no-ext-diff --no-textconv --unified=0; default whitespace; binary paths count as files and contribute zero hunks,f432db0ad46a633048ee38b44e99529cd9739486,dfd4f76e5849f33a9a303a1b2007f0d379fe42b7,f432db0ad46a633048ee38b44e99529cd9739486,dfd4f76e5849f33a9a303a1b2007f0d379fe42b7,adfcb65d794d4cc199ad122b5bfe607a90f58036,adfcb65d794d4cc199ad122b5bfe607a90f58036,cc04de4b79904d3f02dc21235bd034dda31009a4,10,50,13,52,OK
same,hetrixtools/agent,76,77,CLEAN,false,false,2026-09-17T00:10:32.149400+00:00,current-pr-heads-at-extraction; not frozen replay OIDs,git version 2.50.1 (Apple Git-155),refs/pull/N/head; --no-tags; depth 80; depth 600 retry if no merge base,git -c diff.renames=true -c diff.algorithm=myers diff --no-ext-diff --no-textconv --unified=0; default whitespace; binary paths count as files and contribute zero hunks,dd74333e711e953be6e0d83b0a7237bedce51b88,7239a0d0409ca35fe582733c17b49599741ac35e,dd74333e711e953be6e0d83b0a7237bedce51b88,7239a0d0409ca35fe582733c17b49599741ac35e,ab3fb41d5a3f38e831c6962cb63d3c2087f5ba48,ab3fb41d5a3f38e831c6962cb63d3c2087f5ba48,ab3fb41d5a3f38e831c6962cb63d3c2087f5ba48,1,1,2,6,OK
same,pardeike/Harmony,675,676,CONFLICT,true,true,2026-09-17T00:10:34.245225+00:00,current-pr-heads-at-extraction; not frozen replay OIDs,git version 2.50.1 (Apple Git-155),refs/pull/N/head; --no-tags; depth 80; depth 600 retry if no merge base,git -c diff.renames=true -c diff.algorithm=myers diff --no-ext-diff --no-textconv --unified=0; default whitespace; binary paths count as files and contribute zero hunks,0fcea06d76e32888439866a93faca33b485ae06e,45b98327904188a2bc4fb3eeea7f46f45910200c,0fcea06d76e32888439866a93faca33b485ae06e,45b98327904188a2bc4fb3eeea7f46f45910200c,420bd2de59fa4156c02ea9cae56d924da50fa04f,420bd2de59fa4156c02ea9cae56d924da50fa04f,420bd2de59fa4156c02ea9cae56d924da50fa04f,10,20,10,21,OK
same,Sumukh/Ignite,508,509,CLEAN,false,false,2026-09-17T00:10:36.755758+00:00,current-pr-heads-at-extraction; not frozen replay OIDs,git version 2.50.1 (Apple Git-155),refs/pull/N/head; --no-tags; depth 80; depth 600 retry if no merge base,git -c diff.renames=true -c diff.algorithm=myers diff --no-ext-diff --no-textconv --unified=0; default whitespace; binary paths count as files and contribute zero hunks,c24c255580f6ae81d08bcc1e44a2c385d8daf265,bfc051ac5421dbde2cfa4ac3e3f889417fdb12b1,c24c255580f6ae81d08bcc1e44a2c385d8daf265,bfc051ac5421dbde2cfa4ac3e3f889417fdb12b1,426618cdffa9578a20d32482db406ed5be6def22,426618cdffa9578a20d32482db406ed5be6def22,426618cdffa9578a20d32482db406ed5be6def22,1,1,1,3,OK
same,camunda/camunda,34153,34168,CLEAN,false,false,2026-09-17T00:10:39.613295+00:00,current-pr-heads-at-extraction; not frozen replay OIDs,git version 2.50.1 (Apple Git-155),refs/pull/N/head; --no-tags; depth 80; depth 600 retry if no merge base,git -c diff.renames=true -c diff.algorithm=myers diff --no-ext-diff --no-textconv --unified=0; default whitespace; binary paths count as files and contribute zero hunks,fa03642b43c680819de7487e7791a4f5a9ae2775,65b4b94a9ee380e30c85c2b8c0ed750eb8484c20,fa03642b43c680819de7487e7791a4f5a9ae2775,65b4b94a9ee380e30c85c2b8c0ed750eb8484c20,3eba063af4a1e1a1e654b79ca9623a66417c8275,3eba063af4a1e1a1e654b79ca9623a66417c8275,3eba063af4a1e1a1e654b79ca9623a66417c8275,2,2,2,2,OK
same,MikePopoloski/slang,1393,1394,CLEAN,false,false,2026-09-17T00:10:57.448773+00:00,current-pr-heads-at-extraction; not frozen replay OIDs,git version 2.50.1 (Apple Git-155),refs/pull/N/head; --no-tags; depth 80; depth 600 retry if no merge base,git -c diff.renames=true -c diff.algorithm=myers diff --no-ext-diff --no-textconv --unified=0; default whitespace; binary paths count as files and contribute zero hunks,60a500b93e7d8259d56e769fd1af5219b9d9208d,161ba0314fba75d64d051291b30ac379d7b41ec1,60a500b93e7d8259d56e769fd1af5219b9d9208d,161ba0314fba75d64d051291b30ac379d7b41ec1,87a07087e4c87dbabf5f80a1454d78224bbbd504,87a07087e4c87dbabf5f80a1454d78224bbbd504,87a07087e4c87dbabf5f80a1454d78224bbbd504,3,3,7,13,OK
same,JuliaLang/Pkg.jl,4299,4304,CLEAN,false,false,2026-09-17T00:11:00.213323+00:00,current-pr-heads-at-extraction; not frozen replay OIDs,git version 2.50.1 (Apple Git-155),refs/pull/N/head; --no-tags; depth 80; depth 600 retry if no merge base,git -c diff.renames=true -c diff.algorithm=myers diff --no-ext-diff --no-textconv --unified=0; default whitespace; binary paths count as files and contribute zero hunks,5f4f3c3288e3155e74ecba6f9f1a58bd12507c43,7eddf91ac8f7011ae41478c3c592f5de02e2455e,5f4f3c3288e3155e74ecba6f9f1a58bd12507c43,7eddf91ac8f7011ae41478c3c592f5de02e2455e,4ef5a5d4bba6d5e6439856cebe6ab81446116e46,d0c6d50ff79d34cf19204b9ab0a0dc8b03fb6b15,d0c6d50ff79d34cf19204b9ab0a0dc8b03fb6b15,24,87,1,6,OK
same,alexanderjeurissen/ranger_devicons,125,126,CLEAN,false,false,2026-09-17T00:11:02.695119+00:00,current-pr-heads-at-extraction; not frozen replay OIDs,git version 2.50.1 (Apple Git-155),refs/pull/N/head; --no-tags; depth 80; depth 600 retry if no merge base,git -c diff.renames=true -c diff.algorithm=myers diff --no-ext-diff --no-textconv --unified=0; default whitespace; binary paths count as files and contribute zero hunks,efcd8d486e34b3bfae95e62870666e9d495c6324,2ab3dd19752814cc72e4e31f475299d6bb0791ea,efcd8d486e34b3bfae95e62870666e9d495c6324,2ab3dd19752814cc72e4e31f475299d6bb0791ea,f227f212e14996fbb366f945ec3ecaf5dc5f44b0,f227f212e14996fbb366f945ec3ecaf5dc5f44b0,f227f212e14996fbb366f945ec3ecaf5dc5f44b0,1,1,1,1,OK
same,dotnet/sdk,49090,49166,CLEAN,false,false,2026-09-17T00:11:04.897365+00:00,current-pr-heads-at-extraction; not frozen replay OIDs,git version 2.50.1 (Apple Git-155),refs/pull/N/head; --no-tags; depth 80; depth 600 retry if no merge base,git -c diff.renames=true -c diff.algorithm=myers diff --no-ext-diff --no-textconv --unified=0; default whitespace; binary paths count as files and contribute zero hunks,5941f26b1d0272de9343701bb5c00f09c7728372,5a4097ccc0de4cc551fc47e14d89a1c5b1df8968,5941f26b1d0272de9343701bb5c00f09c7728372,5a4097ccc0de4cc551fc47e14d89a1c5b1df8968,46538f9886dbeeb2a57845f6b5e06bdecfe3e155,d7a7d932b048aed221c7ea80e00714e0eb6cbe8b,5a4097ccc0de4cc551fc47e14d89a1c5b1df8968,1021,19346,0,0,OK
same,appknox/pyaxmlparser,88,90,CONFLICT,true,false,2026-09-17T00:11:17.581807+00:00,current-pr-heads-at-extraction; not frozen replay OIDs,git version 2.50.1 (Apple Git-155),refs/pull/N/head; --no-tags; depth 80; depth 600 retry if no merge base,git -c diff.renames=true -c diff.algorithm=myers diff --no-ext-diff --no-textconv --unified=0; default whitespace; binary paths count as files and contribute zero hunks,7248ed7ab000f2023e923dc00fb1162465dd12c2,a2439da9a817582eedec5a34fa86f4b1acec176b,7248ed7ab000f2023e923dc00fb1162465dd12c2,a2439da9a817582eedec5a34fa86f4b1acec176b,446bf7c2c4e166327cb2cdea14a1fd2dbd1721ef,446bf7c2c4e166327cb2cdea14a1fd2dbd1721ef,446bf7c2c4e166327cb2cdea14a1fd2dbd1721ef,11,111,4,21,OK
same,OWASP/mastg,3372,3373,CLEAN,false,false,2026-09-17T00:11:20.396702+00:00,current-pr-heads-at-extraction; not frozen replay OIDs,git version 2.50.1 (Apple Git-155),refs/pull/N/head; --no-tags; depth 80; depth 600 retry if no merge base,git -c diff.renames=true -c diff.algorithm=myers diff --no-ext-diff --no-textconv --unified=0; default whitespace; binary paths count as files and contribute zero hunks,880f7d0987baede8ffe4198ae6ca7490cf783d1a,360ca8d4763fecbc5034769e905e289276379097,880f7d0987baede8ffe4198ae6ca7490cf783d1a,360ca8d4763fecbc5034769e905e289276379097,4e60a01ef0ae31735bc5806910d9ef248b22de53,d581abcf7dda87f4967c103ea9da0a75920e9f1b,880f7d0987baede8ffe4198ae6ca7490cf783d1a,0,0,507,586,OK
same,QL-Win/QuickLook,1712,1713,CLEAN,false,false,2026-09-17T00:11:30.816349+00:00,current-pr-heads-at-extraction; not frozen replay OIDs,git version 2.50.1 (Apple Git-155),refs/pull/N/head; --no-tags; depth 80; depth 600 retry if no merge base,git -c diff.renames=true -c diff.algorithm=myers diff --no-ext-diff --no-textconv --unified=0; default whitespace; binary paths count as files and contribute zero hunks,4742908983fd8f28fee6534d6ab0af0bfa23ae2c,f2c8273612aad8b00f9503f9be771c31c322081a,4742908983fd8f28fee6534d6ab0af0bfa23ae2c,f2c8273612aad8b00f9503f9be771c31c322081a,a4d118e11f72311b3324f2f7f6aa21c7a38b024e,a4d118e11f72311b3324f2f7f6aa21c7a38b024e,a4d118e11f72311b3324f2f7f6aa21c7a38b024e,1,3,2,6,OK
same,vercel/next.js,79523,80002,CLEAN,false,false,2026-09-17T00:11:33.806830+00:00,current-pr-heads-at-extraction; not frozen replay OIDs,git version 2.50.1 (Apple Git-155),refs/pull/N/head; --no-tags; depth 80; depth 600 retry if no merge base,git -c diff.renames=true -c diff.algorithm=myers diff --no-ext-diff --no-textconv --unified=0; default whitespace; binary paths count as files and contribute zero hunks,550193aa2445695d83f02b2b5c9ffa982dc0d000,c6c7c70a4cdae0863b70073fd208ba478cbc691b,550193aa2445695d83f02b2b5c9ffa982dc0d000,c6c7c70a4cdae0863b70073fd208ba478cbc691b,d14df6cc29b4b765952ac8adf0963d6854b79531,f684e973f1ddbbdc99cdda9a89070d6d228a1dd7,7d3e330af54468b903e1767a11c9e839b09aa0ab,1,3,412,2133,OK
same,commaai/opendbc,2269,2290,CLEAN,false,false,2026-09-17T00:11:41.421221+00:00,current-pr-heads-at-extraction; not frozen replay OIDs,git version 2.50.1 (Apple Git-155),refs/pull/N/head; --no-tags; depth 80; depth 600 retry if no merge base,git -c diff.renames=true -c diff.algorithm=myers diff --no-ext-diff --no-textconv --unified=0; default whitespace; binary paths count as files and contribute zero hunks,6edb52c54099ee5230efbfd7725a3899e959c0cf,6c70a20c8b5050c7e13e214b99dcd04e99464d9f,6edb52c54099ee5230efbfd7725a3899e959c0cf,6c70a20c8b5050c7e13e214b99dcd04e99464d9f,447381dee2d30fb46e4bf1aec0529667d0b9d159,c495fa822c845b0bfc6e1511ced3425d111f3fe4,447381dee2d30fb46e4bf1aec0529667d0b9d159,3,39,24,40,OK
same,MetaMask/metamask-extension,34098,34489,CONFLICT,true,false,2026-09-17T00:11:44.172335+00:00,current-pr-heads-at-extraction; not frozen replay OIDs,git version 2.50.1 (Apple Git-155),refs/pull/N/head; --no-tags; depth 80; depth 600 retry if no merge base,git -c diff.renames=true -c diff.algorithm=myers diff --no-ext-diff --no-textconv --unified=0; default whitespace; binary paths count as files and contribute zero hunks,a047fec69991d54b327c0dbe2c23c45a501b7996,07f32c930264ead36aed11656bf787d6e93a9e74,a047fec69991d54b327c0dbe2c23c45a501b7996,07f32c930264ead36aed11656bf787d6e93a9e74,9d5603278913d39b6c9ce06d2653f77fc94270c9,6010310c5ac13cefc859bf2f0819e000a9e34f1b,17fed3855ba1c76dce34077fbd351b2d8b190a16,1091,6610,92,478,OK
same,box/boxcli,564,565,CONFLICT,false,false,2026-09-17T00:12:19.867741+00:00,current-pr-heads-at-extraction; not frozen replay OIDs,git version 2.50.1 (Apple Git-155),refs/pull/N/head; --no-tags; depth 80; depth 600 retry if no merge base,git -c diff.renames=true -c diff.algorithm=myers diff --no-ext-diff --no-textconv --unified=0; default whitespace; binary paths count as files and contribute zero hunks,eb92bec00c2d2f67fdb6b356e622c4ebf8eadfcc,a00d96aa8717d42a79662cb7b63e4c6ad3ce0dc5,eb92bec00c2d2f67fdb6b356e622c4ebf8eadfcc,a00d96aa8717d42a79662cb7b63e4c6ad3ce0dc5,3d3b19f651b69ed0d91b2592a3d37ca0b3705597,eb92bec00c2d2f67fdb6b356e622c4ebf8eadfcc,3d3b19f651b69ed0d91b2592a3d37ca0b3705597,5,5,1,1,OK
same,DataDog/dd-trace-java,8984,8985,CLEAN,false,false,2026-09-17T00:12:23.965164+00:00,current-pr-heads-at-extraction; not frozen replay OIDs,git version 2.50.1 (Apple Git-155),refs/pull/N/head; --no-tags; depth 80; depth 600 retry if no merge base,git -c diff.renames=true -c diff.algorithm=myers diff --no-ext-diff --no-textconv --unified=0; default whitespace; binary paths count as files and contribute zero hunks,769fb64c58518fdca3c65082e2972610cabe6df0,40e5ac7881f65d774e2c39e3529b8f0829508bda,769fb64c58518fdca3c65082e2972610cabe6df0,40e5ac7881f65d774e2c39e3529b8f0829508bda,8e587850a26c93a5d5d35ca4d2eaebeacf2f5ae3,46d09492c9b9238d93b5f385203f549abe87fbe4,8e587850a26c93a5d5d35ca4d2eaebeacf2f5ae3,2,2,369,1191,OK
same,gmathi/NovelLibrary,243,244,CONFLICT,true,true,2026-09-17T00:12:30.728019+00:00,current-pr-heads-at-extraction; not frozen replay OIDs,git version 2.50.1 (Apple Git-155),refs/pull/N/head; --no-tags; depth 80; depth 600 retry if no merge base,git -c diff.renames=true -c diff.algorithm=myers diff --no-ext-diff --no-textconv --unified=0; default whitespace; binary paths count as files and contribute zero hunks,2a19122dee9b8e9239ef4f760c0cb1477678510c,d28eb5fefe589a7f45d9ce1bbf64d406a11292b6,2a19122dee9b8e9239ef4f760c0cb1477678510c,d28eb5fefe589a7f45d9ce1bbf64d406a11292b6,f517fd198bdd3232f74e73e6513e5f72152087d4,f517fd198bdd3232f74e73e6513e5f72152087d4,f517fd198bdd3232f74e73e6513e5f72152087d4,6,16,3,3,OK
same,Voxelum/minecraft-launcher-core-node,321,322,CLEAN,false,false,2026-09-17T00:12:41.138991+00:00,current-pr-heads-at-extraction; not frozen replay OIDs,git version 2.50.1 (Apple Git-155),refs/pull/N/head; --no-tags; depth 80; depth 600 retry if no merge base,git -c diff.renames=true -c diff.algorithm=myers diff --no-ext-diff --no-textconv --unified=0; default whitespace; binary paths count as files and contribute zero hunks,0f64468bc148e6cd5f63097cf5e0e552cd4a7bb9,3859636a82a13dca8657c48e84e5a2eae9eaab0f,0f64468bc148e6cd5f63097cf5e0e552cd4a7bb9,3859636a82a13dca8657c48e84e5a2eae9eaab0f,a255c84cd072e7d99cfc6db1482f49627906c2bd,1e19841fead541913c73f8bde85d5512ac4eb0d4,a255c84cd072e7d99cfc6db1482f49627906c2bd,4,11,2,6,OK
same,Voxelum/x-minecraft-launcher,1020,1021,CLEAN,false,false,2026-09-17T00:12:44.201006+00:00,current-pr-heads-at-extraction; not frozen replay OIDs,git version 2.50.1 (Apple Git-155),refs/pull/N/head; --no-tags; depth 80; depth 600 retry if no merge base,git -c diff.renames=true -c diff.algorithm=myers diff --no-ext-diff --no-textconv --unified=0; default whitespace; binary paths count as files and contribute zero hunks,ad25f69fd1d4ab6a301a8067e948bc2dafa9b431,e66249352a3dc3d3ddb1ad0ad8039325cfcd34f5,ad25f69fd1d4ab6a301a8067e948bc2dafa9b431,e66249352a3dc3d3ddb1ad0ad8039325cfcd34f5,4972cf7b2654474241c44ba1acdaa21ef17ab5ea,ac9e1594b971d7e5f21250cdc790c5a63171f87a,4972cf7b2654474241c44ba1acdaa21ef17ab5ea,2,2,8,14,OK
same,shader-slang/slang,7585,7588,CLEAN,false,false,2026-09-17T00:12:46.975952+00:00,current-pr-heads-at-extraction; not frozen replay OIDs,git version 2.50.1 (Apple Git-155),refs/pull/N/head; --no-tags; depth 80; depth 600 retry if no merge base,git -c diff.renames=true -c diff.algorithm=myers diff --no-ext-diff --no-textconv --unified=0; default whitespace; binary paths count as files and contribute zero hunks,30eeb79dd9bab3aa82f037dd487d9c4efc6a90dd,628cc4273b05ca2b70f663d685c9e10e41b98aa7,30eeb79dd9bab3aa82f037dd487d9c4efc6a90dd,628cc4273b05ca2b70f663d685c9e10e41b98aa7,eb7f3357a1c316bad51cf0bfaea27d81a93f96ad,0aa67332a8741ca4b14c20e571f281d0a5ccfa42,eb7f3357a1c316bad51cf0bfaea27d81a93f96ad,4,8,35,58,OK
same,microsoft/OpenAPI.NET,2375,2376,CLEAN,false,false,2026-09-17T00:12:50.756644+00:00,current-pr-heads-at-extraction; not frozen replay OIDs,git version 2.50.1 (Apple Git-155),refs/pull/N/head; --no-tags; depth 80; depth 600 retry if no merge base,git -c diff.renames=true -c diff.algorithm=myers diff --no-ext-diff --no-textconv --unified=0; default whitespace; binary paths count as files and contribute zero hunks,73a85273516068d70d9cc56c879a03491ed488a9,6e12152deb827fbe3988554565db39d835447e5e,73a85273516068d70d9cc56c879a03491ed488a9,6e12152deb827fbe3988554565db39d835447e5e,07071aca73472dbe5f760296a0cde798a824f954,07071aca73472dbe5f760296a0cde798a824f954,07071aca73472dbe5f760296a0cde798a824f954,12,14,53,188,OK
same,CJ-Systems/gitflow-cjs,92,93,CLEAN,false,false,2026-09-16T23:32:04.403806+00:00,current-pr-heads-at-extraction; not frozen replay OIDs,git version 2.50.1 (Apple Git-155),refs/pull/N/head; --no-tags; depth 80; depth 600 retry if no merge base,git -c diff.renames=true -c diff.algorithm=myers diff --no-ext-diff --no-textconv --unified=0; default whitespace; binary paths count as files and contribute zero hunks,aefd4df2f51540034d17b1feee3ae73a59eb3e6e,7c89dde205c03e953388d7d177f958506a63b003,aefd4df2f51540034d17b1feee3ae73a59eb3e6e,7c89dde205c03e953388d7d177f958506a63b003,79db0f13bae8b546778fde8c4e1ce63f9ac215a1,79db0f13bae8b546778fde8c4e1ce63f9ac215a1,79db0f13bae8b546778fde8c4e1ce63f9ac215a1,2,2,3,3,OK
same,worknenjoy/gitpay,1214,1215,UNAVAIL_nobase,false,false,2026-09-16T23:32:06.975098+00:00,current-pr-heads-at-extraction; not frozen replay OIDs,git version 2.50.1 (Apple Git-155),refs/pull/N/head; --no-tags; depth 80; depth 600 retry if no merge base,git -c diff.renames=true -c diff.algorithm=myers diff --no-ext-diff --no-textconv --unified=0; default whitespace; binary paths count as files and contribute zero hunks,,,,,,,,,,,,UNAVAIL_nobase
same,box/box-ui-elements,3822,3824,CLEAN,false,false,2026-09-16T23:32:06.975242+00:00,current-pr-heads-at-extraction; not frozen replay OIDs,git version 2.50.1 (Apple Git-155),refs/pull/N/head; --no-tags; depth 80; depth 600 retry if no merge base,git -c diff.renames=true -c diff.algorithm=myers diff --no-ext-diff --no-textconv --unified=0; default whitespace; binary paths count as files and contribute zero hunks,42430f8de6b01f20111a9545d40e62ea92d19bdc,51a41787a5d78099a452ab839a14b5356ee9dc3c,42430f8de6b01f20111a9545d40e62ea92d19bdc,51a41787a5d78099a452ab839a14b5356ee9dc3c,fc092114d6dc01192a4bd8751e54cdaf1692e833,e485645fc1da1a0815ea5e0c468dc2bdd91979d8,81f8cb113f4bdaf9b02eeb8984c0f1e7d04d2227,17,47,11,41,OK
same,microsoft/MSBuildLocator,332,333,CLEAN,false,false,2026-09-16T23:32:10.967991+00:00,current-pr-heads-at-extraction; not frozen replay OIDs,git version 2.50.1 (Apple Git-155),refs/pull/N/head; --no-tags; depth 80; depth 600 retry if no merge base,git -c diff.renames=true -c diff.algorithm=myers diff --no-ext-diff --no-textconv --unified=0; default whitespace; binary paths count as files and contribute zero hunks,3732aa176ba06344cadb1e55f8e882d88227401c,687efb0920e668712188f048c131329c07c97940,3732aa176ba06344cadb1e55f8e882d88227401c,687efb0920e668712188f048c131329c07c97940,0bbf4988996176904ecc0dabb73165919fac605f,0bbf4988996176904ecc0dabb73165919fac605f,0bbf4988996176904ecc0dabb73165919fac605f,0,0,0,0,OK
same,getsentry/sentry-dart,3079,3080,CLEAN,false,false,2026-09-16T23:32:13.633514+00:00,current-pr-heads-at-extraction; not frozen replay OIDs,git version 2.50.1 (Apple Git-155),refs/pull/N/head; --no-tags; depth 80; depth 600 retry if no merge base,git -c diff.renames=true -c diff.algorithm=myers diff --no-ext-diff --no-textconv --unified=0; default whitespace; binary paths count as files and contribute zero hunks,e63d4594d1defcbd178e15575ff3804b4968f950,4bd3e41eb8d75f76793e5c6d96ef6e3675c021cc,e63d4594d1defcbd178e15575ff3804b4968f950,4bd3e41eb8d75f76793e5c6d96ef6e3675c021cc,e84389988e6b7df567aac9ba5a8cfe8a6ca6021c,e84389988e6b7df567aac9ba5a8cfe8a6ca6021c,e84389988e6b7df567aac9ba5a8cfe8a6ca6021c,19,51,5,9,OK
same,NG-ZORRO/ng-zorro-antd,9277,9278,CLEAN,false,false,2026-09-16T23:32:16.881195+00:00,current-pr-heads-at-extraction; not frozen replay OIDs,git version 2.50.1 (Apple Git-155),refs/pull/N/head; --no-tags; depth 80; depth 600 retry if no merge base,git -c diff.renames=true -c diff.algorithm=myers diff --no-ext-diff --no-textconv --unified=0; default whitespace; binary paths count as files and contribute zero hunks,3ffe89da20c979201e7d5a721c3e5ac26d09e691,3a6b72348a99359a371c53beee21871f2b6c72bd,3ffe89da20c979201e7d5a721c3e5ac26d09e691,3a6b72348a99359a371c53beee21871f2b6c72bd,7c7de928e52c85d5e5c34a2cf454808742d5daba,7c7de928e52c85d5e5c34a2cf454808742d5daba,7c7de928e52c85d5e5c34a2cf454808742d5daba,6,13,2,3,OK
same,onnx/onnx,7055,7056,CLEAN,false,false,2026-09-16T23:32:20.098503+00:00,current-pr-heads-at-extraction; not frozen replay OIDs,git version 2.50.1 (Apple Git-155),refs/pull/N/head; --no-tags; depth 80; depth 600 retry if no merge base,git -c diff.renames=true -c diff.algorithm=myers diff --no-ext-diff --no-textconv --unified=0; default whitespace; binary paths count as files and contribute zero hunks,53227bbafec14799f12b98b04ca1d36fbda8f0d2,ad33b01d542a942400e056872c696a1044131ddb,53227bbafec14799f12b98b04ca1d36fbda8f0d2,ad33b01d542a942400e056872c696a1044131ddb,d5d3123d7dfae5790258cca0044773b3707e6076,c6d35b274824ce8b778a2b428a6d7494d4dd9f62,625ab7a2278268fb038b9e37767029bdab93c198,8,8,33,54,OK
same,Azure/azure-storage-fuse,1780,1809,CONFLICT,true,true,2026-09-16T23:32:25.308759+00:00,current-pr-heads-at-extraction; not frozen replay OIDs,git version 2.50.1 (Apple Git-155),refs/pull/N/head; --no-tags; depth 80; depth 600 retry if no merge base,git -c diff.renames=true -c diff.algorithm=myers diff --no-ext-diff --no-textconv --unified=0; default whitespace; binary paths count as files and contribute zero hunks,222748da22614ac123c314d5cdc9649709e6532d,1b18fce312b8d2007bf5489299169a3332ebb2f4,222748da22614ac123c314d5cdc9649709e6532d,1b18fce312b8d2007bf5489299169a3332ebb2f4,e3d442a476d68372217c8eca36b2903189c53110,c7d89782b11ec821070ffe4d10f4d119243d5da8,e3d442a476d68372217c8eca36b2903189c53110,9,25,12,35,OK
same,robertmartin8/KindleClippings,10,11,CLEAN,false,false,2026-09-16T23:32:28.091938+00:00,current-pr-heads-at-extraction; not frozen replay OIDs,git version 2.50.1 (Apple Git-155),refs/pull/N/head; --no-tags; depth 80; depth 600 retry if no merge base,git -c diff.renames=true -c diff.algorithm=myers diff --no-ext-diff --no-textconv --unified=0; default whitespace; binary paths count as files and contribute zero hunks,80360df13ea59afbbc63f73ff60ad006a4f07fb9,21c0a021f34f698e0537bf9768b98d3e18eddf4a,80360df13ea59afbbc63f73ff60ad006a4f07fb9,21c0a021f34f698e0537bf9768b98d3e18eddf4a,2fb00d57137af128d43b3def42e94ea707dec6b8,2fb00d57137af128d43b3def42e94ea707dec6b8,2fb00d57137af128d43b3def42e94ea707dec6b8,1,1,1,1,OK
same,NethermindEth/nethermind,8828,8829,CLEAN,false,false,2026-09-16T23:32:30.333521+00:00,current-pr-heads-at-extraction; not frozen replay OIDs,git version 2.50.1 (Apple Git-155),refs/pull/N/head; --no-tags; depth 80; depth 600 retry if no merge base,git -c diff.renames=true -c diff.algorithm=myers diff --no-ext-diff --no-textconv --unified=0; default whitespace; binary paths count as files and contribute zero hunks,488dee88468262275280fcf72e8fda25ed48b49a,58731e2ae13c77b58656c1daf7d4113f22ff3d7d,488dee88468262275280fcf72e8fda25ed48b49a,58731e2ae13c77b58656c1daf7d4113f22ff3d7d,7904ddb40cc6ef673aaff70ca811546665233551,2dd7bae359aad18de6b47c29a0367662261d2d73,7904ddb40cc6ef673aaff70ca811546665233551,0,0,80,59,OK
same,vercel/hyper-site,314,317,CLEAN,false,false,2026-09-16T23:32:40.365950+00:00,current-pr-heads-at-extraction; not frozen replay OIDs,git version 2.50.1 (Apple Git-155),refs/pull/N/head; --no-tags; depth 80; depth 600 retry if no merge base,git -c diff.renames=true -c diff.algorithm=myers diff --no-ext-diff --no-textconv --unified=0; default whitespace; binary paths count as files and contribute zero hunks,d6b520839ff0857d0b70b2e278454586788c2b89,b75c9389f12260694a56344800546076e48e0c7f,d6b520839ff0857d0b70b2e278454586788c2b89,b75c9389f12260694a56344800546076e48e0c7f,23d7799e24abdc5ad78f4464bb361adb3cee6762,23d7799e24abdc5ad78f4464bb361adb3cee6762,23d7799e24abdc5ad78f4464bb361adb3cee6762,5,8,6,12,OK
same,Azure/autorest.csharp,5327,5329,CLEAN,false,false,2026-09-16T23:32:59.548367+00:00,current-pr-heads-at-extraction; not frozen replay OIDs,git version 2.50.1 (Apple Git-155),refs/pull/N/head; --no-tags; depth 80; depth 600 retry if no merge base,git -c diff.renames=true -c diff.algorithm=myers diff --no-ext-diff --no-textconv --unified=0; default whitespace; binary paths count as files and contribute zero hunks,5c46fb82d02e7ac065f10173c86996980864ff36,87bb2c065384c4173dfc8bfa1b85d6ea5df98e36,5c46fb82d02e7ac065f10173c86996980864ff36,87bb2c065384c4173dfc8bfa1b85d6ea5df98e36,304105bf1034e4e3f614b491d895b427b76ebdf8,516a9c5dc6bdc8b9870b7e082ca6d43bb5cdfc49,304105bf1034e4e3f614b491d895b427b76ebdf8,3,6,5,7,OK
same,electerm/electerm,3979,3980,CONFLICT,true,true,2026-09-16T23:33:06.113749+00:00,current-pr-heads-at-extraction; not frozen replay OIDs,git version 2.50.1 (Apple Git-155),refs/pull/N/head; --no-tags; depth 80; depth 600 retry if no merge base,git -c diff.renames=true -c diff.algorithm=myers diff --no-ext-diff --no-textconv --unified=0; default whitespace; binary paths count as files and contribute zero hunks,97d97e61c22ef2fbf5783a49aab5806087596221,a1ea0892c31d358d7f70fefc61cae584e1c5d0d6,97d97e61c22ef2fbf5783a49aab5806087596221,a1ea0892c31d358d7f70fefc61cae584e1c5d0d6,f71c13f322bab83c3573c30d2b91dfb0e037234e,f71c13f322bab83c3573c30d2b91dfb0e037234e,f71c13f322bab83c3573c30d2b91dfb0e037234e,6,17,10,22,OK
same,microsoft/vscode-python,25103,25156,CONFLICT,true,false,2026-09-16T23:33:08.713807+00:00,current-pr-heads-at-extraction; not frozen replay OIDs,git version 2.50.1 (Apple Git-155),refs/pull/N/head; --no-tags; depth 80; depth 600 retry if no merge base,git -c diff.renames=true -c diff.algorithm=myers diff --no-ext-diff --no-textconv --unified=0; default whitespace; binary paths count as files and contribute zero hunks,361f567ec4b764d7f2815d27d899692ff660b024,ee56831617a0b84eac6ce223893612152c9bf549,361f567ec4b764d7f2815d27d899692ff660b024,ee56831617a0b84eac6ce223893612152c9bf549,79035c8d008e937860a2b7eb4a4dbbb862ee259b,7d8ac2fcf845c55f6092f596aca718d53032b45c,8ae346b370cbc66229a444d2dbc9a77ab97e32d7,173,942,25,161,OK
same,nextcloud/desktop,8395,8406,CLEAN,false,false,2026-09-16T23:33:13.515216+00:00,current-pr-heads-at-extraction; not frozen replay OIDs,git version 2.50.1 (Apple Git-155),refs/pull/N/head; --no-tags; depth 80; depth 600 retry if no merge base,git -c diff.renames=true -c diff.algorithm=myers diff --no-ext-diff --no-textconv --unified=0; default whitespace; binary paths count as files and contribute zero hunks,f6d4192bd77b9f82e710e95007861e70020320d5,18bca269187a753662717450684c37164ac87fb0,f6d4192bd77b9f82e710e95007861e70020320d5,18bca269187a753662717450684c37164ac87fb0,2527a30fd55f3cadd38fbe1e33ec675315bea45c,6f45119fe147733b1faa3d857e63c745753a0c5a,dd010e22c8515d9ce8678d599e7dcaf636242375,109,1377,4,10,OK
same,mautic/mautic,15249,15250,CONFLICT,true,false,2026-09-16T23:33:19.466769+00:00,current-pr-heads-at-extraction; not frozen replay OIDs,git version 2.50.1 (Apple Git-155),refs/pull/N/head; --no-tags; depth 80; depth 600 retry if no merge base,git -c diff.renames=true -c diff.algorithm=myers diff --no-ext-diff --no-textconv --unified=0; default whitespace; binary paths count as files and contribute zero hunks,1cbc445916bf2c8339294238e34be86c94ac513b,5f93755393566d1345f77d5556362c501bae3dbe,1cbc445916bf2c8339294238e34be86c94ac513b,5f93755393566d1345f77d5556362c501bae3dbe,c19166622d55d146651052641e20cd111b1cc8cd,16e2203ee45b88138d836faa78a87fc60cf20276,d0307b41ec18bc55dc78a31da0eb2bb3cb7f067f,8262,69525,3457,16488,OK
same,pnp/cli-microsoft365,6811,6813,CLEAN,false,false,2026-09-16T23:34:27.013441+00:00,current-pr-heads-at-extraction; not frozen replay OIDs,git version 2.50.1 (Apple Git-155),refs/pull/N/head; --no-tags; depth 80; depth 600 retry if no merge base,git -c diff.renames=true -c diff.algorithm=myers diff --no-ext-diff --no-textconv --unified=0; default whitespace; binary paths count as files and contribute zero hunks,817fe7ad679df95e776665736ff98329a994bfd6,72fda67682cbb5460731739e5fc89930ea98349b,817fe7ad679df95e776665736ff98329a994bfd6,72fda67682cbb5460731739e5fc89930ea98349b,1f852eb04530ccb84cf1b8834b1ab27b569e79bf,1f852eb04530ccb84cf1b8834b1ab27b569e79bf,4d760c62e328ae399375498de5db10ee0acc45c3,2,15,2,19,OK
same,getsentry/sentry-wizard,1040,1041,CLEAN,false,false,2026-09-16T23:34:32.401949+00:00,current-pr-heads-at-extraction; not frozen replay OIDs,git version 2.50.1 (Apple Git-155),refs/pull/N/head; --no-tags; depth 80; depth 600 retry if no merge base,git -c diff.renames=true -c diff.algorithm=myers diff --no-ext-diff --no-textconv --unified=0; default whitespace; binary paths count as files and contribute zero hunks,5276f39b7f1a869079f5a76e7857fab9855782bf,75ce37186a3381fe9adc95dd80a37e33c86cc120,5276f39b7f1a869079f5a76e7857fab9855782bf,75ce37186a3381fe9adc95dd80a37e33c86cc120,0b161c363f210be651ebd39effab5be6e5c3c049,0b161c363f210be651ebd39effab5be6e5c3c049,0b161c363f210be651ebd39effab5be6e5c3c049,6,21,6,23,OK
same,robinp7720/Oblecto,125,126,CLEAN,false,false,2026-09-16T23:34:35.406344+00:00,current-pr-heads-at-extraction; not frozen replay OIDs,git version 2.50.1 (Apple Git-155),refs/pull/N/head; --no-tags; depth 80; depth 600 retry if no merge base,git -c diff.renames=true -c diff.algorithm=myers diff --no-ext-diff --no-textconv --unified=0; default whitespace; binary paths count as files and contribute zero hunks,189bfc034762d383bbbe0ceb28e550a93be853fa,40048e35948220d1f13fdaf907524a64374f82a0,189bfc034762d383bbbe0ceb28e550a93be853fa,40048e35948220d1f13fdaf907524a64374f82a0,451b72a7345ac63bb99f3c55c31872787912162b,451b72a7345ac63bb99f3c55c31872787912162b,c77323d73cb4f10364e297db7385c7fbd82dbb92,1,3,2,2,OK
same,kanisterio/kanister,3501,3502,CLEAN,false,false,2026-09-16T23:34:38.238156+00:00,current-pr-heads-at-extraction; not frozen replay OIDs,git version 2.50.1 (Apple Git-155),refs/pull/N/head; --no-tags; depth 80; depth 600 retry if no merge base,git -c diff.renames=true -c diff.algorithm=myers diff --no-ext-diff --no-textconv --unified=0; default whitespace; binary paths count as files and contribute zero hunks,c4056e813b86391de231d3ccc64088a8a6d8ec57,1a82d19648bb65e7b7b31df7eea746a4a134a7fa,c4056e813b86391de231d3ccc64088a8a6d8ec57,1a82d19648bb65e7b7b31df7eea746a4a134a7fa,ba9048a6a1f0ea9e909095dce5d9e411511cd493,9def206cfc510699b253c357c5cd806d99f82be4,9def206cfc510699b253c357c5cd806d99f82be4,17,59,10,39,OK
same,browserless/browserless,4669,4670,CLEAN,false,false,2026-09-16T23:34:41.162055+00:00,current-pr-heads-at-extraction; not frozen replay OIDs,git version 2.50.1 (Apple Git-155),refs/pull/N/head; --no-tags; depth 80; depth 600 retry if no merge base,git -c diff.renames=true -c diff.algorithm=myers diff --no-ext-diff --no-textconv --unified=0; default whitespace; binary paths count as files and contribute zero hunks,25f1815266fe0b5d6748f2cc87a6c0bbb9555feb,1e9aaba9ce147b897b8baf74ad3cf4cd73a1e717,25f1815266fe0b5d6748f2cc87a6c0bbb9555feb,1e9aaba9ce147b897b8baf74ad3cf4cd73a1e717,f7bdc70d157778e3a69c0ccb2912b284b8c72a54,f7bdc70d157778e3a69c0ccb2912b284b8c72a54,76f79a6a3e4562d908d06c22b0f718c73bce51c1,9,103,1,2,OK
same,Azure/azure-storage-azcopy,3060,3061,CLEAN,false,false,2026-09-16T23:34:46.859492+00:00,current-pr-heads-at-extraction; not frozen replay OIDs,git version 2.50.1 (Apple Git-155),refs/pull/N/head; --no-tags; depth 80; depth 600 retry if no merge base,git -c diff.renames=true -c diff.algorithm=myers diff --no-ext-diff --no-textconv --unified=0; default whitespace; binary paths count as files and contribute zero hunks,393c96be9754e9eaf166b19dd7c229cf5f878804,b2b833aa0ec846ecbeea93ed93c8c81e4048534a,393c96be9754e9eaf166b19dd7c229cf5f878804,b2b833aa0ec846ecbeea93ed93c8c81e4048534a,630c5e30c25afcd6fc3b2d14722b22f974fec108,630c5e30c25afcd6fc3b2d14722b22f974fec108,630c5e30c25afcd6fc3b2d14722b22f974fec108,0,0,1,1,OK
same,philosowaffle/peloton-to-garmin,773,775,CONFLICT,true,false,2026-09-16T23:34:50.416268+00:00,current-pr-heads-at-extraction; not frozen replay OIDs,git version 2.50.1 (Apple Git-155),refs/pull/N/head; --no-tags; depth 80; depth 600 retry if no merge base,git -c diff.renames=true -c diff.algorithm=myers diff --no-ext-diff --no-textconv --unified=0; default whitespace; binary paths count as files and contribute zero hunks,9c8f96316f3dba7cd3d9928027ab73745d2058ad,72419e317c9faa4d18c05c2c07463b9388d8e745,9c8f96316f3dba7cd3d9928027ab73745d2058ad,72419e317c9faa4d18c05c2c07463b9388d8e745,76bb51f55ac9039edb70f6c2a04643247f9bd955,a1ed959ec05bb36cbaaebc37e86920921f084956,a1ed959ec05bb36cbaaebc37e86920921f084956,51,223,19,29,OK
same,rsyslog/rsyslog-docker,69,71,CLEAN,false,false,2026-09-16T23:34:53.808025+00:00,current-pr-heads-at-extraction; not frozen replay OIDs,git version 2.50.1 (Apple Git-155),refs/pull/N/head; --no-tags; depth 80; depth 600 retry if no merge base,git -c diff.renames=true -c diff.algorithm=myers diff --no-ext-diff --no-textconv --unified=0; default whitespace; binary paths count as files and contribute zero hunks,8c4e9606ede83dc572a203d6e705cd40eb323af4,77bdcd148905805d31d412d1695a7b1fd4e09d0f,8c4e9606ede83dc572a203d6e705cd40eb323af4,77bdcd148905805d31d412d1695a7b1fd4e09d0f,632685d4a94ad60123d0a7c4af7b66ab5c2c1764,632685d4a94ad60123d0a7c4af7b66ab5c2c1764,632685d4a94ad60123d0a7c4af7b66ab5c2c1764,1,1,3,3,OK
same,DavidBelicza/TextRank,15,16,CLEAN,false,false,2026-09-16T23:34:56.174708+00:00,current-pr-heads-at-extraction; not frozen replay OIDs,git version 2.50.1 (Apple Git-155),refs/pull/N/head; --no-tags; depth 80; depth 600 retry if no merge base,git -c diff.renames=true -c diff.algorithm=myers diff --no-ext-diff --no-textconv --unified=0; default whitespace; binary paths count as files and contribute zero hunks,94eec38d3f13ba052d876f871a5286223fb834f9,cbfac1337ea7c6406943d82d79094adc372c80b8,94eec38d3f13ba052d876f871a5286223fb834f9,cbfac1337ea7c6406943d82d79094adc372c80b8,3759a731dd1afe41d59e55d55c2ffd03e5c2471d,3759a731dd1afe41d59e55d55c2ffd03e5c2471d,3759a731dd1afe41d59e55d55c2ffd03e5c2471d,2,2,1,20,OK
same,BlueWallet/BlueWallet,7988,7989,CLEAN,false,false,2026-09-16T23:34:58.860433+00:00,current-pr-heads-at-extraction; not frozen replay OIDs,git version 2.50.1 (Apple Git-155),refs/pull/N/head; --no-tags; depth 80; depth 600 retry if no merge base,git -c diff.renames=true -c diff.algorithm=myers diff --no-ext-diff --no-textconv --unified=0; default whitespace; binary paths count as files and contribute zero hunks,8ae04cadb2dff9484bfb038637845596e45e01ac,40ad916477e39a9a9552d2c6cb0e0b8f0cc521c2,8ae04cadb2dff9484bfb038637845596e45e01ac,40ad916477e39a9a9552d2c6cb0e0b8f0cc521c2,c77e159413ae9f75616bd5fde2c522ef1cd574ae,eaf2cdfb4dc0b440c9696fe63105c454bdb2c759,c77e159413ae9f75616bd5fde2c522ef1cd574ae,2,4,9,19,OK
same,orangecoding/fredy,130,131,CLEAN,false,false,2026-09-16T23:35:02.275521+00:00,current-pr-heads-at-extraction; not frozen replay OIDs,git version 2.50.1 (Apple Git-155),refs/pull/N/head; --no-tags; depth 80; depth 600 retry if no merge base,git -c diff.renames=true -c diff.algorithm=myers diff --no-ext-diff --no-textconv --unified=0; default whitespace; binary paths count as files and contribute zero hunks,1aa9c65fe0a26725905de23f93db7dafb7371800,e17c4e23a413e6461bdc2e2576da861326977e60,1aa9c65fe0a26725905de23f93db7dafb7371800,e17c4e23a413e6461bdc2e2576da861326977e60,d0998729507cb47e55e7616a426b4b3f28c57daa,d0998729507cb47e55e7616a426b4b3f28c57daa,d0998729507cb47e55e7616a426b4b3f28c57daa,1,1,1,1,OK
same,fatedier/fft,22,23,CLEAN,false,false,2026-09-16T23:35:04.787779+00:00,current-pr-heads-at-extraction; not frozen replay OIDs,git version 2.50.1 (Apple Git-155),refs/pull/N/head; --no-tags; depth 80; depth 600 retry if no merge base,git -c diff.renames=true -c diff.algorithm=myers diff --no-ext-diff --no-textconv --unified=0; default whitespace; binary paths count as files and contribute zero hunks,7ac13abf61188610f09a9c91d9898d714560648b,1665ae7bbfe922172d889533cdd32e913643f442,7ac13abf61188610f09a9c91d9898d714560648b,1665ae7bbfe922172d889533cdd32e913643f442,b3cf96145d0069fdd983dbc6c8140f674dd7fa3d,b3cf96145d0069fdd983dbc6c8140f674dd7fa3d,b3cf96145d0069fdd983dbc6c8140f674dd7fa3d,5,23,5,15,OK
same,static-frame/static-frame,1068,1069,CONFLICT,true,true,2026-09-16T23:35:08.051524+00:00,current-pr-heads-at-extraction; not frozen replay OIDs,git version 2.50.1 (Apple Git-155),refs/pull/N/head; --no-tags; depth 80; depth 600 retry if no merge base,git -c diff.renames=true -c diff.algorithm=myers diff --no-ext-diff --no-textconv --unified=0; default whitespace; binary paths count as files and contribute zero hunks,13dcc7ee7295770781dc28efbbd5ba72d711301c,633ce754297ae9c95bc4adf58607ecf0d6d3e57f,13dcc7ee7295770781dc28efbbd5ba72d711301c,633ce754297ae9c95bc4adf58607ecf0d6d3e57f,f57d16e08312e1aebe074f629939d23565b93621,8537984faa3711bf55c84d7d2c04697dcb74e413,d561ee05d686269507ca160a314c35b908d11232,6,9,137,2016,OK
same,Azure/azure-sdk-for-js,34446,34476,CLEAN,false,false,2026-09-16T23:35:12.397083+00:00,current-pr-heads-at-extraction; not frozen replay OIDs,git version 2.50.1 (Apple Git-155),refs/pull/N/head; --no-tags; depth 80; depth 600 retry if no merge base,git -c diff.renames=true -c diff.algorithm=myers diff --no-ext-diff --no-textconv --unified=0; default whitespace; binary paths count as files and contribute zero hunks,18af9eb782dc079d1f447dfed88b8c7ec363c24c,8b253f1a897f0bfb49afdba6cb9d7806b80c21b4,18af9eb782dc079d1f447dfed88b8c7ec363c24c,8b253f1a897f0bfb49afdba6cb9d7806b80c21b4,574513bbdab0a7b2743228a6948d3ccc30a2c9be,dd57109566ad8aa14c80dfc2dcceed85005aa4c2,574513bbdab0a7b2743228a6948d3ccc30a2c9be,8,8,16,27,OK
same,lordmauve/pgzero,360,366,CLEAN,false,false,2026-09-16T23:35:30.514946+00:00,current-pr-heads-at-extraction; not frozen replay OIDs,git version 2.50.1 (Apple Git-155),refs/pull/N/head; --no-tags; depth 80; depth 600 retry if no merge base,git -c diff.renames=true -c diff.algorithm=myers diff --no-ext-diff --no-textconv --unified=0; default whitespace; binary paths count as files and contribute zero hunks,446093a712eb9b582e045f5956ed5ddaf771f212,21aaa06600c80f30e6b894a6244a9fe6b48ae5cd,446093a712eb9b582e045f5956ed5ddaf771f212,21aaa06600c80f30e6b894a6244a9fe6b48ae5cd,83d0f932d0f434bebea330ba148ececbe742d71c,c615a6356d15ce7b3d377a620211bbccbede7e82,21aaa06600c80f30e6b894a6244a9fe6b48ae5cd,7,16,0,0,OK
same,kiwicom/orbit,4567,4572,CLEAN,false,false,2026-09-17T00:13:16.953553+00:00,current-pr-heads-at-extraction; not frozen replay OIDs,git version 2.50.1 (Apple Git-155),refs/pull/N/head; --no-tags; depth 80; depth 600 retry if no merge base,git -c diff.renames=true -c diff.algorithm=myers diff --no-ext-diff --no-textconv --unified=0; default whitespace; binary paths count as files and contribute zero hunks,,,,,,,,,,,,API_NOT_FOUND_A
same,microsoft/PSRule,2973,2974,CONFLICT,true,false,2026-09-16T23:35:41.757598+00:00,current-pr-heads-at-extraction; not frozen replay OIDs,git version 2.50.1 (Apple Git-155),refs/pull/N/head; --no-tags; depth 80; depth 600 retry if no merge base,git -c diff.renames=true -c diff.algorithm=myers diff --no-ext-diff --no-textconv --unified=0; default whitespace; binary paths count as files and contribute zero hunks,da503e88cf1b2c621452075933384139c3d38b1e,abae12a0b5e988a203e057c89fc0f3755a555c9a,da503e88cf1b2c621452075933384139c3d38b1e,abae12a0b5e988a203e057c89fc0f3755a555c9a,31554faed771669adfaaacae01cb3ba74d9a91b3,e87c9e8260e965b1fe060c193d859e0d7b5a6a37,31554faed771669adfaaacae01cb3ba74d9a91b3,9,15,316,2464,OK
same,primer/react,6066,6069,CLEAN,false,false,2026-09-16T23:35:44.454860+00:00,current-pr-heads-at-extraction; not frozen replay OIDs,git version 2.50.1 (Apple Git-155),refs/pull/N/head; --no-tags; depth 80; depth 600 retry if no merge base,git -c diff.renames=true -c diff.algorithm=myers diff --no-ext-diff --no-textconv --unified=0; default whitespace; binary paths count as files and contribute zero hunks,c0c1629b9561325760bffe4a9dfe15dd1bd72958,e9ff814c13dfaeabf162029957bd4f32ef3bd369,c0c1629b9561325760bffe4a9dfe15dd1bd72958,e9ff814c13dfaeabf162029957bd4f32ef3bd369,3fc7741d59fa4b1586bd78d668d52b86c4099e83,80ad66cb9b059cabc15091134d76cfa3e3341ebd,3fc7741d59fa4b1586bd78d668d52b86c4099e83,6,158,10,144,OK
same,elixir-lsp/elixir-ls,1183,1184,CLEAN,false,false,2026-09-16T23:35:57.382055+00:00,current-pr-heads-at-extraction; not frozen replay OIDs,git version 2.50.1 (Apple Git-155),refs/pull/N/head; --no-tags; depth 80; depth 600 retry if no merge base,git -c diff.renames=true -c diff.algorithm=myers diff --no-ext-diff --no-textconv --unified=0; default whitespace; binary paths count as files and contribute zero hunks,08791fccae1181d559b0ac81195d6a0391fbbdb9,09e51739b3f1080be08fd66b18464ac8315ceaa1,08791fccae1181d559b0ac81195d6a0391fbbdb9,09e51739b3f1080be08fd66b18464ac8315ceaa1,5fa0313564fcfbe0267e8475de41fe45b4be7efb,5fa0313564fcfbe0267e8475de41fe45b4be7efb,5fa0313564fcfbe0267e8475de41fe45b4be7efb,6,25,2,3,OK
same,halo-dev/halo,7644,7645,CLEAN,false,false,2026-09-16T23:36:00.413552+00:00,current-pr-heads-at-extraction; not frozen replay OIDs,git version 2.50.1 (Apple Git-155),refs/pull/N/head; --no-tags; depth 80; depth 600 retry if no merge base,git -c diff.renames=true -c diff.algorithm=myers diff --no-ext-diff --no-textconv --unified=0; default whitespace; binary paths count as files and contribute zero hunks,04ebc4d9c84695e51ae2a4ebaa9fbcd7602ccdb4,26e2caef778a45e5dfcb8659386f6e0e79fc93ba,04ebc4d9c84695e51ae2a4ebaa9fbcd7602ccdb4,26e2caef778a45e5dfcb8659386f6e0e79fc93ba,6f6dbb8cc1aac695f24744383375b1504e153728,6f6dbb8cc1aac695f24744383375b1504e153728,6f6dbb8cc1aac695f24744383375b1504e153728,7,18,0,0,OK
same,celestiaorg/rsmt2d,361,363,CLEAN,false,false,2026-09-16T23:36:03.798728+00:00,current-pr-heads-at-extraction; not frozen replay OIDs,git version 2.50.1 (Apple Git-155),refs/pull/N/head; --no-tags; depth 80; depth 600 retry if no merge base,git -c diff.renames=true -c diff.algorithm=myers diff --no-ext-diff --no-textconv --unified=0; default whitespace; binary paths count as files and contribute zero hunks,360326e48a2c074a71c3fc0cbaa7325eb966917c,5b7a70053093ec2a4c90f6a577fd557f5fc4b67c,360326e48a2c074a71c3fc0cbaa7325eb966917c,5b7a70053093ec2a4c90f6a577fd557f5fc4b67c,a71c6b564c45a40aeadfd521eaadbe7ab6cb2378,a71c6b564c45a40aeadfd521eaadbe7ab6cb2378,a71c6b564c45a40aeadfd521eaadbe7ab6cb2378,7,44,8,13,OK
same,zwave-js/zwave-js,7994,8017,CLEAN,false,false,2026-09-16T23:36:06.191714+00:00,current-pr-heads-at-extraction; not frozen replay OIDs,git version 2.50.1 (Apple Git-155),refs/pull/N/head; --no-tags; depth 80; depth 600 retry if no merge base,git -c diff.renames=true -c diff.algorithm=myers diff --no-ext-diff --no-textconv --unified=0; default whitespace; binary paths count as files and contribute zero hunks,b0b3f636c43a37ee8ccc4a12a9017ab7667baecd,61cd5088fa8632769746ea1d5ee81dec244b0767,b0b3f636c43a37ee8ccc4a12a9017ab7667baecd,61cd5088fa8632769746ea1d5ee81dec244b0767,e68467290c415559fb1b3e414f4eb6a36f1eb43a,b895f6dab5f7d49ee10f82aa10d0ffbce42f8012,e68467290c415559fb1b3e414f4eb6a36f1eb43a,1,1,28,78,OK
same,RevenueCat/purchases-android,2463,2490,CLEAN,false,false,2026-09-16T23:36:10.089123+00:00,current-pr-heads-at-extraction; not frozen replay OIDs,git version 2.50.1 (Apple Git-155),refs/pull/N/head; --no-tags; depth 80; depth 600 retry if no merge base,git -c diff.renames=true -c diff.algorithm=myers diff --no-ext-diff --no-textconv --unified=0; default whitespace; binary paths count as files and contribute zero hunks,257b309d363eb3d25bf55b2f877b01f152f28a2b,6c654321dc0660c587a486cc2a3b7c50c09052e7,257b309d363eb3d25bf55b2f877b01f152f28a2b,6c654321dc0660c587a486cc2a3b7c50c09052e7,97dc872cdc50ec5ce2601bf85850b63abd44c939,a485da9a11c788dacea021422b1ee2a4e5fbd347,eb3d01081721c971959ea5f7edd5366d77c814b9,27,72,9,23,OK
same,reown-com/appkit,4354,4359,CLEAN,false,false,2026-09-16T23:36:13.948126+00:00,current-pr-heads-at-extraction; not frozen replay OIDs,git version 2.50.1 (Apple Git-155),refs/pull/N/head; --no-tags; depth 80; depth 600 retry if no merge base,git -c diff.renames=true -c diff.algorithm=myers diff --no-ext-diff --no-textconv --unified=0; default whitespace; binary paths count as files and contribute zero hunks,5e16400f0c7c86b7d0c4d5e4badc74f75327e8b0,38b49974a7ba7066c241d6592a42b0b4ed93ff6f,5e16400f0c7c86b7d0c4d5e4badc74f75327e8b0,38b49974a7ba7066c241d6592a42b0b4ed93ff6f,b132f31d617b6649c1cc0e668ea464e3baad1769,bf2570daa33a79b3994d53529780086017cce218,b132f31d617b6649c1cc0e668ea464e3baad1769,2,2,68,109,OK
same,DivineOmega/uxdm,41,42,CLEAN,false,false,2026-09-16T23:36:17.401087+00:00,current-pr-heads-at-extraction; not frozen replay OIDs,git version 2.50.1 (Apple Git-155),refs/pull/N/head; --no-tags; depth 80; depth 600 retry if no merge base,git -c diff.renames=true -c diff.algorithm=myers diff --no-ext-diff --no-textconv --unified=0; default whitespace; binary paths count as files and contribute zero hunks,b37d693e549f285ba4d499105522d7d615b93515,a593b4ca30f93fb993da3472345a5c3fb8b82a3b,b37d693e549f285ba4d499105522d7d615b93515,a593b4ca30f93fb993da3472345a5c3fb8b82a3b,ecb5eba5801623680d34bbd9a5d6a1d4fb15998e,ecb5eba5801623680d34bbd9a5d6a1d4fb15998e,ecb5eba5801623680d34bbd9a5d6a1d4fb15998e,9,10,1,1,OK
same,microsoft/git,754,755,UNAVAIL_fetch,false,false,2026-09-16T23:36:20.444229+00:00,current-pr-heads-at-extraction; not frozen replay OIDs,git version 2.50.1 (Apple Git-155),refs/pull/N/head; --no-tags; depth 80; depth 600 retry if no merge base,git -c diff.renames=true -c diff.algorithm=myers diff --no-ext-diff --no-textconv --unified=0; default whitespace; binary paths count as files and contribute zero hunks,,,,,,,,,,,,UNAVAIL_fetch
same,netket/netket,2046,2047,CLEAN,false,false,2026-09-16T23:36:20.444395+00:00,current-pr-heads-at-extraction; not frozen replay OIDs,git version 2.50.1 (Apple Git-155),refs/pull/N/head; --no-tags; depth 80; depth 600 retry if no merge base,git -c diff.renames=true -c diff.algorithm=myers diff --no-ext-diff --no-textconv --unified=0; default whitespace; binary paths count as files and contribute zero hunks,7b09c2a91f5bdaca5088d63228a41427a6a63aba,38857a4e284ff535646b2899e4c8165b410e54bd,7b09c2a91f5bdaca5088d63228a41427a6a63aba,38857a4e284ff535646b2899e4c8165b410e54bd,53124d511e1f579b9949eb7b9937d9e505b4935c,53124d511e1f579b9949eb7b9937d9e505b4935c,53124d511e1f579b9949eb7b9937d9e505b4935c,1,2,2,3,OK
same,wieslawsoltes/Dock,425,426,CLEAN,false,false,2026-09-16T23:36:23.199943+00:00,current-pr-heads-at-extraction; not frozen replay OIDs,git version 2.50.1 (Apple Git-155),refs/pull/N/head; --no-tags; depth 80; depth 600 retry if no merge base,git -c diff.renames=true -c diff.algorithm=myers diff --no-ext-diff --no-textconv --unified=0; default whitespace; binary paths count as files and contribute zero hunks,20f3fbce96ff7c54c5b6bf19ced7fd0e84592b8c,43141c3db44ddadeadf4a6c1fe9dc8f8473759e8,20f3fbce96ff7c54c5b6bf19ced7fd0e84592b8c,43141c3db44ddadeadf4a6c1fe9dc8f8473759e8,b1f361a852ad080a79f433fc1270c70fd72e6220,b4d4685f8f05a66a63097729313467f57e99f4ca,43141c3db44ddadeadf4a6c1fe9dc8f8473759e8,3,3,0,0,OK
same,umasteeringgroup/UMA,492,494,UNAVAIL_fetch,false,false,2026-09-16T23:36:25.711105+00:00,current-pr-heads-at-extraction; not frozen replay OIDs,git version 2.50.1 (Apple Git-155),refs/pull/N/head; --no-tags; depth 80; depth 600 retry if no merge base,git -c diff.renames=true -c diff.algorithm=myers diff --no-ext-diff --no-textconv --unified=0; default whitespace; binary paths count as files and contribute zero hunks,,,,,,,,,,,,UNAVAIL_fetch
same,nf-core/chipseq,470,472,CLEAN,false,false,2026-09-16T23:36:25.711296+00:00,current-pr-heads-at-extraction; not frozen replay OIDs,git version 2.50.1 (Apple Git-155),refs/pull/N/head; --no-tags; depth 80; depth 600 retry if no merge base,git -c diff.renames=true -c diff.algorithm=myers diff --no-ext-diff --no-textconv --unified=0; default whitespace; binary paths count as files and contribute zero hunks,81a2a585b7500d17359e87e4d4bfcccb46410aa6,c1c8dd6af462a177ca9b7967a60bb29e06a9919f,81a2a585b7500d17359e87e4d4bfcccb46410aa6,c1c8dd6af462a177ca9b7967a60bb29e06a9919f,cd1f2421f7bfb5778809eed6c0abc8f34a51b2ef,e92fa1cfed87dd8a4c1fd2893c8bce7e70ad1dfd,81a2a585b7500d17359e87e4d4bfcccb46410aa6,0,0,13,231,OK
same,pulumi/docs,15113,15140,CLEAN,false,false,2026-09-16T23:36:29.655781+00:00,current-pr-heads-at-extraction; not frozen replay OIDs,git version 2.50.1 (Apple Git-155),refs/pull/N/head; --no-tags; depth 80; depth 600 retry if no merge base,git -c diff.renames=true -c diff.algorithm=myers diff --no-ext-diff --no-textconv --unified=0; default whitespace; binary paths count as files and contribute zero hunks,e5d6da0875ebfd7e6331f94225002bc9c0e08d89,c13b5f19d1c922581de32a82090c4478765a7bae,e5d6da0875ebfd7e6331f94225002bc9c0e08d89,c13b5f19d1c922581de32a82090c4478765a7bae,7d57dc7e7b978380b3c7b80b58ca37dbbeea274b,732393fff14ef5e3b418420d255f2b54bd7abff1,7d57dc7e7b978380b3c7b80b58ca37dbbeea274b,10,22,465,885,OK
same,puemos/hls-downloader,425,426,CLEAN,false,false,2026-09-16T23:39:01.015151+00:00,current-pr-heads-at-extraction; not frozen replay OIDs,git version 2.50.1 (Apple Git-155),refs/pull/N/head; --no-tags; depth 80; depth 600 retry if no merge base,git -c diff.renames=true -c diff.algorithm=myers diff --no-ext-diff --no-textconv --unified=0; default whitespace; binary paths count as files and contribute zero hunks,003cab56f186ae29d87ef9ee05e2ef4eb0fd68be,9eaf962dea9800f3820a0016f512d36649398cab,003cab56f186ae29d87ef9ee05e2ef4eb0fd68be,9eaf962dea9800f3820a0016f512d36649398cab,95573b280f3854b6485a0cdc9febf58795eb6867,95573b280f3854b6485a0cdc9febf58795eb6867,64a281eb495597957a0984c9ecf441aef70f7c1f,2,3,1,1,OK
same,Apollon77/ioBroker.alexa2,1234,1235,CONFLICT,true,true,2026-09-16T23:39:07.734746+00:00,current-pr-heads-at-extraction; not frozen replay OIDs,git version 2.50.1 (Apple Git-155),refs/pull/N/head; --no-tags; depth 80; depth 600 retry if no merge base,git -c diff.renames=true -c diff.algorithm=myers diff --no-ext-diff --no-textconv --unified=0; default whitespace; binary paths count as files and contribute zero hunks,dcdfdda6adc02876baa96087b327f835acf5d753,5e4b7cb170967275b75a9bf70e2466f3667b2876,dcdfdda6adc02876baa96087b327f835acf5d753,5e4b7cb170967275b75a9bf70e2466f3667b2876,bd1504b0756f5c075cdf2cd541e66e3c5d972aff,bf5f773f4604f6dbf05af9d282e056c4707ce574,bd1504b0756f5c075cdf2cd541e66e3c5d972aff,2,2,2,10,OK
same,PrefectHQ/prefect,18098,18099,CONFLICT,true,false,2026-09-16T23:39:10.200731+00:00,current-pr-heads-at-extraction; not frozen replay OIDs,git version 2.50.1 (Apple Git-155),refs/pull/N/head; --no-tags; depth 80; depth 600 retry if no merge base,git -c diff.renames=true -c diff.algorithm=myers diff --no-ext-diff --no-textconv --unified=0; default whitespace; binary paths count as files and contribute zero hunks,a3f70849ba97da374bfbba8db8f9668329c78132,d98d60c664b6a65f718aeb161860b739533322b9,a3f70849ba97da374bfbba8db8f9668329c78132,d98d60c664b6a65f718aeb161860b739533322b9,554a7b6cb42c108cc8053368259ec6988ef67f74,554a7b6cb42c108cc8053368259ec6988ef67f74,554a7b6cb42c108cc8053368259ec6988ef67f74,13,25,12,28,OK
same,Azure/azure-cli-extensions,8771,8779,CLEAN,false,false,2026-09-16T23:39:15.701370+00:00,current-pr-heads-at-extraction; not frozen replay OIDs,git version 2.50.1 (Apple Git-155),refs/pull/N/head; --no-tags; depth 80; depth 600 retry if no merge base,git -c diff.renames=true -c diff.algorithm=myers diff --no-ext-diff --no-textconv --unified=0; default whitespace; binary paths count as files and contribute zero hunks,11dc4163ea3cbaddfda4b4d2c10fbb0cbfc70a5f,cadce214d6e423b1ca7b6e8dc0e97ad40dfc69a8,11dc4163ea3cbaddfda4b4d2c10fbb0cbfc70a5f,cadce214d6e423b1ca7b6e8dc0e97ad40dfc69a8,ae89d8ecf87b235c4e49fd1197bf6090fad27662,dae673f9f54bf58db4feaefc86c1c360fe62d252,f4f5a49c7a4e6bfa8991f3a09a812e54939a93e3,0,0,434,5391,OK
same,etchdroid/etchdroid,291,292,CLEAN,false,false,2026-09-16T23:40:25.675659+00:00,current-pr-heads-at-extraction; not frozen replay OIDs,git version 2.50.1 (Apple Git-155),refs/pull/N/head; --no-tags; depth 80; depth 600 retry if no merge base,git -c diff.renames=true -c diff.algorithm=myers diff --no-ext-diff --no-textconv --unified=0; default whitespace; binary paths count as files and contribute zero hunks,2ca1561562eac1034aec8c6f88df1e590cb188de,28d9bf58df60ea650f09ea988593bc3ad3e5f20c,2ca1561562eac1034aec8c6f88df1e590cb188de,28d9bf58df60ea650f09ea988593bc3ad3e5f20c,e622d6c6296402f7bd5464a4b2e47c85d09133d0,e622d6c6296402f7bd5464a4b2e47c85d09133d0,e622d6c6296402f7bd5464a4b2e47c85d09133d0,1,1,1,1,OK
same,EdgeTranslate/EdgeTranslate,634,636,CLEAN,false,false,2026-09-16T23:40:29.627137+00:00,current-pr-heads-at-extraction; not frozen replay OIDs,git version 2.50.1 (Apple Git-155),refs/pull/N/head; --no-tags; depth 80; depth 600 retry if no merge base,git -c diff.renames=true -c diff.algorithm=myers diff --no-ext-diff --no-textconv --unified=0; default whitespace; binary paths count as files and contribute zero hunks,aaf53a51400642ae96219c6309e7705b8123ac13,42b4203ba2006c5d48c74af2750e8b1f0b937c89,aaf53a51400642ae96219c6309e7705b8123ac13,42b4203ba2006c5d48c74af2750e8b1f0b937c89,fd437fb27da3998730eaf204a6df15a89e28bad0,fd437fb27da3998730eaf204a6df15a89e28bad0,d8bf9f34372aad348a1284b5204cb20722121cfb,5,4,3,3,OK
same,mvisonneau/gitlab-ci-pipelines-exporter,1006,1007,CLEAN,false,false,2026-09-16T23:40:35.555293+00:00,current-pr-heads-at-extraction; not frozen replay OIDs,git version 2.50.1 (Apple Git-155),refs/pull/N/head; --no-tags; depth 80; depth 600 retry if no merge base,git -c diff.renames=true -c diff.algorithm=myers diff --no-ext-diff --no-textconv --unified=0; default whitespace; binary paths count as files and contribute zero hunks,9cd77d986b5ed1f088244294854cf56dcedd247f,b63356cadd97704647676d5b10e94564b7c7596e,9cd77d986b5ed1f088244294854cf56dcedd247f,b63356cadd97704647676d5b10e94564b7c7596e,a104529f207c7e19c424fd69e8c74a17dffa0c78,a104529f207c7e19c424fd69e8c74a17dffa0c78,088f5f947722b3021b84cb829e6f1fdf3cfda753,2,2,1,3,OK
same,monarch-initiative/mondo,8843,8868,UNAVAIL_fetch,false,false,2026-09-16T23:40:38.076969+00:00,current-pr-heads-at-extraction; not frozen replay OIDs,git version 2.50.1 (Apple Git-155),refs/pull/N/head; --no-tags; depth 80; depth 600 retry if no merge base,git -c diff.renames=true -c diff.algorithm=myers diff --no-ext-diff --no-textconv --unified=0; default whitespace; binary paths count as files and contribute zero hunks,,,,,,,,,,,,UNAVAIL_fetch
same,callstack/react-native-testing-library,1791,1792,CLEAN,false,false,2026-09-16T23:40:38.077101+00:00,current-pr-heads-at-extraction; not frozen replay OIDs,git version 2.50.1 (Apple Git-155),refs/pull/N/head; --no-tags; depth 80; depth 600 retry if no merge base,git -c diff.renames=true -c diff.algorithm=myers diff --no-ext-diff --no-textconv --unified=0; default whitespace; binary paths count as files and contribute zero hunks,dc48b08793173b8d011924399ebed2832ceae7f7,cee2a89773796e9e2b25ce72bf43f8549ea93858,dc48b08793173b8d011924399ebed2832ceae7f7,cee2a89773796e9e2b25ce72bf43f8549ea93858,203bac93b1a7d039f52086a36ddb70b848638d13,203bac93b1a7d039f52086a36ddb70b848638d13,203bac93b1a7d039f52086a36ddb70b848638d13,5,8,5,6,OK
same,CycloneDX/cyclonedx-dotnet,955,956,CLEAN,false,false,2026-09-16T23:40:42.484021+00:00,current-pr-heads-at-extraction; not frozen replay OIDs,git version 2.50.1 (Apple Git-155),refs/pull/N/head; --no-tags; depth 80; depth 600 retry if no merge base,git -c diff.renames=true -c diff.algorithm=myers diff --no-ext-diff --no-textconv --unified=0; default whitespace; binary paths count as files and contribute zero hunks,ed955c3473a417364541f0c3bb7a2b5bc4c49d13,0f50aab41b4cf1508a8a30993fb4f475a53681b8,ed955c3473a417364541f0c3bb7a2b5bc4c49d13,0f50aab41b4cf1508a8a30993fb4f475a53681b8,55a9320694ce4751994af24cb8a16a2a32e38a03,55a9320694ce4751994af24cb8a16a2a32e38a03,55a9320694ce4751994af24cb8a16a2a32e38a03,1,1,1,1,OK
same,wolfSSL/wolfBoot,550,552,CLEAN,false,false,2026-09-16T23:40:45.188306+00:00,current-pr-heads-at-extraction; not frozen replay OIDs,git version 2.50.1 (Apple Git-155),refs/pull/N/head; --no-tags; depth 80; depth 600 retry if no merge base,git -c diff.renames=true -c diff.algorithm=myers diff --no-ext-diff --no-textconv --unified=0; default whitespace; binary paths count as files and contribute zero hunks,9dba4beafd8d540bd75ba99b72f047095f609359,ab3dc479bee79a5f508180b0b93e2e925e064644,9dba4beafd8d540bd75ba99b72f047095f609359,ab3dc479bee79a5f508180b0b93e2e925e064644,71346b8b81182aae44a9e1b88e303f67582a5ae3,71346b8b81182aae44a9e1b88e303f67582a5ae3,71346b8b81182aae44a9e1b88e303f67582a5ae3,22,764,8,14,OK
same,elsa-workflows/elsa-core,6654,6655,CLEAN,false,false,2026-09-16T23:40:47.994676+00:00,current-pr-heads-at-extraction; not frozen replay OIDs,git version 2.50.1 (Apple Git-155),refs/pull/N/head; --no-tags; depth 80; depth 600 retry if no merge base,git -c diff.renames=true -c diff.algorithm=myers diff --no-ext-diff --no-textconv --unified=0; default whitespace; binary paths count as files and contribute zero hunks,117d327d7bf678eab88b503434521cd93a0fbdc5,4900020078fce7dc17385c3def53ef8b3ec09b6b,117d327d7bf678eab88b503434521cd93a0fbdc5,4900020078fce7dc17385c3def53ef8b3ec09b6b,25e36c3467200b7abaeffd56cb73fa5793a62d5f,25e36c3467200b7abaeffd56cb73fa5793a62d5f,25e36c3467200b7abaeffd56cb73fa5793a62d5f,2,2,3,3,OK
same,vectordotdev/vector,23345,23357,CLEAN,false,false,2026-09-16T23:40:56.643696+00:00,current-pr-heads-at-extraction; not frozen replay OIDs,git version 2.50.1 (Apple Git-155),refs/pull/N/head; --no-tags; depth 80; depth 600 retry if no merge base,git -c diff.renames=true -c diff.algorithm=myers diff --no-ext-diff --no-textconv --unified=0; default whitespace; binary paths count as files and contribute zero hunks,97f95a6a1869e75315577829ef81f9fcf6652b85,1689144398a5b5ea42636937290c115c2edcee6c,97f95a6a1869e75315577829ef81f9fcf6652b85,1689144398a5b5ea42636937290c115c2edcee6c,ffe54be6a3b3d0777fbc07b5401c343cb00e1639,673eaff20f67d13fa034f118e1df872a9d55e17c,326caa5c33129f6280885f10a84073a7b39e554a,272,879,7,25,OK
same,near/nearcore,13126,13127,CONFLICT,true,true,2026-09-16T23:41:06.786309+00:00,current-pr-heads-at-extraction; not frozen replay OIDs,git version 2.50.1 (Apple Git-155),refs/pull/N/head; --no-tags; depth 80; depth 600 retry if no merge base,git -c diff.renames=true -c diff.algorithm=myers diff --no-ext-diff --no-textconv --unified=0; default whitespace; binary paths count as files and contribute zero hunks,0b5c723ab2114488bbfba5539f51f6f323b57ce1,0e4cf0a98db4e7a85b048cda02a5e7c6ddc2bc80,0b5c723ab2114488bbfba5539f51f6f323b57ce1,0e4cf0a98db4e7a85b048cda02a5e7c6ddc2bc80,ea072848f1217596645ab275cf6a38eba2b47d37,ea072848f1217596645ab275cf6a38eba2b47d37,ea072848f1217596645ab275cf6a38eba2b47d37,8,14,4,8,OK
same,mixcore/mix.core,786,787,CLEAN,false,false,2026-09-16T23:41:12.165036+00:00,current-pr-heads-at-extraction; not frozen replay OIDs,git version 2.50.1 (Apple Git-155),refs/pull/N/head; --no-tags; depth 80; depth 600 retry if no merge base,git -c diff.renames=true -c diff.algorithm=myers diff --no-ext-diff --no-textconv --unified=0; default whitespace; binary paths count as files and contribute zero hunks,83ece7f6b0a569e8bc27649c9b2bfb29d34dbe06,11a4583606cc533e5007a20d7c415592b2eb02eb,83ece7f6b0a569e8bc27649c9b2bfb29d34dbe06,11a4583606cc533e5007a20d7c415592b2eb02eb,48bd95adb5df0e858cc418a8e5648e1ba48f50f9,48bd95adb5df0e858cc418a8e5648e1ba48f50f9,48bd95adb5df0e858cc418a8e5648e1ba48f50f9,4,4,8,8,OK
same,dagster-io/dagster,30486,30487,CLEAN,false,false,2026-09-16T23:41:28.819898+00:00,current-pr-heads-at-extraction; not frozen replay OIDs,git version 2.50.1 (Apple Git-155),refs/pull/N/head; --no-tags; depth 80; depth 600 retry if no merge base,git -c diff.renames=true -c diff.algorithm=myers diff --no-ext-diff --no-textconv --unified=0; default whitespace; binary paths count as files and contribute zero hunks,5eb26c4a1260109d4a85c14adcc210ba28e0fe7b,54ff3db6ad35e701310dd37660d3d3e6d7b52c7f,5eb26c4a1260109d4a85c14adcc210ba28e0fe7b,54ff3db6ad35e701310dd37660d3d3e6d7b52c7f,99a795c4e439e3f2e7cd99fd6e8b3852d1dc3ba0,41266e225e8c8540962204262236a46221ec4b4f,5eb26c4a1260109d4a85c14adcc210ba28e0fe7b,0,0,2065,8147,OK
same,python/python-docs-zh-tw,1102,1103,CLEAN,false,false,2026-09-16T23:42:10.755032+00:00,current-pr-heads-at-extraction; not frozen replay OIDs,git version 2.50.1 (Apple Git-155),refs/pull/N/head; --no-tags; depth 80; depth 600 retry if no merge base,git -c diff.renames=true -c diff.algorithm=myers diff --no-ext-diff --no-textconv --unified=0; default whitespace; binary paths count as files and contribute zero hunks,9db6c6dfc07725caac1cf6e7b94a37fa48869e86,97c1600ad251d558a3fa78abfbeba67288790743,9db6c6dfc07725caac1cf6e7b94a37fa48869e86,97c1600ad251d558a3fa78abfbeba67288790743,fb4729a7a05a79ce99b42459f1e69b7fa6aaa0c4,a03c8a9dbefb28b198fe67b22e708478a2225d28,885bdf54a0fd25b2d6c0324fa6a0680a4b14b581,557,49568,1,33,OK
same,mlflow/mlflow,15828,15839,CLEAN,false,false,2026-09-16T23:42:26.802891+00:00,current-pr-heads-at-extraction; not frozen replay OIDs,git version 2.50.1 (Apple Git-155),refs/pull/N/head; --no-tags; depth 80; depth 600 retry if no merge base,git -c diff.renames=true -c diff.algorithm=myers diff --no-ext-diff --no-textconv --unified=0; default whitespace; binary paths count as files and contribute zero hunks,1c07c70c7753d0b95c510b0406a9654e942f8e26,8ce28d8836391e8247d0afcba04797c3fb3a64d4,1c07c70c7753d0b95c510b0406a9654e942f8e26,8ce28d8836391e8247d0afcba04797c3fb3a64d4,41f75bddcf4546170683a5e61f7b680383e019ef,f2069bda0196b6ecc72e0b4eb4a83aa130020cab,41f75bddcf4546170683a5e61f7b680383e019ef,3,5,204,833,OK
same,imbhargav5/rooks,1795,1796,CLEAN,false,false,2026-09-16T23:44:33.603292+00:00,current-pr-heads-at-extraction; not frozen replay OIDs,git version 2.50.1 (Apple Git-155),refs/pull/N/head; --no-tags; depth 80; depth 600 retry if no merge base,git -c diff.renames=true -c diff.algorithm=myers diff --no-ext-diff --no-textconv --unified=0; default whitespace; binary paths count as files and contribute zero hunks,2af6315580b84435956b377acc4d1d2259f43114,2d7da9cb173759eaea4e2b87d4f2b4e951874853,2af6315580b84435956b377acc4d1d2259f43114,2d7da9cb173759eaea4e2b87d4f2b4e951874853,5138b8c9836192bd814c629c5c9e876101b9f2ab,5138b8c9836192bd814c629c5c9e876101b9f2ab,9fcf139450614146afdb5f6fe641b31a8bdd3d2b,2,6,6,8,OK
same,microsoft/WinUI-Gallery,1973,1974,CLEAN,false,false,2026-09-16T23:44:37.013774+00:00,current-pr-heads-at-extraction; not frozen replay OIDs,git version 2.50.1 (Apple Git-155),refs/pull/N/head; --no-tags; depth 80; depth 600 retry if no merge base,git -c diff.renames=true -c diff.algorithm=myers diff --no-ext-diff --no-textconv --unified=0; default whitespace; binary paths count as files and contribute zero hunks,be1b053deba9a37f4cc71a6d45ed7c6086f678e1,05ce449938c6b750702e4cef1f58de4a91d328a5,be1b053deba9a37f4cc71a6d45ed7c6086f678e1,05ce449938c6b750702e4cef1f58de4a91d328a5,6b068bc9fc7796b71289bc74efe8795d23af4d20,dbba74ac42e1b4b5ba93ab77ac63be71eaf6cbac,6b068bc9fc7796b71289bc74efe8795d23af4d20,1,2,89,442,OK
same,pomerium/pomerium,5619,5620,CLEAN,false,false,2026-09-16T23:44:42.441241+00:00,current-pr-heads-at-extraction; not frozen replay OIDs,git version 2.50.1 (Apple Git-155),refs/pull/N/head; --no-tags; depth 80; depth 600 retry if no merge base,git -c diff.renames=true -c diff.algorithm=myers diff --no-ext-diff --no-textconv --unified=0; default whitespace; binary paths count as files and contribute zero hunks,8ca056f6bc154c77eed1d3ed53d634a22f01109c,c2e6840f2debad76375f6f2462e51e670687e691,8ca056f6bc154c77eed1d3ed53d634a22f01109c,c2e6840f2debad76375f6f2462e51e670687e691,e4dc218b8137586b31505ce7557bd7e65cd56233,e4dc218b8137586b31505ce7557bd7e65cd56233,e4dc218b8137586b31505ce7557bd7e65cd56233,1,2,1,1,OK
same,whitphx/vscode-emacs-mcx,2145,2146,CLEAN,false,false,2026-09-16T23:44:45.517514+00:00,current-pr-heads-at-extraction; not frozen replay OIDs,git version 2.50.1 (Apple Git-155),refs/pull/N/head; --no-tags; depth 80; depth 600 retry if no merge base,git -c diff.renames=true -c diff.algorithm=myers diff --no-ext-diff --no-textconv --unified=0; default whitespace; binary paths count as files and contribute zero hunks,bdc5180942db92aef9be2df94b66ba36f007f6c2,46d20986930f79af0a039576c606b4424ac6bb59,bdc5180942db92aef9be2df94b66ba36f007f6c2,46d20986930f79af0a039576c606b4424ac6bb59,51112cf6e335f66efa84069ef57fca1bd0edcd49,83a7e76cec52a665e789e8e25e81463705a849b0,51112cf6e335f66efa84069ef57fca1bd0edcd49,7,63,13,54,OK
same,dotnet/winforms,13489,13490,CLEAN,false,false,2026-09-16T23:44:47.994544+00:00,current-pr-heads-at-extraction; not frozen replay OIDs,git version 2.50.1 (Apple Git-155),refs/pull/N/head; --no-tags; depth 80; depth 600 retry if no merge base,git -c diff.renames=true -c diff.algorithm=myers diff --no-ext-diff --no-textconv --unified=0; default whitespace; binary paths count as files and contribute zero hunks,f5de8f8470f312ba1781e31eb39b13aba424047f,7973629c19bf1dbdd41815aac530f97b1fda9393,f5de8f8470f312ba1781e31eb39b13aba424047f,7973629c19bf1dbdd41815aac530f97b1fda9393,ee29cfdb3b7e62cae63f3f85b23e214d1f699e78,ee29cfdb3b7e62cae63f3f85b23e214d1f699e78,ee29cfdb3b7e62cae63f3f85b23e214d1f699e78,2,2,1,6,OK
same,go-vikunja/vikunja,868,871,CONFLICT,true,true,2026-09-16T23:44:52.623789+00:00,current-pr-heads-at-extraction; not frozen replay OIDs,git version 2.50.1 (Apple Git-155),refs/pull/N/head; --no-tags; depth 80; depth 600 retry if no merge base,git -c diff.renames=true -c diff.algorithm=myers diff --no-ext-diff --no-textconv --unified=0; default whitespace; binary paths count as files and contribute zero hunks,73962f9fffce5d351908dd5b5ef9a8a8e1824346,e14bd817bcfdb10311f591009c94b34cfa65c3e8,73962f9fffce5d351908dd5b5ef9a8a8e1824346,e14bd817bcfdb10311f591009c94b34cfa65c3e8,8905f93947d634a0605b58875bbbdd819cd1d76b,8ffbfa112cdc3edb584b8f03af5e66a7c3b10a05,8ffbfa112cdc3edb584b8f03af5e66a7c3b10a05,631,2862,21,73,OK
same,TanStack/router,4699,4700,CLEAN,false,false,2026-09-16T23:44:57.584649+00:00,current-pr-heads-at-extraction; not frozen replay OIDs,git version 2.50.1 (Apple Git-155),refs/pull/N/head; --no-tags; depth 80; depth 600 retry if no merge base,git -c diff.renames=true -c diff.algorithm=myers diff --no-ext-diff --no-textconv --unified=0; default whitespace; binary paths count as files and contribute zero hunks,5767e0741539560f1b143ad9c92a897add0e2ad1,7f0e3733b0fea2e5889588c753d03657d57a3193,5767e0741539560f1b143ad9c92a897add0e2ad1,7f0e3733b0fea2e5889588c753d03657d57a3193,5b2dd557fe180898d93dc526d06ca6269cd0a257,5b2dd557fe180898d93dc526d06ca6269cd0a257,5b2dd557fe180898d93dc526d06ca6269cd0a257,1,1,6,6,OK
same,mitsuhiko/insta,760,761,CLEAN,false,false,2026-09-16T23:45:00.805333+00:00,current-pr-heads-at-extraction; not frozen replay OIDs,git version 2.50.1 (Apple Git-155),refs/pull/N/head; --no-tags; depth 80; depth 600 retry if no merge base,git -c diff.renames=true -c diff.algorithm=myers diff --no-ext-diff --no-textconv --unified=0; default whitespace; binary paths count as files and contribute zero hunks,2c954db0e5c99d9c768635c4da9bd55e15df8e59,52c8cdd1aef41ca91867606de9c95574d49a37d7,2c954db0e5c99d9c768635c4da9bd55e15df8e59,52c8cdd1aef41ca91867606de9c95574d49a37d7,7aa23e015abc0ffee35c9eba19f2a0cce3e45e85,7aa23e015abc0ffee35c9eba19f2a0cce3e45e85,7aa23e015abc0ffee35c9eba19f2a0cce3e45e85,1,1,1,3,OK
same,elixir-lsp/vscode-elixir-ls,465,466,CLEAN,false,false,2026-09-16T23:45:03.479725+00:00,current-pr-heads-at-extraction; not frozen replay OIDs,git version 2.50.1 (Apple Git-155),refs/pull/N/head; --no-tags; depth 80; depth 600 retry if no merge base,git -c diff.renames=true -c diff.algorithm=myers diff --no-ext-diff --no-textconv --unified=0; default whitespace; binary paths count as files and contribute zero hunks,78dbdbcdfc2cf65642ca0638f8b86f046190c895,fb0c6382bf59cc3149407e2166d18d882da5a4c5,78dbdbcdfc2cf65642ca0638f8b86f046190c895,fb0c6382bf59cc3149407e2166d18d882da5a4c5,60ea33489397c020793f7883091bc264b4d7cb7e,60ea33489397c020793f7883091bc264b4d7cb7e,60ea33489397c020793f7883091bc264b4d7cb7e,1,3,1,1,OK
same,saturday06/VRM-Addon-for-Blender,788,789,CONFLICT,true,true,2026-09-16T23:45:05.717910+00:00,current-pr-heads-at-extraction; not frozen replay OIDs,git version 2.50.1 (Apple Git-155),refs/pull/N/head; --no-tags; depth 80; depth 600 retry if no merge base,git -c diff.renames=true -c diff.algorithm=myers diff --no-ext-diff --no-textconv --unified=0; default whitespace; binary paths count as files and contribute zero hunks,f035a492c3180c69cbd4a212fc1a22d836607e72,a8227f009eccd0dfba98ac4837f60236e73431d4,f035a492c3180c69cbd4a212fc1a22d836607e72,a8227f009eccd0dfba98ac4837f60236e73431d4,ea66e8f9aea27c021b52a15d1f184df37d74944e,ea66e8f9aea27c021b52a15d1f184df37d74944e,ea66e8f9aea27c021b52a15d1f184df37d74944e,5,16,5,31,OK
same,cberner/raptorq,176,177,CONFLICT,true,true,2026-09-16T23:45:11.738472+00:00,current-pr-heads-at-extraction; not frozen replay OIDs,git version 2.50.1 (Apple Git-155),refs/pull/N/head; --no-tags; depth 80; depth 600 retry if no merge base,git -c diff.renames=true -c diff.algorithm=myers diff --no-ext-diff --no-textconv --unified=0; default whitespace; binary paths count as files and contribute zero hunks,cf0bbae47aad0a1b45f268cb0bb553f4b497cc6b,d2348977f81ade46f05bfce9a76d14bd95034111,cf0bbae47aad0a1b45f268cb0bb553f4b497cc6b,d2348977f81ade46f05bfce9a76d14bd95034111,e907a5dbea904e3ff83abf8d92cd8a6dc2e0c4eb,db74327bae0092b1c780600a213252b7144c47ab,e907a5dbea904e3ff83abf8d92cd8a6dc2e0c4eb,3,6,6,17,OK
same,Azure/AppConfiguration,1061,1065,CLEAN,false,false,2026-09-16T23:45:14.151347+00:00,current-pr-heads-at-extraction; not frozen replay OIDs,git version 2.50.1 (Apple Git-155),refs/pull/N/head; --no-tags; depth 80; depth 600 retry if no merge base,git -c diff.renames=true -c diff.algorithm=myers diff --no-ext-diff --no-textconv --unified=0; default whitespace; binary paths count as files and contribute zero hunks,ffcc3cad8689252b57cd08e0a30ed7190be17efe,c21857c0347e72ae0ebbaedf567641a4c2a23b23,ffcc3cad8689252b57cd08e0a30ed7190be17efe,c21857c0347e72ae0ebbaedf567641a4c2a23b23,269adf0d38ec3ff8c7a80b15fb8a8f2a8cec34dc,269adf0d38ec3ff8c7a80b15fb8a8f2a8cec34dc,269adf0d38ec3ff8c7a80b15fb8a8f2a8cec34dc,4,23,6,6,OK
same,miguel5612/MQSensorsLib,77,78,CLEAN,false,false,2026-09-16T23:45:17.009612+00:00,current-pr-heads-at-extraction; not frozen replay OIDs,git version 2.50.1 (Apple Git-155),refs/pull/N/head; --no-tags; depth 80; depth 600 retry if no merge base,git -c diff.renames=true -c diff.algorithm=myers diff --no-ext-diff --no-textconv --unified=0; default whitespace; binary paths count as files and contribute zero hunks,f7fae4e03cf2d4874a89553ea7732318dc71cb4d,14b0f908f3858d48bcc80d70d012e043e35c2c0a,f7fae4e03cf2d4874a89553ea7732318dc71cb4d,14b0f908f3858d48bcc80d70d012e043e35c2c0a,c9c154960065a76ca565c15baf11163048c42b51,c927504bf5ce53d82e5b0c98db5c8155b3573e9a,14b0f908f3858d48bcc80d70d012e043e35c2c0a,5,18,0,0,OK
same,kubernetes-sigs/azuredisk-csi-driver,3200,3201,CLEAN,false,false,2026-09-16T23:45:20.245712+00:00,current-pr-heads-at-extraction; not frozen replay OIDs,git version 2.50.1 (Apple Git-155),refs/pull/N/head; --no-tags; depth 80; depth 600 retry if no merge base,git -c diff.renames=true -c diff.algorithm=myers diff --no-ext-diff --no-textconv --unified=0; default whitespace; binary paths count as files and contribute zero hunks,3e40e3eac17d8429962c981b488a58c0371db529,88c5bc96c1abdaac06de5dabd808b216db3a5fc6,3e40e3eac17d8429962c981b488a58c0371db529,88c5bc96c1abdaac06de5dabd808b216db3a5fc6,c6f064142d4fd0ff96cad6e1109c73f3c92bab90,c6f064142d4fd0ff96cad6e1109c73f3c92bab90,c6f064142d4fd0ff96cad6e1109c73f3c92bab90,2,2,16,18,OK
same,leoafarias/fvm,849,850,CLEAN,false,false,2026-09-16T23:45:27.023313+00:00,current-pr-heads-at-extraction; not frozen replay OIDs,git version 2.50.1 (Apple Git-155),refs/pull/N/head; --no-tags; depth 80; depth 600 retry if no merge base,git -c diff.renames=true -c diff.algorithm=myers diff --no-ext-diff --no-textconv --unified=0; default whitespace; binary paths count as files and contribute zero hunks,0749fff34733b070990d7b6c528b2f37bb4bba49,6fee191bfbb48864d250f59341ff74bd94386b90,0749fff34733b070990d7b6c528b2f37bb4bba49,6fee191bfbb48864d250f59341ff74bd94386b90,d62b85872c372809c7d43c8735285d5390950f0e,073a6b0b8abeb172a14f66bad7d2564db5adc564,d62b85872c372809c7d43c8735285d5390950f0e,1,1,50,276,OK
same,lawrencegripper/azbrowse,640,641,CLEAN,false,false,2026-09-16T23:45:29.873333+00:00,current-pr-heads-at-extraction; not frozen replay OIDs,git version 2.50.1 (Apple Git-155),refs/pull/N/head; --no-tags; depth 80; depth 600 retry if no merge base,git -c diff.renames=true -c diff.algorithm=myers diff --no-ext-diff --no-textconv --unified=0; default whitespace; binary paths count as files and contribute zero hunks,2a062514529157333960ab0c009a638fa7f3ca25,5a6fa043cf2a933a902b2d2268876a9bfef2c9ae,2a062514529157333960ab0c009a638fa7f3ca25,5a6fa043cf2a933a902b2d2268876a9bfef2c9ae,a1f6a0cd6ad83b910091f093d11cf82509b6a782,a1f6a0cd6ad83b910091f093d11cf82509b6a782,a1f6a0cd6ad83b910091f093d11cf82509b6a782,12,20,3,14,OK
same,hacs/integration,4693,4694,CLEAN,false,false,2026-09-16T23:45:37.957988+00:00,current-pr-heads-at-extraction; not frozen replay OIDs,git version 2.50.1 (Apple Git-155),refs/pull/N/head; --no-tags; depth 80; depth 600 retry if no merge base,git -c diff.renames=true -c diff.algorithm=myers diff --no-ext-diff --no-textconv --unified=0; default whitespace; binary paths count as files and contribute zero hunks,7976fde21b5c2e1b3b0087c8de768162695894f6,a018177a2296215937ae687d73603fa642d1d2d9,7976fde21b5c2e1b3b0087c8de768162695894f6,a018177a2296215937ae687d73603fa642d1d2d9,3b4994a9699a8e252bcb1a799746199c43e66327,3b4994a9699a8e252bcb1a799746199c43e66327,3b4994a9699a8e252bcb1a799746199c43e66327,2,39,15,19,OK
same,Fastbyte01/KeepIt,88,89,CLEAN,false,false,2026-09-16T23:45:40.352792+00:00,current-pr-heads-at-extraction; not frozen replay OIDs,git version 2.50.1 (Apple Git-155),refs/pull/N/head; --no-tags; depth 80; depth 600 retry if no merge base,git -c diff.renames=true -c diff.algorithm=myers diff --no-ext-diff --no-textconv --unified=0; default whitespace; binary paths count as files and contribute zero hunks,1f81706d9ec62a53ce479af76f3a7089f2a2f3c4,24849214e9189721bd5fdfaa706543961e611c23,1f81706d9ec62a53ce479af76f3a7089f2a2f3c4,24849214e9189721bd5fdfaa706543961e611c23,176864f9cd3c101d1a83347ea7e1b0eb009cea39,176864f9cd3c101d1a83347ea7e1b0eb009cea39,176864f9cd3c101d1a83347ea7e1b0eb009cea39,11,120,4,4,OK
same,microsoft/lisa,3811,3816,CLEAN,false,false,2026-09-16T23:45:44.669617+00:00,current-pr-heads-at-extraction; not frozen replay OIDs,git version 2.50.1 (Apple Git-155),refs/pull/N/head; --no-tags; depth 80; depth 600 retry if no merge base,git -c diff.renames=true -c diff.algorithm=myers diff --no-ext-diff --no-textconv --unified=0; default whitespace; binary paths count as files and contribute zero hunks,fce81610fa7de157c8b08f3f32cfa2e3e96c484b,dfc8551aba39372d1fee15ee0b1bbd8a1c826a7a,fce81610fa7de157c8b08f3f32cfa2e3e96c484b,dfc8551aba39372d1fee15ee0b1bbd8a1c826a7a,64175926af6f45974a9065f1bf3f1b121728165c,64175926af6f45974a9065f1bf3f1b121728165c,62e73786d88bc6719a4cf4d37de9a70644acd821,2,5,46,197,OK
same,ikamensh/flynt,217,218,CLEAN,false,false,2026-09-16T23:45:47.721171+00:00,current-pr-heads-at-extraction; not frozen replay OIDs,git version 2.50.1 (Apple Git-155),refs/pull/N/head; --no-tags; depth 80; depth 600 retry if no merge base,git -c diff.renames=true -c diff.algorithm=myers diff --no-ext-diff --no-textconv --unified=0; default whitespace; binary paths count as files and contribute zero hunks,fcac785ae0366cd07b8a3922197ea918f4101700,c0815d40396719763feca99bca31272787fac687,fcac785ae0366cd07b8a3922197ea918f4101700,c0815d40396719763feca99bca31272787fac687,f51819a942b24d8054057533e4c91f7049e8789a,f51819a942b24d8054057533e4c91f7049e8789a,f51819a942b24d8054057533e4c91f7049e8789a,6,7,14,40,OK
same,CodingAleCR/http_interceptor,161,162,CONFLICT,true,true,2026-09-16T23:45:51.557285+00:00,current-pr-heads-at-extraction; not frozen replay OIDs,git version 2.50.1 (Apple Git-155),refs/pull/N/head; --no-tags; depth 80; depth 600 retry if no merge base,git -c diff.renames=true -c diff.algorithm=myers diff --no-ext-diff --no-textconv --unified=0; default whitespace; binary paths count as files and contribute zero hunks,bf1c8929a74a3da041fcaf3531c33e7df0384f79,128a69e0d7386b59e1b9287d9ad96f352e9cc230,bf1c8929a74a3da041fcaf3531c33e7df0384f79,128a69e0d7386b59e1b9287d9ad96f352e9cc230,4cc20620cefd1e45001948f186693bf58f9f4bab,4cc20620cefd1e45001948f186693bf58f9f4bab,4cc20620cefd1e45001948f186693bf58f9f4bab,4,6,17,47,OK
same,dotnet/vscode-dotnet-runtime,2287,2289,CLEAN,false,false,2026-09-16T23:45:54.616898+00:00,current-pr-heads-at-extraction; not frozen replay OIDs,git version 2.50.1 (Apple Git-155),refs/pull/N/head; --no-tags; depth 80; depth 600 retry if no merge base,git -c diff.renames=true -c diff.algorithm=myers diff --no-ext-diff --no-textconv --unified=0; default whitespace; binary paths count as files and contribute zero hunks,eb527a4f945c10e319d21f9d3bec91914519dc81,45829a8ac046fb118fbf149f1e7b20d424273059,eb527a4f945c10e319d21f9d3bec91914519dc81,45829a8ac046fb118fbf149f1e7b20d424273059,83e823fe9743b0d09451a2bed01b2cfe2610f3a5,83e823fe9743b0d09451a2bed01b2cfe2610f3a5,83e823fe9743b0d09451a2bed01b2cfe2610f3a5,0,0,0,0,OK
same,dsfsi/textaugment,36,37,CLEAN,false,false,2026-09-16T23:45:58.424420+00:00,current-pr-heads-at-extraction; not frozen replay OIDs,git version 2.50.1 (Apple Git-155),refs/pull/N/head; --no-tags; depth 80; depth 600 retry if no merge base,git -c diff.renames=true -c diff.algorithm=myers diff --no-ext-diff --no-textconv --unified=0; default whitespace; binary paths count as files and contribute zero hunks,a6448fa4650c909a4d19ad2d8aa8496c34cefe16,722dda6831da779aa91e2f6f024a345fa2d06b6d,a6448fa4650c909a4d19ad2d8aa8496c34cefe16,722dda6831da779aa91e2f6f024a345fa2d06b6d,0fc0c35c96845497385d3d3ebfdc1637b938816b,6c8ca3c47b52db6a066b35b2c5af25a3a15a1110,a6448fa4650c909a4d19ad2d8aa8496c34cefe16,0,0,7,15,OK
same,spcl/dace,2019,2024,CONFLICT,false,false,2026-09-16T23:46:00.903991+00:00,current-pr-heads-at-extraction; not frozen replay OIDs,git version 2.50.1 (Apple Git-155),refs/pull/N/head; --no-tags; depth 80; depth 600 retry if no merge base,git -c diff.renames=true -c diff.algorithm=myers diff --no-ext-diff --no-textconv --unified=0; default whitespace; binary paths count as files and contribute zero hunks,ad5670eff4e165ef35a6f07b3199cf5b7b3ad998,c2ac256819869d6ce432ca538611ff3c134172ef,ad5670eff4e165ef35a6f07b3199cf5b7b3ad998,c2ac256819869d6ce432ca538611ff3c134172ef,7cb70d67ab2eaac44d3195ad328fc1fb96b526b0,4c05f19d275de88dafb1c5737b8d7f48228f2175,4c05f19d275de88dafb1c5737b8d7f48228f2175,28,104,1,1,OK
same,bentoml/BentoML,5176,5194,CONFLICT,true,true,2026-09-16T23:46:07.699158+00:00,current-pr-heads-at-extraction; not frozen replay OIDs,git version 2.50.1 (Apple Git-155),refs/pull/N/head; --no-tags; depth 80; depth 600 retry if no merge base,git -c diff.renames=true -c diff.algorithm=myers diff --no-ext-diff --no-textconv --unified=0; default whitespace; binary paths count as files and contribute zero hunks,d5226e59186a1fa46cbaad60506abb7e08baea3b,5c304cdc7cae2e9382887a4d1a079acb1e888156,d5226e59186a1fa46cbaad60506abb7e08baea3b,5c304cdc7cae2e9382887a4d1a079acb1e888156,387e4f9a50319451f337fd65031347a981ca9d9a,5396879c12a13ce507e0a149e73f30630d17cdfa,387e4f9a50319451f337fd65031347a981ca9d9a,12,111,84,197,OK
same,zapier/zapier-platform,1075,1077,CLEAN,false,false,2026-09-16T23:46:12.902844+00:00,current-pr-heads-at-extraction; not frozen replay OIDs,git version 2.50.1 (Apple Git-155),refs/pull/N/head; --no-tags; depth 80; depth 600 retry if no merge base,git -c diff.renames=true -c diff.algorithm=myers diff --no-ext-diff --no-textconv --unified=0; default whitespace; binary paths count as files and contribute zero hunks,d2b44f4ade80fef3436213e67bb803532e995b3f,3ce0f59a264950005ac59afb354dce5afdb0f801,d2b44f4ade80fef3436213e67bb803532e995b3f,3ce0f59a264950005ac59afb354dce5afdb0f801,aa42c0003798fcd2824620fe471de8746a2b35f0,e71d853572fc7b236c7e095fa88cdb70c9c64586,d2b44f4ade80fef3436213e67bb803532e995b3f,0,0,140,444,OK
same,kubernetes-sigs/blob-csi-driver,2066,2067,CLEAN,false,false,2026-09-16T23:46:15.401619+00:00,current-pr-heads-at-extraction; not frozen replay OIDs,git version 2.50.1 (Apple Git-155),refs/pull/N/head; --no-tags; depth 80; depth 600 retry if no merge base,git -c diff.renames=true -c diff.algorithm=myers diff --no-ext-diff --no-textconv --unified=0; default whitespace; binary paths count as files and contribute zero hunks,570388f97be9ffb7a6a7bfcdd88d697530152a7b,46a6105bc353ab7b90abe59c352870dd165ffce6,570388f97be9ffb7a6a7bfcdd88d697530152a7b,46a6105bc353ab7b90abe59c352870dd165ffce6,f4e3d54248c2bbff9cd88f7f6fbc7ba9cc94f102,f4e3d54248c2bbff9cd88f7f6fbc7ba9cc94f102,f4e3d54248c2bbff9cd88f7f6fbc7ba9cc94f102,4,4,1,1,OK
same,CoreWCF/CoreWCF,1606,1612,CLEAN,false,false,2026-09-16T23:46:28.755012+00:00,current-pr-heads-at-extraction; not frozen replay OIDs,git version 2.50.1 (Apple Git-155),refs/pull/N/head; --no-tags; depth 80; depth 600 retry if no merge base,git -c diff.renames=true -c diff.algorithm=myers diff --no-ext-diff --no-textconv --unified=0; default whitespace; binary paths count as files and contribute zero hunks,54fe7c962b1fe1630524317ecd23c598a54af8fc,791e89cf0db8d5b4fa42012c06f983f52ae1f74b,54fe7c962b1fe1630524317ecd23c598a54af8fc,791e89cf0db8d5b4fa42012c06f983f52ae1f74b,c562375cf64b674423cb4444502d2b27ac058597,04ef62301b283a88409e6227d5fbaa5daf20500f,c562375cf64b674423cb4444502d2b27ac058597,14,25,2,4,OK
same,azerothcore/Keira3,3370,3371,CLEAN,false,false,2026-09-16T23:46:32.071511+00:00,current-pr-heads-at-extraction; not frozen replay OIDs,git version 2.50.1 (Apple Git-155),refs/pull/N/head; --no-tags; depth 80; depth 600 retry if no merge base,git -c diff.renames=true -c diff.algorithm=myers diff --no-ext-diff --no-textconv --unified=0; default whitespace; binary paths count as files and contribute zero hunks,7b2b8598d25177cbb13e8188ce5bc56c962dbb7a,eeb6a791d32294bf9b5687b77bed96babbf605f5,7b2b8598d25177cbb13e8188ce5bc56c962dbb7a,eeb6a791d32294bf9b5687b77bed96babbf605f5,b416331addae6ae1ee5658be56582635b3641767,b416331addae6ae1ee5658be56582635b3641767,2b496de26d92067d6b6d3aa0d54babf43b565405,11,16,2,55,OK
same,open-telemetry/opentelemetry-cpp,3513,3514,CLEAN,false,false,2026-09-16T23:46:35.237311+00:00,current-pr-heads-at-extraction; not frozen replay OIDs,git version 2.50.1 (Apple Git-155),refs/pull/N/head; --no-tags; depth 80; depth 600 retry if no merge base,git -c diff.renames=true -c diff.algorithm=myers diff --no-ext-diff --no-textconv --unified=0; default whitespace; binary paths count as files and contribute zero hunks,4de0bd5bc742c27a714b2c4ce18a306f51743b61,e8f368edc82197d6c86744da27efd3e400a2b203,4de0bd5bc742c27a714b2c4ce18a306f51743b61,e8f368edc82197d6c86744da27efd3e400a2b203,62ba4dea5b053063b4cb4fe08dc0c7e6b39e543a,b00958bc0f0071c5369818bbfad6ad2b51f7b555,62ba4dea5b053063b4cb4fe08dc0c7e6b39e543a,4,7,328,1208,OK
same,filecoin-project/lotus,13202,13204,CLEAN,false,false,2026-09-16T23:46:38.100928+00:00,current-pr-heads-at-extraction; not frozen replay OIDs,git version 2.50.1 (Apple Git-155),refs/pull/N/head; --no-tags; depth 80; depth 600 retry if no merge base,git -c diff.renames=true -c diff.algorithm=myers diff --no-ext-diff --no-textconv --unified=0; default whitespace; binary paths count as files and contribute zero hunks,0cbece3573b325c51b7abdd473185c4410ca9fc4,7923307344ffcd158660c835c36e9191d7160d3c,0cbece3573b325c51b7abdd473185c4410ca9fc4,7923307344ffcd158660c835c36e9191d7160d3c,662f8e27307adf2815f947e04ffaf853246d6f87,662f8e27307adf2815f947e04ffaf853246d6f87,662f8e27307adf2815f947e04ffaf853246d6f87,4,42,1,2,OK
same,lordmauve/wasabi2d,80,81,CLEAN,false,false,2026-09-16T23:46:42.879220+00:00,current-pr-heads-at-extraction; not frozen replay OIDs,git version 2.50.1 (Apple Git-155),refs/pull/N/head; --no-tags; depth 80; depth 600 retry if no merge base,git -c diff.renames=true -c diff.algorithm=myers diff --no-ext-diff --no-textconv --unified=0; default whitespace; binary paths count as files and contribute zero hunks,17c82aa3fe0a438bdf306239042dc0ca6a49f957,8e7ac59147b77b48911aae17cc03aa0279377b75,17c82aa3fe0a438bdf306239042dc0ca6a49f957,8e7ac59147b77b48911aae17cc03aa0279377b75,44c004e3a46c332c21970c90ac382682303c9c0c,9d650aa0b7419d034769c2ed8a0b1cf41ebed713,8e7ac59147b77b48911aae17cc03aa0279377b75,5,25,0,0,OK
same,microsoft/PowerToys,39779,39787,CLEAN,false,false,2026-09-16T23:46:45.502908+00:00,current-pr-heads-at-extraction; not frozen replay OIDs,git version 2.50.1 (Apple Git-155),refs/pull/N/head; --no-tags; depth 80; depth 600 retry if no merge base,git -c diff.renames=true -c diff.algorithm=myers diff --no-ext-diff --no-textconv --unified=0; default whitespace; binary paths count as files and contribute zero hunks,d0cf0c1b54ba3ea77a89d5093af651942fa084f2,c212d737e8de67cc5769f626dd3ef8de0d712136,d0cf0c1b54ba3ea77a89d5093af651942fa084f2,c212d737e8de67cc5769f626dd3ef8de0d712136,d21b7fac7b3500d7af338641cfd9d7550cae3d11,d21b7fac7b3500d7af338641cfd9d7550cae3d11,d21b7fac7b3500d7af338641cfd9d7550cae3d11,1,2,11,26,OK
same,3rdIteration/btcrecover,601,602,CLEAN,false,false,2026-09-16T23:47:15.841982+00:00,current-pr-heads-at-extraction; not frozen replay OIDs,git version 2.50.1 (Apple Git-155),refs/pull/N/head; --no-tags; depth 80; depth 600 retry if no merge base,git -c diff.renames=true -c diff.algorithm=myers diff --no-ext-diff --no-textconv --unified=0; default whitespace; binary paths count as files and contribute zero hunks,d43e93921a0f1efae0965fb71f0a7311a60ccc3c,b478123470f28d66da4c3b35be4f4bedee631f96,d43e93921a0f1efae0965fb71f0a7311a60ccc3c,b478123470f28d66da4c3b35be4f4bedee631f96,e32f6b10d42d4ae1b63b1b195b5f872db5cfbd09,e32f6b10d42d4ae1b63b1b195b5f872db5cfbd09,f1cb82400e45364b0a7e98ffc7375bb310f16f10,5,5,1,1,OK
same,dreadl0ck/netcap,38,41,CONFLICT,true,true,2026-09-16T23:47:21.082901+00:00,current-pr-heads-at-extraction; not frozen replay OIDs,git version 2.50.1 (Apple Git-155),refs/pull/N/head; --no-tags; depth 80; depth 600 retry if no merge base,git -c diff.renames=true -c diff.algorithm=myers diff --no-ext-diff --no-textconv --unified=0; default whitespace; binary paths count as files and contribute zero hunks,4e8216fbe345f26b359121f715acf70c6cbc3ac3,66b2250656685f063ed2184c1e6e873ec77aca63,4e8216fbe345f26b359121f715acf70c6cbc3ac3,66b2250656685f063ed2184c1e6e873ec77aca63,4d4b78d68bf665aec377b3fbbb1bcac886e8363d,a57045cfc33b7b480af3c34ff32f543c6a4f74e0,eecf936b7ebe20b6611f044de1e9a21ea450dbd6,9,603,1212,12001,OK
same,Kanaries/Rath,432,433,CLEAN,false,false,2026-09-16T23:47:53.580523+00:00,current-pr-heads-at-extraction; not frozen replay OIDs,git version 2.50.1 (Apple Git-155),refs/pull/N/head; --no-tags; depth 80; depth 600 retry if no merge base,git -c diff.renames=true -c diff.algorithm=myers diff --no-ext-diff --no-textconv --unified=0; default whitespace; binary paths count as files and contribute zero hunks,5d4bb6198a0224670fcea57c32aa4aa24d183452,e797f047c9376573d6513c896d953ef72957ec0a,5d4bb6198a0224670fcea57c32aa4aa24d183452,e797f047c9376573d6513c896d953ef72957ec0a,cb0d8e25b45b20f2109e08c2220289f6203c9ec1,cb0d8e25b45b20f2109e08c2220289f6203c9ec1,cb0d8e25b45b20f2109e08c2220289f6203c9ec1,20,1,1,2,OK
same,Rello/analytics,445,446,CLEAN,false,false,2026-09-16T23:47:57.840993+00:00,current-pr-heads-at-extraction; not frozen replay OIDs,git version 2.50.1 (Apple Git-155),refs/pull/N/head; --no-tags; depth 80; depth 600 retry if no merge base,git -c diff.renames=true -c diff.algorithm=myers diff --no-ext-diff --no-textconv --unified=0; default whitespace; binary paths count as files and contribute zero hunks,993ddcf919c3321b32525968d9c3e74dfc9f7e8d,680adcd9f76e49153cac6404e0dbd036241078a5,993ddcf919c3321b32525968d9c3e74dfc9f7e8d,680adcd9f76e49153cac6404e0dbd036241078a5,45d780efb907caf957f06848affb9a544786ef1f,45d780efb907caf957f06848affb9a544786ef1f,3d3c9addc68fb5d674145da0a73eab5a150f2d07,2,3,2,2,OK
same,estruyf/vscode-front-matter,956,960,CLEAN,false,false,2026-09-16T23:48:00.905773+00:00,current-pr-heads-at-extraction; not frozen replay OIDs,git version 2.50.1 (Apple Git-155),refs/pull/N/head; --no-tags; depth 80; depth 600 retry if no merge base,git -c diff.renames=true -c diff.algorithm=myers diff --no-ext-diff --no-textconv --unified=0; default whitespace; binary paths count as files and contribute zero hunks,56b7cf4e8e2a58992a0187f96232853726798760,a387d5eb891d9627d8a6e4374ff554c420e0602e,56b7cf4e8e2a58992a0187f96232853726798760,a387d5eb891d9627d8a6e4374ff554c420e0602e,9ce7754b1ac78807f157a6719a3f19942decf1e7,9ce7754b1ac78807f157a6719a3f19942decf1e7,9ce7754b1ac78807f157a6719a3f19942decf1e7,2,3,2,7,OK
same,lgallard/terraform-aws-backup,127,129,CONFLICT,true,true,2026-09-16T23:48:05.376427+00:00,current-pr-heads-at-extraction; not frozen replay OIDs,git version 2.50.1 (Apple Git-155),refs/pull/N/head; --no-tags; depth 80; depth 600 retry if no merge base,git -c diff.renames=true -c diff.algorithm=myers diff --no-ext-diff --no-textconv --unified=0; default whitespace; binary paths count as files and contribute zero hunks,cc06f49705c90aa186fe3dd9286bb8ff99e213bb,4139e289dee0e3e4b626c751e70993ee921e4160,cc06f49705c90aa186fe3dd9286bb8ff99e213bb,4139e289dee0e3e4b626c751e70993ee921e4160,78d58825ba6400a9c5b03cf34fdd8b1e1f0362f7,78d58825ba6400a9c5b03cf34fdd8b1e1f0362f7,78d58825ba6400a9c5b03cf34fdd8b1e1f0362f7,19,32,4,36,OK
same,microsoft/react-native-windows-samples,1055,1056,CLEAN,false,false,2026-09-16T23:48:07.724841+00:00,current-pr-heads-at-extraction; not frozen replay OIDs,git version 2.50.1 (Apple Git-155),refs/pull/N/head; --no-tags; depth 80; depth 600 retry if no merge base,git -c diff.renames=true -c diff.algorithm=myers diff --no-ext-diff --no-textconv --unified=0; default whitespace; binary paths count as files and contribute zero hunks,d93eb90c3f58bcd47fe050bc8ad97500346ab2ab,af4512665a16550721d25f052c73baedf4f59b1b,d93eb90c3f58bcd47fe050bc8ad97500346ab2ab,af4512665a16550721d25f052c73baedf4f59b1b,371c7f80831f01f8e0ba9b828f84a4804aa10b94,371c7f80831f01f8e0ba9b828f84a4804aa10b94,371c7f80831f01f8e0ba9b828f84a4804aa10b94,0,0,6,6,OK
same,huggingface/tokenizers,1780,1782,CONFLICT,true,true,2026-09-16T23:48:13.917436+00:00,current-pr-heads-at-extraction; not frozen replay OIDs,git version 2.50.1 (Apple Git-155),refs/pull/N/head; --no-tags; depth 80; depth 600 retry if no merge base,git -c diff.renames=true -c diff.algorithm=myers diff --no-ext-diff --no-textconv --unified=0; default whitespace; binary paths count as files and contribute zero hunks,a9f16306093849e3c974a9d900ac980f3efa2050,96a956393ff365549dd42f421fd45e9d5efd52a4,a9f16306093849e3c974a9d900ac980f3efa2050,96a956393ff365549dd42f421fd45e9d5efd52a4,e5d781d5b9cbfe149d732bd471ff8b294fe0ce50,007fc767ac78fe4ec43c6790afbee5063157fc62,e5d781d5b9cbfe149d732bd471ff8b294fe0ce50,4,21,85,863,OK
same,microsoft/Microsoft365DSC,6154,6228,CLEAN,false,false,2026-09-16T23:48:17.209892+00:00,current-pr-heads-at-extraction; not frozen replay OIDs,git version 2.50.1 (Apple Git-155),refs/pull/N/head; --no-tags; depth 80; depth 600 retry if no merge base,git -c diff.renames=true -c diff.algorithm=myers diff --no-ext-diff --no-textconv --unified=0; default whitespace; binary paths count as files and contribute zero hunks,e41dec25bb31722c952a52fa517b539954249855,6a08afe93bb9b67b14c5c33c2ceffd0d1379234a,e41dec25bb31722c952a52fa517b539954249855,6a08afe93bb9b67b14c5c33c2ceffd0d1379234a,4d10acfca9a80cea85514517c76f52a04bfffbe5,dd8abf88cbeeae9aba34f0775d0075bb8ac5c077,29009e2b33a6712a7213b89cfa72a2e76b4ca303,25,25,250,27133,OK
same,microsoft/msquic,5127,5128,CONFLICT,true,true,2026-09-16T23:48:46.167751+00:00,current-pr-heads-at-extraction; not frozen replay OIDs,git version 2.50.1 (Apple Git-155),refs/pull/N/head; --no-tags; depth 80; depth 600 retry if no merge base,git -c diff.renames=true -c diff.algorithm=myers diff --no-ext-diff --no-textconv --unified=0; default whitespace; binary paths count as files and contribute zero hunks,ac0aab9679125a3f7df4e55f776d1f0df71e4052,d0eba93e8f79626ffd9260ad8f3d88d80677ad75,ac0aab9679125a3f7df4e55f776d1f0df71e4052,d0eba93e8f79626ffd9260ad8f3d88d80677ad75,2e4a9f04f7407392b9444aa06fffb612d210d717,ff2ec6c33b00bad4b1dae665b1e109c571f7807f,ff2ec6c33b00bad4b1dae665b1e109c571f7807f,25,111,1,21,OK
same,lostintangent/gistpad,390,391,CLEAN,false,false,2026-09-16T23:48:49.823556+00:00,current-pr-heads-at-extraction; not frozen replay OIDs,git version 2.50.1 (Apple Git-155),refs/pull/N/head; --no-tags; depth 80; depth 600 retry if no merge base,git -c diff.renames=true -c diff.algorithm=myers diff --no-ext-diff --no-textconv --unified=0; default whitespace; binary paths count as files and contribute zero hunks,7ca99e1f49a37c1da4669e5b4ec7ff09a6d761f0,9600ca2a8ceb1d2984e03e61b6696e834a97460c,7ca99e1f49a37c1da4669e5b4ec7ff09a6d761f0,9600ca2a8ceb1d2984e03e61b6696e834a97460c,758a998275706b2559261e54188aaad01e967b1e,758a998275706b2559261e54188aaad01e967b1e,758a998275706b2559261e54188aaad01e967b1e,3,5,2,3,OK
same,microsoft/playwright,36012,36014,CLEAN,false,false,2026-09-16T23:48:52.913399+00:00,current-pr-heads-at-extraction; not frozen replay OIDs,git version 2.50.1 (Apple Git-155),refs/pull/N/head; --no-tags; depth 80; depth 600 retry if no merge base,git -c diff.renames=true -c diff.algorithm=myers diff --no-ext-diff --no-textconv --unified=0; default whitespace; binary paths count as files and contribute zero hunks,958ea19adb62ff95c69a479bc3a3ad8347214dd5,fc07052d57794d8c1940ac49bde8c6c43fcd2f4d,958ea19adb62ff95c69a479bc3a3ad8347214dd5,fc07052d57794d8c1940ac49bde8c6c43fcd2f4d,cee8fb28a67998d48507b368837bcbc77a549bed,cee8fb28a67998d48507b368837bcbc77a549bed,cee8fb28a67998d48507b368837bcbc77a549bed,14,63,4,22,OK
same,serilog-contrib/serilog-enrichers-clientinfo,54,55,CONFLICT,true,true,2026-09-16T23:48:58.149235+00:00,current-pr-heads-at-extraction; not frozen replay OIDs,git version 2.50.1 (Apple Git-155),refs/pull/N/head; --no-tags; depth 80; depth 600 retry if no merge base,git -c diff.renames=true -c diff.algorithm=myers diff --no-ext-diff --no-textconv --unified=0; default whitespace; binary paths count as files and contribute zero hunks,a8cd0db4dae57a8785b5840d35bde7546ba65200,55017bb90bea2aa7bb44a3ccb5f11020bd55d45f,a8cd0db4dae57a8785b5840d35bde7546ba65200,55017bb90bea2aa7bb44a3ccb5f11020bd55d45f,7d79cb74777ce76010d384e9baf470bb1f920932,7d79cb74777ce76010d384e9baf470bb1f920932,7d79cb74777ce76010d384e9baf470bb1f920932,6,10,8,16,OK
same,gluesql/gluesql,1611,1612,CLEAN,false,false,2026-09-16T23:49:01.214938+00:00,current-pr-heads-at-extraction; not frozen replay OIDs,git version 2.50.1 (Apple Git-155),refs/pull/N/head; --no-tags; depth 80; depth 600 retry if no merge base,git -c diff.renames=true -c diff.algorithm=myers diff --no-ext-diff --no-textconv --unified=0; default whitespace; binary paths count as files and contribute zero hunks,5dfa0c75306265d4ef0972fb481a3e73c216122c,8da515b971ca0b1d4e968bfadd66cf390d5817f4,5dfa0c75306265d4ef0972fb481a3e73c216122c,8da515b971ca0b1d4e968bfadd66cf390d5817f4,50c0b1a35d4c1cce9922a1ef262aac19b18f0a00,921a1eaf1c86c7bdb8028d9a22e230ebd44a1c39,e3c3da5912abdf42a66adc11140cd3989ad3a8f1,1,1,11,51,OK
same,microsoft/onnxruntime,24931,24947,CONFLICT,true,false,2026-09-16T23:49:04.056086+00:00,current-pr-heads-at-extraction; not frozen replay OIDs,git version 2.50.1 (Apple Git-155),refs/pull/N/head; --no-tags; depth 80; depth 600 retry if no merge base,git -c diff.renames=true -c diff.algorithm=myers diff --no-ext-diff --no-textconv --unified=0; default whitespace; binary paths count as files and contribute zero hunks,9a9b309a89ccce13ce153b0846b6a5e17a6c16f6,76ab3d037f3826740df371f641c033ef8f8139ac,9a9b309a89ccce13ce153b0846b6a5e17a6c16f6,76ab3d037f3826740df371f641c033ef8f8139ac,c03c419f53a8e7117cb833f84e57723ec2c8f9bd,8b3326e53249edb610cfe1648aff5c88f28b65f4,b34ae7cfc3a54658754ad7065f10d01cb279bc71,2990,17625,91,224,OK
same,dotnet/android-libraries,1160,1162,CLEAN,false,false,2026-09-16T23:49:52.922537+00:00,current-pr-heads-at-extraction; not frozen replay OIDs,git version 2.50.1 (Apple Git-155),refs/pull/N/head; --no-tags; depth 80; depth 600 retry if no merge base,git -c diff.renames=true -c diff.algorithm=myers diff --no-ext-diff --no-textconv --unified=0; default whitespace; binary paths count as files and contribute zero hunks,af4d2c68394c67a9a641adc774415f50b9e25db0,b02e33b0e73be75253475c2a67fc34c750451310,af4d2c68394c67a9a641adc774415f50b9e25db0,b02e33b0e73be75253475c2a67fc34c750451310,ff68c01935a2b415d73a1f424a93e65162a5ee74,ff68c01935a2b415d73a1f424a93e65162a5ee74,ff68c01935a2b415d73a1f424a93e65162a5ee74,0,0,0,0,OK
same,yytypescript/book,979,980,CLEAN,false,false,2026-09-16T23:50:08.708160+00:00,current-pr-heads-at-extraction; not frozen replay OIDs,git version 2.50.1 (Apple Git-155),refs/pull/N/head; --no-tags; depth 80; depth 600 retry if no merge base,git -c diff.renames=true -c diff.algorithm=myers diff --no-ext-diff --no-textconv --unified=0; default whitespace; binary paths count as files and contribute zero hunks,3de95e43f96ffa8a292e5c59dc96d9b87978e1e4,89837d59b234ed48766a65f682e7c8bcaefd5780,3de95e43f96ffa8a292e5c59dc96d9b87978e1e4,89837d59b234ed48766a65f682e7c8bcaefd5780,f8e2f47774316978144c8082cc0cb7cc515de8f6,f8e2f47774316978144c8082cc0cb7cc515de8f6,f8e2f47774316978144c8082cc0cb7cc515de8f6,1,1,1,1,OK
same,jcputney/scorm-again,974,975,CLEAN,false,false,2026-09-16T23:50:24.124138+00:00,current-pr-heads-at-extraction; not frozen replay OIDs,git version 2.50.1 (Apple Git-155),refs/pull/N/head; --no-tags; depth 80; depth 600 retry if no merge base,git -c diff.renames=true -c diff.algorithm=myers diff --no-ext-diff --no-textconv --unified=0; default whitespace; binary paths count as files and contribute zero hunks,c0877954eea57faa32decc5c77e693b8084ae793,5518274b409ea7543599a9da112ddb18e16df19f,c0877954eea57faa32decc5c77e693b8084ae793,5518274b409ea7543599a9da112ddb18e16df19f,ad997171606d35c302e07c93be0428c1b882093f,ad997171606d35c302e07c93be0428c1b882093f,ad997171606d35c302e07c93be0428c1b882093f,2,4,2,6,OK
same,net-daemon/netdaemon,1316,1317,CLEAN,false,false,2026-09-16T23:50:35.651386+00:00,current-pr-heads-at-extraction; not frozen replay OIDs,git version 2.50.1 (Apple Git-155),refs/pull/N/head; --no-tags; depth 80; depth 600 retry if no merge base,git -c diff.renames=true -c diff.algorithm=myers diff --no-ext-diff --no-textconv --unified=0; default whitespace; binary paths count as files and contribute zero hunks,d623745a3a42914c310cea133d264e947fe0f216,0bdf4e284c91794e800f37d52d9937ebd1ac2ead,d623745a3a42914c310cea133d264e947fe0f216,0bdf4e284c91794e800f37d52d9937ebd1ac2ead,bde37bf45bf573decb4c8c293baf9a49aef5bb68,bde37bf45bf573decb4c8c293baf9a49aef5bb68,bde37bf45bf573decb4c8c293baf9a49aef5bb68,2,3,2,4,OK
same,sirk123au/ArrTools,29,30,CONFLICT,false,false,2026-09-16T23:50:39.629759+00:00,current-pr-heads-at-extraction; not frozen replay OIDs,git version 2.50.1 (Apple Git-155),refs/pull/N/head; --no-tags; depth 80; depth 600 retry if no merge base,git -c diff.renames=true -c diff.algorithm=myers diff --no-ext-diff --no-textconv --unified=0; default whitespace; binary paths count as files and contribute zero hunks,7ade1ecf072e7da04aa27d242266364af001ef09,b7256e982aedacc3bae5a9ae9a1242bbf3a98a99,7ade1ecf072e7da04aa27d242266364af001ef09,b7256e982aedacc3bae5a9ae9a1242bbf3a98a99,3f06afb809d01ba08de82d0ade909dd61f807c6d,1809f46b3ce57f6fc0e4df60d8e1302b0a5f27e2,3f06afb809d01ba08de82d0ade909dd61f807c6d,3,3,5,9,OK
same,gofiber/fiber,3463,3464,CLEAN,false,false,2026-09-16T23:50:42.338237+00:00,current-pr-heads-at-extraction; not frozen replay OIDs,git version 2.50.1 (Apple Git-155),refs/pull/N/head; --no-tags; depth 80; depth 600 retry if no merge base,git -c diff.renames=true -c diff.algorithm=myers diff --no-ext-diff --no-textconv --unified=0; default whitespace; binary paths count as files and contribute zero hunks,b176f4abde6100d8fcfb340a12d551478d567b38,049826dec7827a3e385e16106b2af4d748225600,b176f4abde6100d8fcfb340a12d551478d567b38,049826dec7827a3e385e16106b2af4d748225600,d756ec1b68dd8d86a4be0c45258c76b448270fb2,cc636b56516e58e54e958a55b642352d4b08b7ac,cc636b56516e58e54e958a55b642352d4b08b7ac,29,198,4,5,OK
same,HumanSignal/label-studio,7850,7861,CLEAN,false,false,2026-09-16T23:50:45.925251+00:00,current-pr-heads-at-extraction; not frozen replay OIDs,git version 2.50.1 (Apple Git-155),refs/pull/N/head; --no-tags; depth 80; depth 600 retry if no merge base,git -c diff.renames=true -c diff.algorithm=myers diff --no-ext-diff --no-textconv --unified=0; default whitespace; binary paths count as files and contribute zero hunks,7c5099f43e3c390020e4de0d48b7fdf40a1ec0a0,ca351ada29d26c12b04c3c2918e6bc2afb8791b4,7c5099f43e3c390020e4de0d48b7fdf40a1ec0a0,ca351ada29d26c12b04c3c2918e6bc2afb8791b4,f97405d6b1f41c609a3d0cfdb32be7e3b204b3f9,b7dc9ee71dd161c00ded9b97fbddb99082b3f4a9,47de4400b39a6a7d422a891e5f6ca52abaff1f11,47,116,55,139,OK
same,DaveSkender/Stock.Indicators,1342,1343,CLEAN,false,false,2026-09-16T23:52:01.013284+00:00,current-pr-heads-at-extraction; not frozen replay OIDs,git version 2.50.1 (Apple Git-155),refs/pull/N/head; --no-tags; depth 80; depth 600 retry if no merge base,git -c diff.renames=true -c diff.algorithm=myers diff --no-ext-diff --no-textconv --unified=0; default whitespace; binary paths count as files and contribute zero hunks,dd275f794fb4a5fd5abad649b3844bf212d386d1,822ed4b299621e115f534438c992664348539bf1,dd275f794fb4a5fd5abad649b3844bf212d386d1,822ed4b299621e115f534438c992664348539bf1,3ae4f0f51246636a10e11a220c46db9f18f6dee4,3ae4f0f51246636a10e11a220c46db9f18f6dee4,3ae4f0f51246636a10e11a220c46db9f18f6dee4,2,3,3,3,OK
same,PepperDash/Essentials,1291,1295,CONFLICT,true,true,2026-09-16T23:52:14.703606+00:00,current-pr-heads-at-extraction; not frozen replay OIDs,git version 2.50.1 (Apple Git-155),refs/pull/N/head; --no-tags; depth 80; depth 600 retry if no merge base,git -c diff.renames=true -c diff.algorithm=myers diff --no-ext-diff --no-textconv --unified=0; default whitespace; binary paths count as files and contribute zero hunks,0674dbda37023f74d58cb32ad37ead24667fdfc6,1c55003a204ce488766eb59f74e07c297478e6d3,0674dbda37023f74d58cb32ad37ead24667fdfc6,1c55003a204ce488766eb59f74e07c297478e6d3,592607f3c893734ee896efd7ebfbff6d42e85091,b47f1d6b77de2481e84b745c91fd5cb954148a23,1dbac7d1c816557925974886be7578215728eccd,508,2798,25,46,OK
same,magiclabs/magic-js,873,874,CONFLICT,true,true,2026-09-16T23:52:20.310890+00:00,current-pr-heads-at-extraction; not frozen replay OIDs,git version 2.50.1 (Apple Git-155),refs/pull/N/head; --no-tags; depth 80; depth 600 retry if no merge base,git -c diff.renames=true -c diff.algorithm=myers diff --no-ext-diff --no-textconv --unified=0; default whitespace; binary paths count as files and contribute zero hunks,bb1fb68aca77f00737d5d56922debb2b16b48ef3,a5cbb0d9911ed88548f061f33a77bcb8c1b44d3b,bb1fb68aca77f00737d5d56922debb2b16b48ef3,a5cbb0d9911ed88548f061f33a77bcb8c1b44d3b,153f86b05eb53b2b2f912460e2bc3226d4b0917f,929fc753328132aec6420b1894d090b90e4b4d6a,153f86b05eb53b2b2f912460e2bc3226d4b0917f,26,953,166,1648,OK
same,hirosystems/explorer,2241,2242,CLEAN,false,false,2026-09-16T23:52:23.557197+00:00,current-pr-heads-at-extraction; not frozen replay OIDs,git version 2.50.1 (Apple Git-155),refs/pull/N/head; --no-tags; depth 80; depth 600 retry if no merge base,git -c diff.renames=true -c diff.algorithm=myers diff --no-ext-diff --no-textconv --unified=0; default whitespace; binary paths count as files and contribute zero hunks,e4e04ef4e4f44b4563102e2dd2e4ab7bf1df0c02,9bc79938a290545b5b73ce6f8b9ec59d0f893335,e4e04ef4e4f44b4563102e2dd2e4ab7bf1df0c02,9bc79938a290545b5b73ce6f8b9ec59d0f893335,c05eb3ddea30466cef7b3789f6422d31fabcb7ba,c05eb3ddea30466cef7b3789f6422d31fabcb7ba,c05eb3ddea30466cef7b3789f6422d31fabcb7ba,1,1,6,10,OK
same,specmatic/specmatic,1855,1856,CLEAN,false,false,2026-09-16T23:52:27.531048+00:00,current-pr-heads-at-extraction; not frozen replay OIDs,git version 2.50.1 (Apple Git-155),refs/pull/N/head; --no-tags; depth 80; depth 600 retry if no merge base,git -c diff.renames=true -c diff.algorithm=myers diff --no-ext-diff --no-textconv --unified=0; default whitespace; binary paths count as files and contribute zero hunks,dece91a9ac602554fad50497c4986c3e35975b18,34916f4247dbccbed24144b8bd5aa4bbb72168ea,dece91a9ac602554fad50497c4986c3e35975b18,34916f4247dbccbed24144b8bd5aa4bbb72168ea,241b739475322e1af68ec3888aecc17a3768094d,e383de331198da4010784abdf22307f80fe95fb2,241b739475322e1af68ec3888aecc17a3768094d,4,5,176,617,OK
same,aztfmod/terraform-provider-azurecaf,301,302,CLEAN,false,false,2026-09-16T23:52:32.187550+00:00,current-pr-heads-at-extraction; not frozen replay OIDs,git version 2.50.1 (Apple Git-155),refs/pull/N/head; --no-tags; depth 80; depth 600 retry if no merge base,git -c diff.renames=true -c diff.algorithm=myers diff --no-ext-diff --no-textconv --unified=0; default whitespace; binary paths count as files and contribute zero hunks,d00a54716892925d02d6a0207af6b6633ac9e29d,c2f013165bf1a4cc2e1dfedd3621c678ed624bf6,d00a54716892925d02d6a0207af6b6633ac9e29d,c2f013165bf1a4cc2e1dfedd3621c678ed624bf6,835b2811186089e8c60c5a08d632e1a7031c76e4,700c3d460ed80b8aba058399325093d4ac8a412e,d00a54716892925d02d6a0207af6b6633ac9e29d,0,0,8,20,OK
same,ethereum-optimism/optimism,16385,16397,CONFLICT,true,false,2026-09-16T23:52:34.881391+00:00,current-pr-heads-at-extraction; not frozen replay OIDs,git version 2.50.1 (Apple Git-155),refs/pull/N/head; --no-tags; depth 80; depth 600 retry if no merge base,git -c diff.renames=true -c diff.algorithm=myers diff --no-ext-diff --no-textconv --unified=0; default whitespace; binary paths count as files and contribute zero hunks,45ff93e21e02ce2ab41b8c3575372fe182af0785,5b93847bbf64367ee4a64eea1e112137aee49dd5,45ff93e21e02ce2ab41b8c3575372fe182af0785,5b93847bbf64367ee4a64eea1e112137aee49dd5,195d8cf780d46d351a96432e979d0f1066aef2e4,5082186726ddb04392162eb992c0ee1810f60e05,5fba9dc7f04be2cf3a17e0f3f29579592b56c51e,18,85,656,3462,OK
same,tufanbarisyildirim/gonginx,71,72,CLEAN,false,false,2026-09-16T23:52:42.811229+00:00,current-pr-heads-at-extraction; not frozen replay OIDs,git version 2.50.1 (Apple Git-155),refs/pull/N/head; --no-tags; depth 80; depth 600 retry if no merge base,git -c diff.renames=true -c diff.algorithm=myers diff --no-ext-diff --no-textconv --unified=0; default whitespace; binary paths count as files and contribute zero hunks,c719e435621d0474987a99422fb77c98d992235a,37695dcc763339b239866a39f5a57e8c0ad766f8,c719e435621d0474987a99422fb77c98d992235a,37695dcc763339b239866a39f5a57e8c0ad766f8,8dff726f6a4d549acfb271733c538879d71c1437,8dff726f6a4d549acfb271733c538879d71c1437,8dff726f6a4d549acfb271733c538879d71c1437,12,93,2,3,OK
same,EvotecIT/Mailozaurr,68,69,CLEAN,false,false,2026-09-16T23:52:45.404269+00:00,current-pr-heads-at-extraction; not frozen replay OIDs,git version 2.50.1 (Apple Git-155),refs/pull/N/head; --no-tags; depth 80; depth 600 retry if no merge base,git -c diff.renames=true -c diff.algorithm=myers diff --no-ext-diff --no-textconv --unified=0; default whitespace; binary paths count as files and contribute zero hunks,70d1860e940f9925c60d590d062740661dc5d8c7,294499e7e76e73671b5ac5a9d2e05517d8c5c2e8,70d1860e940f9925c60d590d062740661dc5d8c7,294499e7e76e73671b5ac5a9d2e05517d8c5c2e8,682f66e5af93f6d0c6e69a1194b1956fc9feb8f4,682f66e5af93f6d0c6e69a1194b1956fc9feb8f4,682f66e5af93f6d0c6e69a1194b1956fc9feb8f4,1,1,1,1,OK
same,phel-lang/phel-lang,813,814,CLEAN,false,false,2026-09-16T23:52:48.041803+00:00,current-pr-heads-at-extraction; not frozen replay OIDs,git version 2.50.1 (Apple Git-155),refs/pull/N/head; --no-tags; depth 80; depth 600 retry if no merge base,git -c diff.renames=true -c diff.algorithm=myers diff --no-ext-diff --no-textconv --unified=0; default whitespace; binary paths count as files and contribute zero hunks,43006a835425ba4f290400274bd6f4f3026903e8,c2e842e97433b97c70992bbc36d5ec503fcfde2d,43006a835425ba4f290400274bd6f4f3026903e8,c2e842e97433b97c70992bbc36d5ec503fcfde2d,03ed69009970b0fd8b436d3eff2fab509cf29458,d7c8b1d35330c2e9bea545e11d483e7e7262931c,c2e842e97433b97c70992bbc36d5ec503fcfde2d,3,3,0,0,OK
same,AliAkhtari78/SpotifyScraper,31,33,CLEAN,false,false,2026-09-16T23:52:50.979153+00:00,current-pr-heads-at-extraction; not frozen replay OIDs,git version 2.50.1 (Apple Git-155),refs/pull/N/head; --no-tags; depth 80; depth 600 retry if no merge base,git -c diff.renames=true -c diff.algorithm=myers diff --no-ext-diff --no-textconv --unified=0; default whitespace; binary paths count as files and contribute zero hunks,5abcb4d74e9748be161a0cde84b263d8cbf4f0ab,7ac53aa38b1a2ef290344b4e827ec297b0b1ca23,5abcb4d74e9748be161a0cde84b263d8cbf4f0ab,7ac53aa38b1a2ef290344b4e827ec297b0b1ca23,b72bdb373ac9c0aaeacf164ca2ee1d9791696ca4,900ca947ce77025deaaeb3c8e0000ebcdb4699bd,b72bdb373ac9c0aaeacf164ca2ee1d9791696ca4,0,0,15,229,OK
same,vitejs/vite,20460,20468,CLEAN,false,false,2026-09-16T23:52:53.863558+00:00,current-pr-heads-at-extraction; not frozen replay OIDs,git version 2.50.1 (Apple Git-155),refs/pull/N/head; --no-tags; depth 80; depth 600 retry if no merge base,git -c diff.renames=true -c diff.algorithm=myers diff --no-ext-diff --no-textconv --unified=0; default whitespace; binary paths count as files and contribute zero hunks,418630f9572fc2952915da02a6e77347e12e7ff1,4cce06b5860173a0f1eeda3058937004f77acd47,418630f9572fc2952915da02a6e77347e12e7ff1,4cce06b5860173a0f1eeda3058937004f77acd47,f689d613429ae9452c74f8bc482d8cc2584ea6b8,b3227d5398a14c1a7aa9a1a997879bca4d80e719,8403f69551131b5c39bfaf242ffac2e5efcd1dd6,1,3,374,2243,OK
same,johnpapa/shopathome,217,219,CONFLICT,true,true,2026-09-16T23:52:59.116648+00:00,current-pr-heads-at-extraction; not frozen replay OIDs,git version 2.50.1 (Apple Git-155),refs/pull/N/head; --no-tags; depth 80; depth 600 retry if no merge base,git -c diff.renames=true -c diff.algorithm=myers diff --no-ext-diff --no-textconv --unified=0; default whitespace; binary paths count as files and contribute zero hunks,f07aeb9e6a53b7d8bf801398799400bc5bd20195,322ab6db5d3002ec0aaf250634a3f01e922e5ff9,f07aeb9e6a53b7d8bf801398799400bc5bd20195,322ab6db5d3002ec0aaf250634a3f01e922e5ff9,c6824439e52a847f050f67fa821a605bd362dead,24548d99cc74b6f8183bfa1d0a83f7f17454758e,c6824439e52a847f050f67fa821a605bd362dead,6,31,23,1902,OK
same,thomasloupe/Slackord,113,114,CONFLICT,true,true,2026-09-16T23:53:03.307163+00:00,current-pr-heads-at-extraction; not frozen replay OIDs,git version 2.50.1 (Apple Git-155),refs/pull/N/head; --no-tags; depth 80; depth 600 retry if no merge base,git -c diff.renames=true -c diff.algorithm=myers diff --no-ext-diff --no-textconv --unified=0; default whitespace; binary paths count as files and contribute zero hunks,1943f928c99d7731f646da9924b1fd1d015dea80,0b66f44580add667664e3b9eee9217564db4476c,1943f928c99d7731f646da9924b1fd1d015dea80,0b66f44580add667664e3b9eee9217564db4476c,11547573697c0785643c457efe404c59843a21bf,4420bb4de3ffd38ee16fb906b55803bde826283d,11547573697c0785643c457efe404c59843a21bf,1,3,3,5,OK
same,nnstreamer/nntrainer,3298,3312,CONFLICT,true,true,2026-09-16T23:53:06.184723+00:00,current-pr-heads-at-extraction; not frozen replay OIDs,git version 2.50.1 (Apple Git-155),refs/pull/N/head; --no-tags; depth 80; depth 600 retry if no merge base,git -c diff.renames=true -c diff.algorithm=myers diff --no-ext-diff --no-textconv --unified=0; default whitespace; binary paths count as files and contribute zero hunks,734e895df37c9c73c21dc8d472c3f94a9d348069,8ad07175251e7297f4f060929eac836c8ca2388a,734e895df37c9c73c21dc8d472c3f94a9d348069,8ad07175251e7297f4f060929eac836c8ca2388a,f6c6b501633a28ec7d4c4b14f7ad0e72a3dc280a,e4a0c7af196cb2f6a3cd89a1136f85479ecd1593,8ba73a3ae595a2dfbb89ddffc0c4dad479dbc845,70,155,2,36,OK
same,tokens-studio/figma-plugin,3360,3361,CONFLICT,true,true,2026-09-16T23:53:41.453217+00:00,current-pr-heads-at-extraction; not frozen replay OIDs,git version 2.50.1 (Apple Git-155),refs/pull/N/head; --no-tags; depth 80; depth 600 retry if no merge base,git -c diff.renames=true -c diff.algorithm=myers diff --no-ext-diff --no-textconv --unified=0; default whitespace; binary paths count as files and contribute zero hunks,9d24a1174368e420df363fd0e335495ba688a0ad,2eefd37f2273425ff35122a732f25ae5235b05c8,9d24a1174368e420df363fd0e335495ba688a0ad,2eefd37f2273425ff35122a732f25ae5235b05c8,8a2824d968d276ab0323cf2d5c9b19149f85f29c,8a2824d968d276ab0323cf2d5c9b19149f85f29c,8a2824d968d276ab0323cf2d5c9b19149f85f29c,11,46,750,3357,OK
same,dotnet/runtime,115732,115733,CLEAN,false,false,2026-09-16T23:53:44.950818+00:00,current-pr-heads-at-extraction; not frozen replay OIDs,git version 2.50.1 (Apple Git-155),refs/pull/N/head; --no-tags; depth 80; depth 600 retry if no merge base,git -c diff.renames=true -c diff.algorithm=myers diff --no-ext-diff --no-textconv --unified=0; default whitespace; binary paths count as files and contribute zero hunks,791f5737fb76f5670782e3dfece2d5d01ca5ad50,5ab0b0859d57786b8791832682b1a55a03789102,791f5737fb76f5670782e3dfece2d5d01ca5ad50,5ab0b0859d57786b8791832682b1a55a03789102,2122be914915be699fe3893a174fc78fab7fc7b1,2122be914915be699fe3893a174fc78fab7fc7b1,0d90354cdd23b3685cac885167321d36c11bdb3c,2,4,3,3,OK
same,dotnet/maui,29578,29580,CLEAN,false,false,2026-09-16T23:54:20.676255+00:00,current-pr-heads-at-extraction; not frozen replay OIDs,git version 2.50.1 (Apple Git-155),refs/pull/N/head; --no-tags; depth 80; depth 600 retry if no merge base,git -c diff.renames=true -c diff.algorithm=myers diff --no-ext-diff --no-textconv --unified=0; default whitespace; binary paths count as files and contribute zero hunks,0833a722243b956495b804ba77c6ef121b7303c9,6c02a14e117f44a4e9dcc322e1ced78d03b06608,0833a722243b956495b804ba77c6ef121b7303c9,6c02a14e117f44a4e9dcc322e1ced78d03b06608,acd2a942312384638febe821cbf49b10201d0e7f,acd2a942312384638febe821cbf49b10201d0e7f,acd2a942312384638febe821cbf49b10201d0e7f,1,1,3,5,OK
same,mlco2/codecarbon,883,884,CONFLICT,false,false,2026-09-16T23:54:34.867165+00:00,current-pr-heads-at-extraction; not frozen replay OIDs,git version 2.50.1 (Apple Git-155),refs/pull/N/head; --no-tags; depth 80; depth 600 retry if no merge base,git -c diff.renames=true -c diff.algorithm=myers diff --no-ext-diff --no-textconv --unified=0; default whitespace; binary paths count as files and contribute zero hunks,a3fab12dc5479d65eac2d741c8d2fd36bb92532e,28b2cfc1562a3a6085c81f2074423d5d28357498,a3fab12dc5479d65eac2d741c8d2fd36bb92532e,28b2cfc1562a3a6085c81f2074423d5d28357498,d215e2153eaa184f469aefef50a4709382ccf0e8,b8550b02626b126f0d46f350d777b84eab2a63e6,b8550b02626b126f0d46f350d777b84eab2a63e6,618,2765,1,1,OK
same,microsoft/Windows-Containers,598,599,CLEAN,false,false,2026-09-16T23:54:41.873098+00:00,current-pr-heads-at-extraction; not frozen replay OIDs,git version 2.50.1 (Apple Git-155),refs/pull/N/head; --no-tags; depth 80; depth 600 retry if no merge base,git -c diff.renames=true -c diff.algorithm=myers diff --no-ext-diff --no-textconv --unified=0; default whitespace; binary paths count as files and contribute zero hunks,d259e18aa7a8a69a8652c23b12167d80af9b78c0,a742fc5824f06c599abf9efddb679470ebc63a22,d259e18aa7a8a69a8652c23b12167d80af9b78c0,a742fc5824f06c599abf9efddb679470ebc63a22,cf9f92dd4f5aafe9484b1fcd34b83aa29e49af57,cf9f92dd4f5aafe9484b1fcd34b83aa29e49af57,cf9f92dd4f5aafe9484b1fcd34b83aa29e49af57,3,3,2,9,OK
same,Yamashou/gqlgenc,289,290,CLEAN,false,false,2026-09-16T23:54:44.485380+00:00,current-pr-heads-at-extraction; not frozen replay OIDs,git version 2.50.1 (Apple Git-155),refs/pull/N/head; --no-tags; depth 80; depth 600 retry if no merge base,git -c diff.renames=true -c diff.algorithm=myers diff --no-ext-diff --no-textconv --unified=0; default whitespace; binary paths count as files and contribute zero hunks,5cac4972f1cda0a3e883d76b9c0157baf7934b7a,172b7f41ec1e4e028207e2656fed463a5bd316bd,5cac4972f1cda0a3e883d76b9c0157baf7934b7a,172b7f41ec1e4e028207e2656fed463a5bd316bd,86506b9634799a0a5367e8341c0008996e7c7bd5,86506b9634799a0a5367e8341c0008996e7c7bd5,86506b9634799a0a5367e8341c0008996e7c7bd5,2,3,1,1,OK
same,owncast/owncast,4354,4355,CLEAN,false,false,2026-09-16T23:54:48.916272+00:00,current-pr-heads-at-extraction; not frozen replay OIDs,git version 2.50.1 (Apple Git-155),refs/pull/N/head; --no-tags; depth 80; depth 600 retry if no merge base,git -c diff.renames=true -c diff.algorithm=myers diff --no-ext-diff --no-textconv --unified=0; default whitespace; binary paths count as files and contribute zero hunks,5ee412404be6b97b2cf73d0e4d4e47751356c134,ce0da4a0463141ca724a17d9507df61ab39e29d1,5ee412404be6b97b2cf73d0e4d4e47751356c134,ce0da4a0463141ca724a17d9507df61ab39e29d1,e8d90f8a1ecf85dd340f22eb19bcd286221024c8,e8d90f8a1ecf85dd340f22eb19bcd286221024c8,e8d90f8a1ecf85dd340f22eb19bcd286221024c8,1,11,0,0,OK
same,vespa-engine/pyvespa,1097,1099,CLEAN,false,false,2026-09-16T23:54:53.490848+00:00,current-pr-heads-at-extraction; not frozen replay OIDs,git version 2.50.1 (Apple Git-155),refs/pull/N/head; --no-tags; depth 80; depth 600 retry if no merge base,git -c diff.renames=true -c diff.algorithm=myers diff --no-ext-diff --no-textconv --unified=0; default whitespace; binary paths count as files and contribute zero hunks,f5515227b0d589a50abab8bca7892e1cbbd80458,b3411844e9c9c0e24361e559bf197681a3b19ea4,f5515227b0d589a50abab8bca7892e1cbbd80458,b3411844e9c9c0e24361e559bf197681a3b19ea4,50fc030a5c7cfbf54578e8b07b8a43e43680d6b4,d55594786388ac0d3b0e12ff1806e33ffd78b2ec,f5515227b0d589a50abab8bca7892e1cbbd80458,0,0,3,14,OK
same,pseudosavant/player.html,28,29,CLEAN,false,false,2026-09-16T23:55:03.443900+00:00,current-pr-heads-at-extraction; not frozen replay OIDs,git version 2.50.1 (Apple Git-155),refs/pull/N/head; --no-tags; depth 80; depth 600 retry if no merge base,git -c diff.renames=true -c diff.algorithm=myers diff --no-ext-diff --no-textconv --unified=0; default whitespace; binary paths count as files and contribute zero hunks,babd56e172387be8446ece7a66fd2e42eb178f84,e41f9852b4e6cd79ed6f726b525d0e1f1e81cf89,babd56e172387be8446ece7a66fd2e42eb178f84,e41f9852b4e6cd79ed6f726b525d0e1f1e81cf89,7f120196fd357d01041998e02030ebbd6dfa4c4c,7f120196fd357d01041998e02030ebbd6dfa4c4c,73fa8abfa84ab5c7b5dd5add9819691452037580,1,1,1,1,OK
same,launchql/pgsql-parser,162,163,CONFLICT,true,true,2026-09-16T23:55:28.175341+00:00,current-pr-heads-at-extraction; not frozen replay OIDs,git version 2.50.1 (Apple Git-155),refs/pull/N/head; --no-tags; depth 80; depth 600 retry if no merge base,git -c diff.renames=true -c diff.algorithm=myers diff --no-ext-diff --no-textconv --unified=0; default whitespace; binary paths count as files and contribute zero hunks,135a2acb4904200d7f20fe63080830bb71c0e381,1e8110e243fd32d429832101f2f337208730a6c2,135a2acb4904200d7f20fe63080830bb71c0e381,1e8110e243fd32d429832101f2f337208730a6c2,2018a58812cb444a8fe2a64c9ecda48d2228ae9d,2018a58812cb444a8fe2a64c9ecda48d2228ae9d,3aadd875150aa975c6a245e9cce61a652425c436,5,32,14,67,OK
same,mehah/otclient,1236,1237,CLEAN,false,false,2026-09-16T23:55:32.445005+00:00,current-pr-heads-at-extraction; not frozen replay OIDs,git version 2.50.1 (Apple Git-155),refs/pull/N/head; --no-tags; depth 80; depth 600 retry if no merge base,git -c diff.renames=true -c diff.algorithm=myers diff --no-ext-diff --no-textconv --unified=0; default whitespace; binary paths count as files and contribute zero hunks,bde85e8451a15db20376134f79f922ad6d53fd41,4238703c850f7c072909ac5799e3262a04913d5e,bde85e8451a15db20376134f79f922ad6d53fd41,4238703c850f7c072909ac5799e3262a04913d5e,ad0f2795111194cd1e7afe180c5e25d820038884,ad0f2795111194cd1e7afe180c5e25d820038884,ad0f2795111194cd1e7afe180c5e25d820038884,8,22,1,1,OK
same,kingstinct/react-native-healthkit,184,185,CLEAN,false,false,2026-09-16T23:55:36.524048+00:00,current-pr-heads-at-extraction; not frozen replay OIDs,git version 2.50.1 (Apple Git-155),refs/pull/N/head; --no-tags; depth 80; depth 600 retry if no merge base,git -c diff.renames=true -c diff.algorithm=myers diff --no-ext-diff --no-textconv --unified=0; default whitespace; binary paths count as files and contribute zero hunks,d821d45e9eac788dce8bbbc39a0afd54e0679b97,154a4eddf84430424839b85adc2347e26e9c8082,d821d45e9eac788dce8bbbc39a0afd54e0679b97,154a4eddf84430424839b85adc2347e26e9c8082,66c34fa5bcbbf5d1833f25ffb90e799016beaaa6,4aed3031d5089670462e0d588a411518bfd8cb6b,4aed3031d5089670462e0d588a411518bfd8cb6b,1,2,1,2,OK
same,huggingface/blog,2871,2872,CLEAN,false,false,2026-09-16T23:55:39.138037+00:00,current-pr-heads-at-extraction; not frozen replay OIDs,git version 2.50.1 (Apple Git-155),refs/pull/N/head; --no-tags; depth 80; depth 600 retry if no merge base,git -c diff.renames=true -c diff.algorithm=myers diff --no-ext-diff --no-textconv --unified=0; default whitespace; binary paths count as files and contribute zero hunks,6f46c68688e63438db01bc3e8a17bad407d4517a,a8aea3d26b1a9b5da30ad360c92d61f16093a153,6f46c68688e63438db01bc3e8a17bad407d4517a,a8aea3d26b1a9b5da30ad360c92d61f16093a153,fa3fcb9f09d750a4957613b5f48a90b214300161,fa3fcb9f09d750a4957613b5f48a90b214300161,fa3fcb9f09d750a4957613b5f48a90b214300161,1,1,5,5,OK
same,arturboyun/AiogramBotTemplate,40,41,CLEAN,false,false,2026-09-16T23:57:27.598015+00:00,current-pr-heads-at-extraction; not frozen replay OIDs,git version 2.50.1 (Apple Git-155),refs/pull/N/head; --no-tags; depth 80; depth 600 retry if no merge base,git -c diff.renames=true -c diff.algorithm=myers diff --no-ext-diff --no-textconv --unified=0; default whitespace; binary paths count as files and contribute zero hunks,9ec271dce7be2339f09443f36e359b1a70ccbf5b,8dedf3942a60d7e6b2f0deb2798adc8b92b10134,9ec271dce7be2339f09443f36e359b1a70ccbf5b,8dedf3942a60d7e6b2f0deb2798adc8b92b10134,146f9a50d270d9258be237664206c50268ded6b5,146f9a50d270d9258be237664206c50268ded6b5,146f9a50d270d9258be237664206c50268ded6b5,1,1,2,2,OK
same,microsoft/DacFx,635,640,CONFLICT,true,true,2026-09-16T23:57:30.153667+00:00,current-pr-heads-at-extraction; not frozen replay OIDs,git version 2.50.1 (Apple Git-155),refs/pull/N/head; --no-tags; depth 80; depth 600 retry if no merge base,git -c diff.renames=true -c diff.algorithm=myers diff --no-ext-diff --no-textconv --unified=0; default whitespace; binary paths count as files and contribute zero hunks,a4097c52d240c88ee41c0030bc506c970f63d4fc,e116e9f8e08c49c999ee9687a0874c7f5733e2cc,a4097c52d240c88ee41c0030bc506c970f63d4fc,e116e9f8e08c49c999ee9687a0874c7f5733e2cc,809cf97ba1bbcfe3f2adbb2cef1e1e774f175c2a,fb83a427577bc36f581483d267f7e8ebe6b99823,809cf97ba1bbcfe3f2adbb2cef1e1e774f175c2a,3,3,11,44,OK
same,microsoft/P.808,76,77,CLEAN,false,false,2026-09-16T23:57:32.648424+00:00,current-pr-heads-at-extraction; not frozen replay OIDs,git version 2.50.1 (Apple Git-155),refs/pull/N/head; --no-tags; depth 80; depth 600 retry if no merge base,git -c diff.renames=true -c diff.algorithm=myers diff --no-ext-diff --no-textconv --unified=0; default whitespace; binary paths count as files and contribute zero hunks,ee463994e10a5d47690091947d7c6d6651af6ebe,ebf2e1c4439ae4112c4191806261a9a30206b361,ee463994e10a5d47690091947d7c6d6651af6ebe,ebf2e1c4439ae4112c4191806261a9a30206b361,8ba75d39ceeab04e897b6512896d0237fc5a3850,8ba75d39ceeab04e897b6512896d0237fc5a3850,8ba75d39ceeab04e897b6512896d0237fc5a3850,30,89,1,2,OK
same,CosmWasm/wasmvm,671,672,CLEAN,false,false,2026-09-16T23:59:27.101149+00:00,current-pr-heads-at-extraction; not frozen replay OIDs,git version 2.50.1 (Apple Git-155),refs/pull/N/head; --no-tags; depth 80; depth 600 retry if no merge base,git -c diff.renames=true -c diff.algorithm=myers diff --no-ext-diff --no-textconv --unified=0; default whitespace; binary paths count as files and contribute zero hunks,735fa0ecdb084be772355b54813ff6d96c7b8d96,03cc9ab0b68b4a8c69a4084fd1b43d773b1c7090,735fa0ecdb084be772355b54813ff6d96c7b8d96,03cc9ab0b68b4a8c69a4084fd1b43d773b1c7090,0119e24c856e6516b833dc275c0bc60f8f616067,0119e24c856e6516b833dc275c0bc60f8f616067,735fa0ecdb084be772355b54813ff6d96c7b8d96,0,0,1,1,OK
same,dailydotdev/apps,4632,4633,CLEAN,false,false,2026-09-17T00:00:02.125887+00:00,current-pr-heads-at-extraction; not frozen replay OIDs,git version 2.50.1 (Apple Git-155),refs/pull/N/head; --no-tags; depth 80; depth 600 retry if no merge base,git -c diff.renames=true -c diff.algorithm=myers diff --no-ext-diff --no-textconv --unified=0; default whitespace; binary paths count as files and contribute zero hunks,e5b0764e3cf7322a4eed64cd2e2d9420a8ad6d1d,71bd9a55baee4bc9e7994dac8e6532fd8743e8b1,e5b0764e3cf7322a4eed64cd2e2d9420a8ad6d1d,71bd9a55baee4bc9e7994dac8e6532fd8743e8b1,3c81c6b86a78afebbffc0af0badd178370be3640,d1167d0835307265099c320f7c715bb8ce0faf17,d1167d0835307265099c320f7c715bb8ce0faf17,1,1,1,7,OK
same,getsentry/sentry-kotlin-multiplatform,433,434,CONFLICT,true,true,2026-09-17T00:00:05.231380+00:00,current-pr-heads-at-extraction; not frozen replay OIDs,git version 2.50.1 (Apple Git-155),refs/pull/N/head; --no-tags; depth 80; depth 600 retry if no merge base,git -c diff.renames=true -c diff.algorithm=myers diff --no-ext-diff --no-textconv --unified=0; default whitespace; binary paths count as files and contribute zero hunks,3f71a17add6a1b8f56e2f64764b172c7a1804c35,cace2fd1c2a2f7097e4400b254f45456719a92e3,3f71a17add6a1b8f56e2f64764b172c7a1804c35,cace2fd1c2a2f7097e4400b254f45456719a92e3,4c174cf0eec153d4adcb3c8dffa344e0b1cf0d5d,2ac88e0140beb01e4a45cf08e45b73d543223ccd,4c174cf0eec153d4adcb3c8dffa344e0b1cf0d5d,1,2,9,18,OK
same,microsoft/react-native-gallery,572,573,CLEAN,false,false,2026-09-17T00:00:08.072869+00:00,current-pr-heads-at-extraction; not frozen replay OIDs,git version 2.50.1 (Apple Git-155),refs/pull/N/head; --no-tags; depth 80; depth 600 retry if no merge base,git -c diff.renames=true -c diff.algorithm=myers diff --no-ext-diff --no-textconv --unified=0; default whitespace; binary paths count as files and contribute zero hunks,55e9de912f8db452e13d4a27a7930512522f97f2,081ff84e8d6dca3e8cce688b64b5f16d6aa07a31,55e9de912f8db452e13d4a27a7930512522f97f2,081ff84e8d6dca3e8cce688b64b5f16d6aa07a31,e005de4f09c29b5dff16db9e04f0326358225eff,e005de4f09c29b5dff16db9e04f0326358225eff,e005de4f09c29b5dff16db9e04f0326358225eff,0,0,0,0,OK
same,stingle/stingle-photos-android,152,153,CLEAN,false,false,2026-09-17T00:00:11.559596+00:00,current-pr-heads-at-extraction; not frozen replay OIDs,git version 2.50.1 (Apple Git-155),refs/pull/N/head; --no-tags; depth 80; depth 600 retry if no merge base,git -c diff.renames=true -c diff.algorithm=myers diff --no-ext-diff --no-textconv --unified=0; default whitespace; binary paths count as files and contribute zero hunks,df3376f7ba760b3e2c34084e5021e9e8b9fba50d,6848ecae954905121aec023b7906034e29346ccb,df3376f7ba760b3e2c34084e5021e9e8b9fba50d,6848ecae954905121aec023b7906034e29346ccb,4dd3317ca3f5c5fc2b3f56b70bad0bc12ef4f1f5,4dd3317ca3f5c5fc2b3f56b70bad0bc12ef4f1f5,4dd3317ca3f5c5fc2b3f56b70bad0bc12ef4f1f5,1,1,3,4,OK
same,dotnet/docs-desktop,2099,2100,CLEAN,false,false,2026-09-17T00:00:15.468488+00:00,current-pr-heads-at-extraction; not frozen replay OIDs,git version 2.50.1 (Apple Git-155),refs/pull/N/head; --no-tags; depth 80; depth 600 retry if no merge base,git -c diff.renames=true -c diff.algorithm=myers diff --no-ext-diff --no-textconv --unified=0; default whitespace; binary paths count as files and contribute zero hunks,d70f65efbcd16aa7770123aa61c02874152a59fc,90d90dda7a901dce06c438ca9a55a69fcc722277,d70f65efbcd16aa7770123aa61c02874152a59fc,90d90dda7a901dce06c438ca9a55a69fcc722277,a15c1394a69aca15ef230623b2b11f4aecb5831f,a15c1394a69aca15ef230623b2b11f4aecb5831f,a15c1394a69aca15ef230623b2b11f4aecb5831f,1,6,2,5,OK
same,copper-project/copper-rs,409,410,CONFLICT,true,true,2026-09-17T00:00:21.477121+00:00,current-pr-heads-at-extraction; not frozen replay OIDs,git version 2.50.1 (Apple Git-155),refs/pull/N/head; --no-tags; depth 80; depth 600 retry if no merge base,git -c diff.renames=true -c diff.algorithm=myers diff --no-ext-diff --no-textconv --unified=0; default whitespace; binary paths count as files and contribute zero hunks,bc3087998b98f9d4684c00ef4e81925bd87ba3b5,cf385eb872ed35c9f9759f60c02f6b74b532d0ba,bc3087998b98f9d4684c00ef4e81925bd87ba3b5,cf385eb872ed35c9f9759f60c02f6b74b532d0ba,94b626a55e350fc836c9574c66825521bf9c1bff,e908aa1ac9fa5349ea477124d116832a6956fafc,e908aa1ac9fa5349ea477124d116832a6956fafc,14,51,9,21,OK
same,OWASP/wrongsecrets,2121,2127,CLEAN,false,false,2026-09-17T00:00:24.877358+00:00,current-pr-heads-at-extraction; not frozen replay OIDs,git version 2.50.1 (Apple Git-155),refs/pull/N/head; --no-tags; depth 80; depth 600 retry if no merge base,git -c diff.renames=true -c diff.algorithm=myers diff --no-ext-diff --no-textconv --unified=0; default whitespace; binary paths count as files and contribute zero hunks,0fc65a278a923766811b474b9b44d633cc3e3b86,35f391f9056a26418c205bff8c38ff533901058a,0fc65a278a923766811b474b9b44d633cc3e3b86,35f391f9056a26418c205bff8c38ff533901058a,59e75277c8199e7f92a8b16720c8dbeaa39392a2,92698bb416b98d67f66cdd92e13ada128d0a8770,35f391f9056a26418c205bff8c38ff533901058a,37,104,0,0,OK
same,airbytehq/airbyte,52064,52129,CLEAN,false,false,2026-09-17T00:00:28.349117+00:00,current-pr-heads-at-extraction; not frozen replay OIDs,git version 2.50.1 (Apple Git-155),refs/pull/N/head; --no-tags; depth 80; depth 600 retry if no merge base,git -c diff.renames=true -c diff.algorithm=myers diff --no-ext-diff --no-textconv --unified=0; default whitespace; binary paths count as files and contribute zero hunks,0de6b55c9db0013142e848efeb6c20764dbc4e80,e6a4ae06fad93797eda56ab98b175995295609fc,0de6b55c9db0013142e848efeb6c20764dbc4e80,e6a4ae06fad93797eda56ab98b175995295609fc,f2dcd21a249e7738dd7755b964920d96d007e6b0,4dcc5abfce21dc753693af1f802f7dcae1be5ba4,f2dcd21a249e7738dd7755b964920d96d007e6b0,1,1,147,780,OK
same,appsmithorg/appsmith,38335,38336,CLEAN,false,false,2026-09-17T00:00:45.073091+00:00,current-pr-heads-at-extraction; not frozen replay OIDs,git version 2.50.1 (Apple Git-155),refs/pull/N/head; --no-tags; depth 80; depth 600 retry if no merge base,git -c diff.renames=true -c diff.algorithm=myers diff --no-ext-diff --no-textconv --unified=0; default whitespace; binary paths count as files and contribute zero hunks,a2dd16879011e19dc65460c35cc91c529fedabe6,3fcb775c6960df67d9560e1611eb3d5e3007d1f0,a2dd16879011e19dc65460c35cc91c529fedabe6,3fcb775c6960df67d9560e1611eb3d5e3007d1f0,bc38ee739e3c57995e958c4919d9425ff7a0cb8e,bc38ee739e3c57995e958c4919d9425ff7a0cb8e,bc38ee739e3c57995e958c4919d9425ff7a0cb8e,1,1,1,1,OK
same,microsoft/vscode-jupyter,16724,16725,CLEAN,false,false,2026-09-17T00:01:04.371256+00:00,current-pr-heads-at-extraction; not frozen replay OIDs,git version 2.50.1 (Apple Git-155),refs/pull/N/head; --no-tags; depth 80; depth 600 retry if no merge base,git -c diff.renames=true -c diff.algorithm=myers diff --no-ext-diff --no-textconv --unified=0; default whitespace; binary paths count as files and contribute zero hunks,a2b0b593ffcb373832f006122b6ac2f1ced9c8d2,1cb97672cddaef58d8ff65b3cf4d68998e638857,a2b0b593ffcb373832f006122b6ac2f1ced9c8d2,1cb97672cddaef58d8ff65b3cf4d68998e638857,f9006bafe6799d4f91c9212e297c5021ad5000e7,f9006bafe6799d4f91c9212e297c5021ad5000e7,f9006bafe6799d4f91c9212e297c5021ad5000e7,2,3,3,6,OK
same,stargately/beancount-mobile,80,81,CLEAN,false,false,2026-09-17T00:01:08.559198+00:00,current-pr-heads-at-extraction; not frozen replay OIDs,git version 2.50.1 (Apple Git-155),refs/pull/N/head; --no-tags; depth 80; depth 600 retry if no merge base,git -c diff.renames=true -c diff.algorithm=myers diff --no-ext-diff --no-textconv --unified=0; default whitespace; binary paths count as files and contribute zero hunks,fa73b9ab99b0f5a2ac68cbf5fa640def88315d17,6f56340cf7cf13fde0e1a2fccbeb195b801a543c,fa73b9ab99b0f5a2ac68cbf5fa640def88315d17,6f56340cf7cf13fde0e1a2fccbeb195b801a543c,f53a9b3163e0b681993c5d6bf5eed3b2d0df8294,f53a9b3163e0b681993c5d6bf5eed3b2d0df8294,f53a9b3163e0b681993c5d6bf5eed3b2d0df8294,7,8,3,5,OK
same,vladfi1/slippi-ai,34,35,CLEAN,false,false,2026-09-17T00:01:11.280138+00:00,current-pr-heads-at-extraction; not frozen replay OIDs,git version 2.50.1 (Apple Git-155),refs/pull/N/head; --no-tags; depth 80; depth 600 retry if no merge base,git -c diff.renames=true -c diff.algorithm=myers diff --no-ext-diff --no-textconv --unified=0; default whitespace; binary paths count as files and contribute zero hunks,d0df577911365d8356800c53c4e13332e4687035,3d8ce2fbfe08e4a88438d2038568e34ad9d47ab3,d0df577911365d8356800c53c4e13332e4687035,3d8ce2fbfe08e4a88438d2038568e34ad9d47ab3,b0835577e1b46eaa464249b0ae2702b32b7c0d51,b0835577e1b46eaa464249b0ae2702b32b7c0d51,b0835577e1b46eaa464249b0ae2702b32b7c0d51,40,55,2,3,OK
same,taiga-family/taiga-ui,11338,11339,CLEAN,false,false,2026-09-17T00:01:13.764826+00:00,current-pr-heads-at-extraction; not frozen replay OIDs,git version 2.50.1 (Apple Git-155),refs/pull/N/head; --no-tags; depth 80; depth 600 retry if no merge base,git -c diff.renames=true -c diff.algorithm=myers diff --no-ext-diff --no-textconv --unified=0; default whitespace; binary paths count as files and contribute zero hunks,68c4cec479d7eed8c8ab300ae14bbc1d2a46ed0d,7f26c833771a6de6eca82d1c233e61538df1cea3,68c4cec479d7eed8c8ab300ae14bbc1d2a46ed0d,7f26c833771a6de6eca82d1c233e61538df1cea3,053a53c48686d19ea6e4cfdc42621671ad61f5f6,053a53c48686d19ea6e4cfdc42621671ad61f5f6,053a53c48686d19ea6e4cfdc42621671ad61f5f6,3,3,1,1,OK
same,sblom/RegExtract,25,27,CLEAN,false,false,2026-09-17T00:01:22.414536+00:00,current-pr-heads-at-extraction; not frozen replay OIDs,git version 2.50.1 (Apple Git-155),refs/pull/N/head; --no-tags; depth 80; depth 600 retry if no merge base,git -c diff.renames=true -c diff.algorithm=myers diff --no-ext-diff --no-textconv --unified=0; default whitespace; binary paths count as files and contribute zero hunks,7ba2648cdde2d9d5e3772b7ad9073d3e279bea47,0fa11eceb3dfdcc62af08ff20448a2741d0d3d4d,7ba2648cdde2d9d5e3772b7ad9073d3e279bea47,0fa11eceb3dfdcc62af08ff20448a2741d0d3d4d,1db802128e29809e98ed65d9a3e1f8a2b320ec16,1db802128e29809e98ed65d9a3e1f8a2b320ec16,0c41ca8394c250ac2fed08f2b67d920d060fcaa4,6,7,1,3,OK
same,Thomvis/Construct,9,10,CLEAN,false,false,2026-09-17T00:01:25.344968+00:00,current-pr-heads-at-extraction; not frozen replay OIDs,git version 2.50.1 (Apple Git-155),refs/pull/N/head; --no-tags; depth 80; depth 600 retry if no merge base,git -c diff.renames=true -c diff.algorithm=myers diff --no-ext-diff --no-textconv --unified=0; default whitespace; binary paths count as files and contribute zero hunks,d07e11792a51c5271ae05604f60929080a4edc73,159ed715d159a57ff57015fd36098c62f29054b7,d07e11792a51c5271ae05604f60929080a4edc73,159ed715d159a57ff57015fd36098c62f29054b7,7e7cec409e17aa975c445a479b1deeabbf8f2088,3cda9cbe1d811d54675b3dbc66559e52ab02b1f7,3cda9cbe1d811d54675b3dbc66559e52ab02b1f7,13,38,7,34,OK
same,MicrosoftLearning/AZ400-DesigningandImplementingMicrosoftDevOpsSolutions,671,673,CLEAN,false,false,2026-09-17T00:01:32.082920+00:00,current-pr-heads-at-extraction; not frozen replay OIDs,git version 2.50.1 (Apple Git-155),refs/pull/N/head; --no-tags; depth 80; depth 600 retry if no merge base,git -c diff.renames=true -c diff.algorithm=myers diff --no-ext-diff --no-textconv --unified=0; default whitespace; binary paths count as files and contribute zero hunks,baaa4a0b2f10c7195a810f0767782899472075c7,01211643958cd60d5ff54a39c17d2dec01fbe3a9,baaa4a0b2f10c7195a810f0767782899472075c7,01211643958cd60d5ff54a39c17d2dec01fbe3a9,f03f0e65d853726fff2cf0adddd2a3430bcca32f,f03f0e65d853726fff2cf0adddd2a3430bcca32f,f03f0e65d853726fff2cf0adddd2a3430bcca32f,1,3,1,1,OK
same,backstage/backstage,30547,30548,UNAVAIL_fetch,false,false,2026-09-17T00:01:35.404546+00:00,current-pr-heads-at-extraction; not frozen replay OIDs,git version 2.50.1 (Apple Git-155),refs/pull/N/head; --no-tags; depth 80; depth 600 retry if no merge base,git -c diff.renames=true -c diff.algorithm=myers diff --no-ext-diff --no-textconv --unified=0; default whitespace; binary paths count as files and contribute zero hunks,,,,,,,,,,,,UNAVAIL_fetch
same,osmosis-labs/osmosis,9027,9029,CLEAN,false,false,2026-09-17T00:01:35.404777+00:00,current-pr-heads-at-extraction; not frozen replay OIDs,git version 2.50.1 (Apple Git-155),refs/pull/N/head; --no-tags; depth 80; depth 600 retry if no merge base,git -c diff.renames=true -c diff.algorithm=myers diff --no-ext-diff --no-textconv --unified=0; default whitespace; binary paths count as files and contribute zero hunks,8a9c38134d078349d2209daf66dc0b798e4c857a,fd4bca2c6da781039833345570c15d0613bdf723,8a9c38134d078349d2209daf66dc0b798e4c857a,fd4bca2c6da781039833345570c15d0613bdf723,0da1096a1594f417c510fd746f7342039c6a7370,0da1096a1594f417c510fd746f7342039c6a7370,0da1096a1594f417c510fd746f7342039c6a7370,4,14,8,20,OK
same,JuliaSymbolics/Symbolics.jl,1598,1599,CLEAN,false,false,2026-09-17T00:01:42.198646+00:00,current-pr-heads-at-extraction; not frozen replay OIDs,git version 2.50.1 (Apple Git-155),refs/pull/N/head; --no-tags; depth 80; depth 600 retry if no merge base,git -c diff.renames=true -c diff.algorithm=myers diff --no-ext-diff --no-textconv --unified=0; default whitespace; binary paths count as files and contribute zero hunks,d68dec162f7da891c6fd78781b98bf99f0d8e134,aa330ab22388c8ed956719194253af99b26f0a72,d68dec162f7da891c6fd78781b98bf99f0d8e134,aa330ab22388c8ed956719194253af99b26f0a72,c9707bf5aab40f377e5777fbe9468b932ad8cb88,c9707bf5aab40f377e5777fbe9468b932ad8cb88,c9707bf5aab40f377e5777fbe9468b932ad8cb88,2,3,6,12,OK
same,huggingface/huggingface_hub,3108,3107,CLEAN,false,false,2026-09-17T00:01:45.147209+00:00,current-pr-heads-at-extraction; not frozen replay OIDs,git version 2.50.1 (Apple Git-155),refs/pull/N/head; --no-tags; depth 80; depth 600 retry if no merge base,git -c diff.renames=true -c diff.algorithm=myers diff --no-ext-diff --no-textconv --unified=0; default whitespace; binary paths count as files and contribute zero hunks,b6fb21b7ea84d7d5f8bc9389304ea5b0e68a25ee,6e7bf56b15842c6d23e08d6907ec55443f3b6f1c,b6fb21b7ea84d7d5f8bc9389304ea5b0e68a25ee,6e7bf56b15842c6d23e08d6907ec55443f3b6f1c,1ebdbf9517797756105058ffd2f92723ff908e46,1ebdbf9517797756105058ffd2f92723ff908e46,43e9d402b5dec37e8a3c29ad895de9919f755489,2,7,1,3,OK
same,ajthinking/data-story,466,468,CLEAN,false,false,2026-09-17T00:01:48.339773+00:00,current-pr-heads-at-extraction; not frozen replay OIDs,git version 2.50.1 (Apple Git-155),refs/pull/N/head; --no-tags; depth 80; depth 600 retry if no merge base,git -c diff.renames=true -c diff.algorithm=myers diff --no-ext-diff --no-textconv --unified=0; default whitespace; binary paths count as files and contribute zero hunks,d8c5773a43bb78b08090b201d661e8af341c4001,827de44fed5aefe89ae3bf32f2a5632e28d872b6,d8c5773a43bb78b08090b201d661e8af341c4001,827de44fed5aefe89ae3bf32f2a5632e28d872b6,4d4ff2b9a9347791d2600684d614a524fd1b5ebc,4d4ff2b9a9347791d2600684d614a524fd1b5ebc,4d4ff2b9a9347791d2600684d614a524fd1b5ebc,6,10,1,1,OK
same,evstack/ev-node,2289,2290,CLEAN,false,false,2026-09-17T00:01:50.964103+00:00,current-pr-heads-at-extraction; not frozen replay OIDs,git version 2.50.1 (Apple Git-155),refs/pull/N/head; --no-tags; depth 80; depth 600 retry if no merge base,git -c diff.renames=true -c diff.algorithm=myers diff --no-ext-diff --no-textconv --unified=0; default whitespace; binary paths count as files and contribute zero hunks,a932da3de259e4b2f3cb89bad5be1e806874c5dc,bdbc41e0ef38c37c53902bb4edfb5a9af75f1f5a,a932da3de259e4b2f3cb89bad5be1e806874c5dc,bdbc41e0ef38c37c53902bb4edfb5a9af75f1f5a,13b800d3e68ea36b5dfb0ef9a40b01096882af45,c8d3141151408cb08244b62ef442f371a0945d0a,c8d3141151408cb08244b62ef442f371a0945d0a,3,19,1,2,OK
same,microsoft/AzureTRE,4551,4552,CLEAN,false,false,2026-09-17T00:01:53.605064+00:00,current-pr-heads-at-extraction; not frozen replay OIDs,git version 2.50.1 (Apple Git-155),refs/pull/N/head; --no-tags; depth 80; depth 600 retry if no merge base,git -c diff.renames=true -c diff.algorithm=myers diff --no-ext-diff --no-textconv --unified=0; default whitespace; binary paths count as files and contribute zero hunks,6ce8df8b740ba7cc10e85e75671b2683cdb0aa41,49c8c4d8c878dfd04042a07a3e084dde35a1f8ae,6ce8df8b740ba7cc10e85e75671b2683cdb0aa41,49c8c4d8c878dfd04042a07a3e084dde35a1f8ae,85f2fa27bcbe89d8af65e256feccdd3d69dceb02,0819afd148f6ac86c55d5544dab64992729d65c5,85f2fa27bcbe89d8af65e256feccdd3d69dceb02,8,16,14,738,OK
same,gacela-project/gacela,325,326,CLEAN,false,false,2026-09-17T00:01:56.673255+00:00,current-pr-heads-at-extraction; not frozen replay OIDs,git version 2.50.1 (Apple Git-155),refs/pull/N/head; --no-tags; depth 80; depth 600 retry if no merge base,git -c diff.renames=true -c diff.algorithm=myers diff --no-ext-diff --no-textconv --unified=0; default whitespace; binary paths count as files and contribute zero hunks,3730b964f360a06409cf46be310a55a27a924f09,1bee0b653dad13bf2234fb11645fb97382ce6480,3730b964f360a06409cf46be310a55a27a924f09,1bee0b653dad13bf2234fb11645fb97382ce6480,50af1b83504395f8d8a9f1ea943aaf791b5268d4,eaed761f5f72dba2e39d9f6991f9e04b3980f779,50af1b83504395f8d8a9f1ea943aaf791b5268d4,1,1,168,1310,OK
same,YunaiV/ruoyi-vue-pro,907,908,CLEAN,false,false,2026-09-17T00:01:59.424105+00:00,current-pr-heads-at-extraction; not frozen replay OIDs,git version 2.50.1 (Apple Git-155),refs/pull/N/head; --no-tags; depth 80; depth 600 retry if no merge base,git -c diff.renames=true -c diff.algorithm=myers diff --no-ext-diff --no-textconv --unified=0; default whitespace; binary paths count as files and contribute zero hunks,e0e4f3251de5f77b75a501bbacb2bab6f2615a23,3f4cc64f6549c908034e9e5eb0177ada99a866a9,e0e4f3251de5f77b75a501bbacb2bab6f2615a23,3f4cc64f6549c908034e9e5eb0177ada99a866a9,68645c2db02d32f13f5ef1d31fbfa7d5a81086ae,68645c2db02d32f13f5ef1d31fbfa7d5a81086ae,68645c2db02d32f13f5ef1d31fbfa7d5a81086ae,8,10,1,61,OK
same,remotion-dev/remotion,5363,5364,CLEAN,false,false,2026-09-17T00:02:03.715035+00:00,current-pr-heads-at-extraction; not frozen replay OIDs,git version 2.50.1 (Apple Git-155),refs/pull/N/head; --no-tags; depth 80; depth 600 retry if no merge base,git -c diff.renames=true -c diff.algorithm=myers diff --no-ext-diff --no-textconv --unified=0; default whitespace; binary paths count as files and contribute zero hunks,894add1ee68e802e711b3599b1b69b76b473e3ac,8a2be6ac371e0460833b4f79966bada0c3e556a9,894add1ee68e802e711b3599b1b69b76b473e3ac,8a2be6ac371e0460833b4f79966bada0c3e556a9,fe62934b24e1bd1f872507a9d4d299ae968f5d2b,4af8e6238b9f471b56c4abef235f7bca0712c371,4af8e6238b9f471b56c4abef235f7bca0712c371,2,2,3,5,OK
same,zenml-io/zenml,3375,3487,CONFLICT,true,true,2026-09-17T00:03:20.527845+00:00,current-pr-heads-at-extraction; not frozen replay OIDs,git version 2.50.1 (Apple Git-155),refs/pull/N/head; --no-tags; depth 80; depth 600 retry if no merge base,git -c diff.renames=true -c diff.algorithm=myers diff --no-ext-diff --no-textconv --unified=0; default whitespace; binary paths count as files and contribute zero hunks,41462130b75ae14fb3da4d9ef9552821bf985048,96fa30eece6e256f1d1de5502dd19105eff6c426,41462130b75ae14fb3da4d9ef9552821bf985048,96fa30eece6e256f1d1de5502dd19105eff6c426,a352c40356d7915a37db2e194c416607951a4ec3,c184e2e953e7b9004787046f5378400f5c463dc9,a352c40356d7915a37db2e194c416607951a4ec3,6,27,940,5771,OK
same,Skyscanner/turbolift,172,173,CLEAN,false,false,2026-09-17T00:03:37.839251+00:00,current-pr-heads-at-extraction; not frozen replay OIDs,git version 2.50.1 (Apple Git-155),refs/pull/N/head; --no-tags; depth 80; depth 600 retry if no merge base,git -c diff.renames=true -c diff.algorithm=myers diff --no-ext-diff --no-textconv --unified=0; default whitespace; binary paths count as files and contribute zero hunks,c63102eb02d07a70ee01f406ab76ee792478a9ff,2412b443b0b53e6ce2d5c8162323a67e13a9a257,c63102eb02d07a70ee01f406ab76ee792478a9ff,2412b443b0b53e6ce2d5c8162323a67e13a9a257,8b2dcf49815f4f83c5e30cb8d65f7535a509dfc7,c542eb563273bba0baefd66443eab4a299f1d430,8b2dcf49815f4f83c5e30cb8d65f7535a509dfc7,1,1,4,6,OK
same,thedevdojo/wave,245,247,CLEAN,false,false,2026-09-17T00:03:40.437672+00:00,current-pr-heads-at-extraction; not frozen replay OIDs,git version 2.50.1 (Apple Git-155),refs/pull/N/head; --no-tags; depth 80; depth 600 retry if no merge base,git -c diff.renames=true -c diff.algorithm=myers diff --no-ext-diff --no-textconv --unified=0; default whitespace; binary paths count as files and contribute zero hunks,90fff14d0d783df2e6eca6b64f5e8fc270a5f214,a4f5f39d2086cac323099ccdf8f1d289c065921b,90fff14d0d783df2e6eca6b64f5e8fc270a5f214,a4f5f39d2086cac323099ccdf8f1d289c065921b,fb1605851d76ec16b8a356633ce545effed5cb60,fb1605851d76ec16b8a356633ce545effed5cb60,fb1605851d76ec16b8a356633ce545effed5cb60,1,2,2,4,OK
same,microsoft/ebpf-for-windows,4462,4466,CLEAN,false,false,2026-09-17T00:03:44.620242+00:00,current-pr-heads-at-extraction; not frozen replay OIDs,git version 2.50.1 (Apple Git-155),refs/pull/N/head; --no-tags; depth 80; depth 600 retry if no merge base,git -c diff.renames=true -c diff.algorithm=myers diff --no-ext-diff --no-textconv --unified=0; default whitespace; binary paths count as files and contribute zero hunks,bf4aaf69ce356791401442163efca430aa883ebb,0b6d6134bcadae8fc1e459babc61b5ac518392ee,bf4aaf69ce356791401442163efca430aa883ebb,0b6d6134bcadae8fc1e459babc61b5ac518392ee,e03f5c2b4a3f0a42b917ffa26122bcc59e0fc943,5abdd00a7a17ef1267d99b6630e79c47488739e4,e03f5c2b4a3f0a42b917ffa26122bcc59e0fc943,2,2,90,438,OK
same,microsoft/fluentui-blazor,3857,3858,CLEAN,false,false,2026-09-17T00:03:48.143390+00:00,current-pr-heads-at-extraction; not frozen replay OIDs,git version 2.50.1 (Apple Git-155),refs/pull/N/head; --no-tags; depth 80; depth 600 retry if no merge base,git -c diff.renames=true -c diff.algorithm=myers diff --no-ext-diff --no-textconv --unified=0; default whitespace; binary paths count as files and contribute zero hunks,f51e12e48d34217f64892c4f739b46522b1c0b0d,245e98ebfba76ca0072041197c291e9c417240c6,f51e12e48d34217f64892c4f739b46522b1c0b0d,245e98ebfba76ca0072041197c291e9c417240c6,b1fb5becbdf4429f699d6acf0b0fbe635cc0aac3,832edb317e2ed99b68e116c7fe616a377191a8a2,832edb317e2ed99b68e116c7fe616a377191a8a2,30,65,0,0,OK
same,monosans/proxy-scraper-checker,695,696,CLEAN,false,false,2026-09-17T00:04:00.577258+00:00,current-pr-heads-at-extraction; not frozen replay OIDs,git version 2.50.1 (Apple Git-155),refs/pull/N/head; --no-tags; depth 80; depth 600 retry if no merge base,git -c diff.renames=true -c diff.algorithm=myers diff --no-ext-diff --no-textconv --unified=0; default whitespace; binary paths count as files and contribute zero hunks,555515d623ed6e3e0184e7f9438487a9f28aba77,59bdaf1b2a1375eb975493d6ecc2c5cd29b714ed,555515d623ed6e3e0184e7f9438487a9f28aba77,59bdaf1b2a1375eb975493d6ecc2c5cd29b714ed,04cf221bb44067721869744e3330a97ff1c045f6,04cf221bb44067721869744e3330a97ff1c045f6,58e5c1cf343330a7e61455260cedb8dfff097127,4,13,12,16,OK
same,dongaba/TVerRec,272,273,CLEAN,false,false,2026-09-17T00:04:03.006963+00:00,current-pr-heads-at-extraction; not frozen replay OIDs,git version 2.50.1 (Apple Git-155),refs/pull/N/head; --no-tags; depth 80; depth 600 retry if no merge base,git -c diff.renames=true -c diff.algorithm=myers diff --no-ext-diff --no-textconv --unified=0; default whitespace; binary paths count as files and contribute zero hunks,74c3039413683550772b4a45a93b6d1f82ef8ded,4430dec8d1d0ad22670575ba0b1e51990a2ea9f1,74c3039413683550772b4a45a93b6d1f82ef8ded,4430dec8d1d0ad22670575ba0b1e51990a2ea9f1,03988e22cd7631cbc2ec4e8656cdb51c2f74bd94,04335fdd02d8d9a8c3a6bc83b0f510a0bf33a9a7,74c3039413683550772b4a45a93b6d1f82ef8ded,0,0,1,1,OK
same,syntasso/kratix,498,499,CLEAN,false,false,2026-09-17T00:04:05.932121+00:00,current-pr-heads-at-extraction; not frozen replay OIDs,git version 2.50.1 (Apple Git-155),refs/pull/N/head; --no-tags; depth 80; depth 600 retry if no merge base,git -c diff.renames=true -c diff.algorithm=myers diff --no-ext-diff --no-textconv --unified=0; default whitespace; binary paths count as files and contribute zero hunks,ff021f8c6bbe43bbb419decb66d0ad37a017f256,78c46c18aee5a2dc9dc6c406b90a040d15c95906,ff021f8c6bbe43bbb419decb66d0ad37a017f256,78c46c18aee5a2dc9dc6c406b90a040d15c95906,5d6864a21ba9a4c594e767809eb23ba810fb3f84,11ab2256e91f19a9baaef8b59d79cd79f65e6202,5d6864a21ba9a4c594e767809eb23ba810fb3f84,8,16,11,22,OK
same,oven-sh/bun,19742,19743,CLEAN,false,false,2026-09-17T00:04:08.566543+00:00,current-pr-heads-at-extraction; not frozen replay OIDs,git version 2.50.1 (Apple Git-155),refs/pull/N/head; --no-tags; depth 80; depth 600 retry if no merge base,git -c diff.renames=true -c diff.algorithm=myers diff --no-ext-diff --no-textconv --unified=0; default whitespace; binary paths count as files and contribute zero hunks,59700e230ec49ce4621f5e03a412bb3fb7963c6b,f543a91a394ad63c3e12f5426245b2032788fad3,59700e230ec49ce4621f5e03a412bb3fb7963c6b,f543a91a394ad63c3e12f5426245b2032788fad3,2c5e9e5532391616a513c46f6401d36027676718,2c5e9e5532391616a513c46f6401d36027676718,2c5e9e5532391616a513c46f6401d36027676718,2,8,1,1,OK
same,JacobLinCool/LeetCode-Stats-Card,160,161,CLEAN,false,false,2026-09-17T00:04:14.402145+00:00,current-pr-heads-at-extraction; not frozen replay OIDs,git version 2.50.1 (Apple Git-155),refs/pull/N/head; --no-tags; depth 80; depth 600 retry if no merge base,git -c diff.renames=true -c diff.algorithm=myers diff --no-ext-diff --no-textconv --unified=0; default whitespace; binary paths count as files and contribute zero hunks,6e305e5bd25fb74193821e11de4d1d014e91720a,714d5ab65fd048ef1947822d16a7dca6dec1b70c,6e305e5bd25fb74193821e11de4d1d014e91720a,714d5ab65fd048ef1947822d16a7dca6dec1b70c,9228e8e5d361812c3dd91ed1ecd0523c1746a1c2,9228e8e5d361812c3dd91ed1ecd0523c1746a1c2,9228e8e5d361812c3dd91ed1ecd0523c1746a1c2,1,4,1,1,OK
same,medplum/medplum,6613,6615,CLEAN,false,false,2026-09-17T00:04:16.897196+00:00,current-pr-heads-at-extraction; not frozen replay OIDs,git version 2.50.1 (Apple Git-155),refs/pull/N/head; --no-tags; depth 80; depth 600 retry if no merge base,git -c diff.renames=true -c diff.algorithm=myers diff --no-ext-diff --no-textconv --unified=0; default whitespace; binary paths count as files and contribute zero hunks,d830ece6ac987fddfbec547400adf4b618b06402,fdd0b80b0924ae1a5001e5597a1bc8048b738a3d,d830ece6ac987fddfbec547400adf4b618b06402,fdd0b80b0924ae1a5001e5597a1bc8048b738a3d,0b2d08767005f160ecded8faaf32e99710ca4074,4cb9bdde1003c3442929ae147d71f8e9fa439015,0b2d08767005f160ecded8faaf32e99710ca4074,4,12,17,29,OK
same,jihadkhawaja/Egroo,211,212,CLEAN,false,false,2026-09-17T00:04:24.548408+00:00,current-pr-heads-at-extraction; not frozen replay OIDs,git version 2.50.1 (Apple Git-155),refs/pull/N/head; --no-tags; depth 80; depth 600 retry if no merge base,git -c diff.renames=true -c diff.algorithm=myers diff --no-ext-diff --no-textconv --unified=0; default whitespace; binary paths count as files and contribute zero hunks,f9bc0814f77182e09dd18a898bfb554192ad7917,15541a51a71fcadea0942d63cf63d0905da45306,f9bc0814f77182e09dd18a898bfb554192ad7917,15541a51a71fcadea0942d63cf63d0905da45306,3049976f025aece2cd7c9d623bf026accdf21ac7,3049976f025aece2cd7c9d623bf026accdf21ac7,3049976f025aece2cd7c9d623bf026accdf21ac7,14,19,12,12,OK
same,tldraw/tldraw,6210,6211,CLEAN,false,false,2026-09-17T00:04:27.754968+00:00,current-pr-heads-at-extraction; not frozen replay OIDs,git version 2.50.1 (Apple Git-155),refs/pull/N/head; --no-tags; depth 80; depth 600 retry if no merge base,git -c diff.renames=true -c diff.algorithm=myers diff --no-ext-diff --no-textconv --unified=0; default whitespace; binary paths count as files and contribute zero hunks,77f443af5119720d948e43645a5fe023db287020,fe2706151159d19bfeff78ce9a03acd8f75c75a8,77f443af5119720d948e43645a5fe023db287020,fe2706151159d19bfeff78ce9a03acd8f75c75a8,2465f32acca232c06382172d93bfe81cbaebbd7c,2465f32acca232c06382172d93bfe81cbaebbd7c,2465f32acca232c06382172d93bfe81cbaebbd7c,1,2,1,2,OK
same,btwld/mix,622,624,CONFLICT,true,true,2026-09-17T00:04:35.477256+00:00,current-pr-heads-at-extraction; not frozen replay OIDs,git version 2.50.1 (Apple Git-155),refs/pull/N/head; --no-tags; depth 80; depth 600 retry if no merge base,git -c diff.renames=true -c diff.algorithm=myers diff --no-ext-diff --no-textconv --unified=0; default whitespace; binary paths count as files and contribute zero hunks,8ba3496be46085c92d4ad741a929c110ff424fb3,5e579dba73e66f02219b63babcbd79aa761457bd,8ba3496be46085c92d4ad741a929c110ff424fb3,5e579dba73e66f02219b63babcbd79aa761457bd,13528426c618455b0a39b5e8775b145c8e3af817,b0469a8561ca2c916fb53b9f960f74eb2b994e05,c711f0a219350d4f426749971f7fa018b82e3586,79,298,1,2,OK
same,freenet/freenet-core,1584,1585,CLEAN,false,false,2026-09-17T00:04:38.732419+00:00,current-pr-heads-at-extraction; not frozen replay OIDs,git version 2.50.1 (Apple Git-155),refs/pull/N/head; --no-tags; depth 80; depth 600 retry if no merge base,git -c diff.renames=true -c diff.algorithm=myers diff --no-ext-diff --no-textconv --unified=0; default whitespace; binary paths count as files and contribute zero hunks,8743f6ac063cc626dfc85da9c8196a1a00bff977,7dba2a24d0c3492fe28ae6542a847336ed3432bd,8743f6ac063cc626dfc85da9c8196a1a00bff977,7dba2a24d0c3492fe28ae6542a847336ed3432bd,8b1f640ef161fc241b735f235d9c750729d7ed77,8b1f640ef161fc241b735f235d9c750729d7ed77,8b1f640ef161fc241b735f235d9c750729d7ed77,1,7,1,9,OK
same,altive/flutter_app_template,563,564,CLEAN,false,false,2026-09-17T00:04:41.700385+00:00,current-pr-heads-at-extraction; not frozen replay OIDs,git version 2.50.1 (Apple Git-155),refs/pull/N/head; --no-tags; depth 80; depth 600 retry if no merge base,git -c diff.renames=true -c diff.algorithm=myers diff --no-ext-diff --no-textconv --unified=0; default whitespace; binary paths count as files and contribute zero hunks,49d277de5d2153f2c096f1368da627c15dc674a1,a9a17abce19dcc67e55489972dcc3e4882dba75d,49d277de5d2153f2c096f1368da627c15dc674a1,a9a17abce19dcc67e55489972dcc3e4882dba75d,d589972b009a2bba035248e8cb168762a6dfdec4,d589972b009a2bba035248e8cb168762a6dfdec4,d589972b009a2bba035248e8cb168762a6dfdec4,29,188,6,6,OK
same,liveblocks/liveblocks,2523,2524,CLEAN,false,false,2026-09-17T00:04:44.502782+00:00,current-pr-heads-at-extraction; not frozen replay OIDs,git version 2.50.1 (Apple Git-155),refs/pull/N/head; --no-tags; depth 80; depth 600 retry if no merge base,git -c diff.renames=true -c diff.algorithm=myers diff --no-ext-diff --no-textconv --unified=0; default whitespace; binary paths count as files and contribute zero hunks,c63c39d6dc72942a65832746b5a5fa1c9e038de4,ada8782ed343f7d370bddda7f23e0c14122b3728,c63c39d6dc72942a65832746b5a5fa1c9e038de4,ada8782ed343f7d370bddda7f23e0c14122b3728,e934a66fe96ff568f05304e58dec73ae388cc782,e934a66fe96ff568f05304e58dec73ae388cc782,e934a66fe96ff568f05304e58dec73ae388cc782,3,3,1,2,OK
same,rainbow-me/rainbowkit,2408,2409,CLEAN,false,false,2026-09-17T00:05:00.288031+00:00,current-pr-heads-at-extraction; not frozen replay OIDs,git version 2.50.1 (Apple Git-155),refs/pull/N/head; --no-tags; depth 80; depth 600 retry if no merge base,git -c diff.renames=true -c diff.algorithm=myers diff --no-ext-diff --no-textconv --unified=0; default whitespace; binary paths count as files and contribute zero hunks,77cbf2bb7477a3614989a2b5627cd329568c1e28,ebf57c054ee39f85325f4e8ac13090772f6f0ef3,77cbf2bb7477a3614989a2b5627cd329568c1e28,ebf57c054ee39f85325f4e8ac13090772f6f0ef3,f6ad6aa5d57cb67265d7b8b77a2b9797d0f7661f,f6ad6aa5d57cb67265d7b8b77a2b9797d0f7661f,f6ad6aa5d57cb67265d7b8b77a2b9797d0f7661f,19,52,3,18,OK
same,apideck-libraries/postman-to-k6,148,149,CLEAN,false,false,2026-09-17T00:05:04.819285+00:00,current-pr-heads-at-extraction; not frozen replay OIDs,git version 2.50.1 (Apple Git-155),refs/pull/N/head; --no-tags; depth 80; depth 600 retry if no merge base,git -c diff.renames=true -c diff.algorithm=myers diff --no-ext-diff --no-textconv --unified=0; default whitespace; binary paths count as files and contribute zero hunks,5dbbd7abacc6ab0747610f168f8bb3e084b38581,1c6118d713b227c1c0ced6cb773494f6d93a90b5,5dbbd7abacc6ab0747610f168f8bb3e084b38581,1c6118d713b227c1c0ced6cb773494f6d93a90b5,71fee9d7c6cbedb544ab03ba16ee51b4d7fec5c4,71fee9d7c6cbedb544ab03ba16ee51b4d7fec5c4,28bacfac676f689d4018fb87e96f37bebb3402d6,5,10,3,8,OK
same,lightdash/lightdash,13224,13245,UNAVAIL_nobase,false,false,2026-09-17T00:05:07.376777+00:00,current-pr-heads-at-extraction; not frozen replay OIDs,git version 2.50.1 (Apple Git-155),refs/pull/N/head; --no-tags; depth 80; depth 600 retry if no merge base,git -c diff.renames=true -c diff.algorithm=myers diff --no-ext-diff --no-textconv --unified=0; default whitespace; binary paths count as files and contribute zero hunks,,,,,,,,,,,,UNAVAIL_nobase
same,Aiko-IT-Systems/DisCatSharp,698,699,CLEAN,false,false,2026-09-17T00:05:07.376994+00:00,current-pr-heads-at-extraction; not frozen replay OIDs,git version 2.50.1 (Apple Git-155),refs/pull/N/head; --no-tags; depth 80; depth 600 retry if no merge base,git -c diff.renames=true -c diff.algorithm=myers diff --no-ext-diff --no-textconv --unified=0; default whitespace; binary paths count as files and contribute zero hunks,ac5dcf4f55be12663fda5561b36d0a95bcc89e0e,1aaf193e18d4397d93f36b24a300ed2475f3ed59,ac5dcf4f55be12663fda5561b36d0a95bcc89e0e,1aaf193e18d4397d93f36b24a300ed2475f3ed59,52191786f0a7d3d46e5668c7126a683c35d0ebda,52191786f0a7d3d46e5668c7126a683c35d0ebda,52191786f0a7d3d46e5668c7126a683c35d0ebda,0,0,0,0,OK
same,AlexGladkov/JetHabit,16,17,CLEAN,false,false,2026-09-17T00:05:12.421131+00:00,current-pr-heads-at-extraction; not frozen replay OIDs,git version 2.50.1 (Apple Git-155),refs/pull/N/head; --no-tags; depth 80; depth 600 retry if no merge base,git -c diff.renames=true -c diff.algorithm=myers diff --no-ext-diff --no-textconv --unified=0; default whitespace; binary paths count as files and contribute zero hunks,aa56a647ba3bc856e5c5fd9c09c6b8728fd9a27f,47a315257f75e4076d6e1390d4249d3d00a56d59,aa56a647ba3bc856e5c5fd9c09c6b8728fd9a27f,47a315257f75e4076d6e1390d4249d3d00a56d59,73b1f8dd26cb7052e5ba7d9d57774c7e0e92d00b,73b1f8dd26cb7052e5ba7d9d57774c7e0e92d00b,73b1f8dd26cb7052e5ba7d9d57774c7e0e92d00b,2,3,3,4,OK
same,calcom/cal.com,18376,18378,CLEAN,false,false,2026-09-17T00:05:15.719134+00:00,current-pr-heads-at-extraction; not frozen replay OIDs,git version 2.50.1 (Apple Git-155),refs/pull/N/head; --no-tags; depth 80; depth 600 retry if no merge base,git -c diff.renames=true -c diff.algorithm=myers diff --no-ext-diff --no-textconv --unified=0; default whitespace; binary paths count as files and contribute zero hunks,8917108ef2ab8de115f6c98c3a68e01341415034,cbfaa737192a59241360adffb9fb7ecb06ad68ad,8917108ef2ab8de115f6c98c3a68e01341415034,cbfaa737192a59241360adffb9fb7ecb06ad68ad,f628dc83a805dbd495e0b7836153f2614a3f7eae,f628dc83a805dbd495e0b7836153f2614a3f7eae,3994929a51ec66476c1abb0ee76ddd795d5ea210,3,13,21,58,OK
same,novuhq/novu,8303,8304,CLEAN,false,false,2026-09-17T00:05:52.062987+00:00,current-pr-heads-at-extraction; not frozen replay OIDs,git version 2.50.1 (Apple Git-155),refs/pull/N/head; --no-tags; depth 80; depth 600 retry if no merge base,git -c diff.renames=true -c diff.algorithm=myers diff --no-ext-diff --no-textconv --unified=0; default whitespace; binary paths count as files and contribute zero hunks,f19511ad78f9af0f3f8bb4488ba9b845dd01043b,e08fe2fa558128b8edcd7b4f7f03fc7d75a942dc,f19511ad78f9af0f3f8bb4488ba9b845dd01043b,e08fe2fa558128b8edcd7b4f7f03fc7d75a942dc,1153c72534185c424a5585dd7f2ef4c38633a86d,1153c72534185c424a5585dd7f2ef4c38633a86d,1153c72534185c424a5585dd7f2ef4c38633a86d,1,1,3,4,OK
same,activeguild/vite-plugin-sass-dts,114,115,CLEAN,false,false,2026-09-17T00:05:58.280435+00:00,current-pr-heads-at-extraction; not frozen replay OIDs,git version 2.50.1 (Apple Git-155),refs/pull/N/head; --no-tags; depth 80; depth 600 retry if no merge base,git -c diff.renames=true -c diff.algorithm=myers diff --no-ext-diff --no-textconv --unified=0; default whitespace; binary paths count as files and contribute zero hunks,906242212b78f0bddccaa86030406976d87891a2,1e86c1cf1c612caad061c6755edd14bcc10bc1a0,906242212b78f0bddccaa86030406976d87891a2,1e86c1cf1c612caad061c6755edd14bcc10bc1a0,f53c87315a45f11c48547420a36f78afcbea4995,f53c87315a45f11c48547420a36f78afcbea4995,f53c87315a45f11c48547420a36f78afcbea4995,2,3,5,523,OK
same,APPFL/APPFL,316,317,CLEAN,false,false,2026-09-17T00:06:01.087331+00:00,current-pr-heads-at-extraction; not frozen replay OIDs,git version 2.50.1 (Apple Git-155),refs/pull/N/head; --no-tags; depth 80; depth 600 retry if no merge base,git -c diff.renames=true -c diff.algorithm=myers diff --no-ext-diff --no-textconv --unified=0; default whitespace; binary paths count as files and contribute zero hunks,2fc6953116deadc8e7f546eb14b14241daa3705d,596af19e4666524132f0c8f1042abc5218aee0c0,2fc6953116deadc8e7f546eb14b14241daa3705d,596af19e4666524132f0c8f1042abc5218aee0c0,cd3645f851b0c12321bcee018c5f34ed6b5d0a0a,cd3645f851b0c12321bcee018c5f34ed6b5d0a0a,cd3645f851b0c12321bcee018c5f34ed6b5d0a0a,1,1,1,1,OK
same,Pikachuxxxx/Razix,424,426,UNAVAIL_fetch,false,false,2026-09-17T00:06:04.717179+00:00,current-pr-heads-at-extraction; not frozen replay OIDs,git version 2.50.1 (Apple Git-155),refs/pull/N/head; --no-tags; depth 80; depth 600 retry if no merge base,git -c diff.renames=true -c diff.algorithm=myers diff --no-ext-diff --no-textconv --unified=0; default whitespace; binary paths count as files and contribute zero hunks,,,,,,,,,,,,UNAVAIL_fetch
same,microsoft/sarif-tools,92,93,CLEAN,false,false,2026-09-17T00:06:04.717527+00:00,current-pr-heads-at-extraction; not frozen replay OIDs,git version 2.50.1 (Apple Git-155),refs/pull/N/head; --no-tags; depth 80; depth 600 retry if no merge base,git -c diff.renames=true -c diff.algorithm=myers diff --no-ext-diff --no-textconv --unified=0; default whitespace; binary paths count as files and contribute zero hunks,e34b0d8d71ec2191b862565bbd7492107fc20d9f,30e725ddd7fbfc3088688b615d91c673d44d8bd8,e34b0d8d71ec2191b862565bbd7492107fc20d9f,30e725ddd7fbfc3088688b615d91c673d44d8bd8,1af43fac8efb7018189207953431739dbf8af1a4,1af43fac8efb7018189207953431739dbf8af1a4,1af43fac8efb7018189207953431739dbf8af1a4,1,1,2,2,OK
same,owid/etl,4426,4427,CLEAN,false,false,2026-09-17T00:06:08.017040+00:00,current-pr-heads-at-extraction; not frozen replay OIDs,git version 2.50.1 (Apple Git-155),refs/pull/N/head; --no-tags; depth 80; depth 600 retry if no merge base,git -c diff.renames=true -c diff.algorithm=myers diff --no-ext-diff --no-textconv --unified=0; default whitespace; binary paths count as files and contribute zero hunks,bf8909659a180386c7dea84d367717c26bc58f20,211cdae5391c595ea4362c1daca2ce19327831bb,bf8909659a180386c7dea84d367717c26bc58f20,211cdae5391c595ea4362c1daca2ce19327831bb,bb75e766570b2ed593f0fa13b75576e032058e35,bb75e766570b2ed593f0fa13b75576e032058e35,bb75e766570b2ed593f0fa13b75576e032058e35,1,1,1,2,OK
same,FerretDB/FerretDB,5183,5356,CLEAN,false,false,2026-09-17T00:06:13.314681+00:00,current-pr-heads-at-extraction; not frozen replay OIDs,git version 2.50.1 (Apple Git-155),refs/pull/N/head; --no-tags; depth 80; depth 600 retry if no merge base,git -c diff.renames=true -c diff.algorithm=myers diff --no-ext-diff --no-textconv --unified=0; default whitespace; binary paths count as files and contribute zero hunks,d3579b73958cd9d244454d374e11ace391cc4037,359ba5e81648653d13238f3c590f5c6af43b0bf4,d3579b73958cd9d244454d374e11ace391cc4037,359ba5e81648653d13238f3c590f5c6af43b0bf4,639484df81adeae8e921376cd9c9454423fc0be3,5a05644fed3aadb1a39d3229d05b6ca3dda7321d,639484df81adeae8e921376cd9c9454423fc0be3,6,9,501,1432,OK
same,pdfme/pdfme,713,714,CLEAN,false,false,2026-09-17T00:06:17.031568+00:00,current-pr-heads-at-extraction; not frozen replay OIDs,git version 2.50.1 (Apple Git-155),refs/pull/N/head; --no-tags; depth 80; depth 600 retry if no merge base,git -c diff.renames=true -c diff.algorithm=myers diff --no-ext-diff --no-textconv --unified=0; default whitespace; binary paths count as files and contribute zero hunks,ed0b5c88fd99956cdcee081ab619f6cf2ce8a87e,53828ed74b666fd4aebb3b7261fce8efe1913135,ed0b5c88fd99956cdcee081ab619f6cf2ce8a87e,53828ed74b666fd4aebb3b7261fce8efe1913135,0b00eea9ae1b3019f24e09a1500bb0ecf3236707,dfd2f1a7cbdb45efafbb8ad784f1d01e2fb6029d,0b00eea9ae1b3019f24e09a1500bb0ecf3236707,18,184,12,14,OK
same,sapphi-red/vite-plugin-static-copy,191,192,CLEAN,false,false,2026-09-17T00:06:32.860301+00:00,current-pr-heads-at-extraction; not frozen replay OIDs,git version 2.50.1 (Apple Git-155),refs/pull/N/head; --no-tags; depth 80; depth 600 retry if no merge base,git -c diff.renames=true -c diff.algorithm=myers diff --no-ext-diff --no-textconv --unified=0; default whitespace; binary paths count as files and contribute zero hunks,0ccab093ff065225bb0f9709e1037452fceed4d4,fbd92975e5119796d5d4e7a65b7a8b7975c90c3a,0ccab093ff065225bb0f9709e1037452fceed4d4,fbd92975e5119796d5d4e7a65b7a8b7975c90c3a,a80b1089e37d95fbf3d38208b13758cb073af055,a80b1089e37d95fbf3d38208b13758cb073af055,a80b1089e37d95fbf3d38208b13758cb073af055,1,1,1,1,OK
same,ElectNewt/Distribt,44,47,CONFLICT,true,true,2026-09-17T00:06:35.696480+00:00,current-pr-heads-at-extraction; not frozen replay OIDs,git version 2.50.1 (Apple Git-155),refs/pull/N/head; --no-tags; depth 80; depth 600 retry if no merge base,git -c diff.renames=true -c diff.algorithm=myers diff --no-ext-diff --no-textconv --unified=0; default whitespace; binary paths count as files and contribute zero hunks,220b405a7656ed90cc60852cfe320761af0284a5,370e3bd2184f3fb34b8788058c27fd6c73bdee57,220b405a7656ed90cc60852cfe320761af0284a5,370e3bd2184f3fb34b8788058c27fd6c73bdee57,705cbf93b5edcc5bd7abd4a4841144542751cfee,7b384ebbd7da7ee925e03c14aad846c90954b009,705cbf93b5edcc5bd7abd4a4841144542751cfee,15,25,11,31,OK
same,softmaple/softmaple,216,218,CLEAN,false,false,2026-09-17T00:06:38.634632+00:00,current-pr-heads-at-extraction; not frozen replay OIDs,git version 2.50.1 (Apple Git-155),refs/pull/N/head; --no-tags; depth 80; depth 600 retry if no merge base,git -c diff.renames=true -c diff.algorithm=myers diff --no-ext-diff --no-textconv --unified=0; default whitespace; binary paths count as files and contribute zero hunks,97beb8aa3195e3f99c76a34c11c0e95b1a5f0650,628957924550696363aa7927899506f6b942631e,97beb8aa3195e3f99c76a34c11c0e95b1a5f0650,628957924550696363aa7927899506f6b942631e,4dfd00473fc55a3a49874ab932f26bd9f081f7d8,f6e3afa0d22e829f24a32950b1b303b36995dee0,50427f89e10f3c70ea6c78a504bfe9df9e2e919b,2,5,2,7,OK
same,andrewlock/NetEscapades.EnumGenerators,156,157,CLEAN,false,false,2026-09-17T00:06:42.365711+00:00,current-pr-heads-at-extraction; not frozen replay OIDs,git version 2.50.1 (Apple Git-155),refs/pull/N/head; --no-tags; depth 80; depth 600 retry if no merge base,git -c diff.renames=true -c diff.algorithm=myers diff --no-ext-diff --no-textconv --unified=0; default whitespace; binary paths count as files and contribute zero hunks,e9d16da14af696de194455dffca85aac6dcc3cba,6773a4702a9df0e256902ea170f85e8fdb856015,e9d16da14af696de194455dffca85aac6dcc3cba,6773a4702a9df0e256902ea170f85e8fdb856015,bed9e9c850ed4a6e5264d7f98ed23d41d4aa1b6d,bed9e9c850ed4a6e5264d7f98ed23d41d4aa1b6d,bed9e9c850ed4a6e5264d7f98ed23d41d4aa1b6d,8,12,0,0,OK
same,Cogmasters/concord,209,210,CLEAN,false,false,2026-09-17T00:06:45.196717+00:00,current-pr-heads-at-extraction; not frozen replay OIDs,git version 2.50.1 (Apple Git-155),refs/pull/N/head; --no-tags; depth 80; depth 600 retry if no merge base,git -c diff.renames=true -c diff.algorithm=myers diff --no-ext-diff --no-textconv --unified=0; default whitespace; binary paths count as files and contribute zero hunks,dc0d6e27e5580d134a5b4e77aed4d582d9870181,7e66220c71bf5d629972406eba902b840fed0723,dc0d6e27e5580d134a5b4e77aed4d582d9870181,7e66220c71bf5d629972406eba902b840fed0723,1484393ba12a999c4a7501927f202dfbff4eb46a,1484393ba12a999c4a7501927f202dfbff4eb46a,1484393ba12a999c4a7501927f202dfbff4eb46a,1,1,2,4,OK
same,pyth-network/pyth-crosschain,2258,2269,CLEAN,false,false,2026-09-17T00:06:49.015056+00:00,current-pr-heads-at-extraction; not frozen replay OIDs,git version 2.50.1 (Apple Git-155),refs/pull/N/head; --no-tags; depth 80; depth 600 retry if no merge base,git -c diff.renames=true -c diff.algorithm=myers diff --no-ext-diff --no-textconv --unified=0; default whitespace; binary paths count as files and contribute zero hunks,617d0f9006cce68fa4869a30c81bad45d0c1883c,fcc2e022038a901d99aa7120e6fe75588e29ea3d,617d0f9006cce68fa4869a30c81bad45d0c1883c,fcc2e022038a901d99aa7120e6fe75588e29ea3d,800bb1aa09e3a9f5dc5470405c884337c611a2e5,2fe9fb8399726aa2885a22e3906623e27b77c1a1,800bb1aa09e3a9f5dc5470405c884337c611a2e5,3,19,147,669,OK
same,SaveTheRbtz/zstd-seekable-format-go,188,189,CLEAN,false,false,2026-09-17T00:06:58.942539+00:00,current-pr-heads-at-extraction; not frozen replay OIDs,git version 2.50.1 (Apple Git-155),refs/pull/N/head; --no-tags; depth 80; depth 600 retry if no merge base,git -c diff.renames=true -c diff.algorithm=myers diff --no-ext-diff --no-textconv --unified=0; default whitespace; binary paths count as files and contribute zero hunks,1b2c8b9f91337295035529b7b13d94e036f635e7,2f3cceaa5bf8522ab66d328b99f10969f5a5d993,1b2c8b9f91337295035529b7b13d94e036f635e7,2f3cceaa5bf8522ab66d328b99f10969f5a5d993,50cdee5f6ad12f0b77ebe3ec33158c4b8735b5c6,50cdee5f6ad12f0b77ebe3ec33158c4b8735b5c6,c45dba3d32cc694b4e4846102a2a36c27beae14e,1,1,1,2,OK
same,Expensify/App,65545,65546,UNAVAIL_fetch,false,false,2026-09-17T00:07:01.459738+00:00,current-pr-heads-at-extraction; not frozen replay OIDs,git version 2.50.1 (Apple Git-155),refs/pull/N/head; --no-tags; depth 80; depth 600 retry if no merge base,git -c diff.renames=true -c diff.algorithm=myers diff --no-ext-diff --no-textconv --unified=0; default whitespace; binary paths count as files and contribute zero hunks,,,,,,,,,,,,UNAVAIL_fetch
same,tomhrr/cosh,167,168,CLEAN,false,false,2026-09-17T00:07:01.460028+00:00,current-pr-heads-at-extraction; not frozen replay OIDs,git version 2.50.1 (Apple Git-155),refs/pull/N/head; --no-tags; depth 80; depth 600 retry if no merge base,git -c diff.renames=true -c diff.algorithm=myers diff --no-ext-diff --no-textconv --unified=0; default whitespace; binary paths count as files and contribute zero hunks,6b581a98e4bb16231f42d5ab3e3842ff9ada7885,3794cb9881e5e8d2c1045e4f64eeba4ad17ec553,6b581a98e4bb16231f42d5ab3e3842ff9ada7885,3794cb9881e5e8d2c1045e4f64eeba4ad17ec553,e6b385fc5ff4aeb4622510afe800a96e88e2db40,e6b385fc5ff4aeb4622510afe800a96e88e2db40,e6b385fc5ff4aeb4622510afe800a96e88e2db40,1,3,1,1,OK
same,PRQL/prql,5286,5289,CLEAN,false,false,2026-09-17T00:07:04.234666+00:00,current-pr-heads-at-extraction; not frozen replay OIDs,git version 2.50.1 (Apple Git-155),refs/pull/N/head; --no-tags; depth 80; depth 600 retry if no merge base,git -c diff.renames=true -c diff.algorithm=myers diff --no-ext-diff --no-textconv --unified=0; default whitespace; binary paths count as files and contribute zero hunks,a625081881d53f3af75ae17fb0cd82ed0f16c938,1a382ab49b6def9b4fb497adba5a7af8e51d2a66,a625081881d53f3af75ae17fb0cd82ed0f16c938,1a382ab49b6def9b4fb497adba5a7af8e51d2a66,1a81b3a5470bdce307a26b7664fe723418dec1b8,8fe9f03c72df79b7ce021303999efdf0a15d86e3,8fe9f03c72df79b7ce021303999efdf0a15d86e3,38,189,8,8,OK
same,amplitude/Amplitude-TypeScript,1104,1105,CLEAN,false,false,2026-09-17T00:07:07.384316+00:00,current-pr-heads-at-extraction; not frozen replay OIDs,git version 2.50.1 (Apple Git-155),refs/pull/N/head; --no-tags; depth 80; depth 600 retry if no merge base,git -c diff.renames=true -c diff.algorithm=myers diff --no-ext-diff --no-textconv --unified=0; default whitespace; binary paths count as files and contribute zero hunks,b523fa94ea5df4bad4c00bd44cdeac84f93e69b6,39c36efeb02b031c623f2dcf2a4d1316c89f4359,b523fa94ea5df4bad4c00bd44cdeac84f93e69b6,39c36efeb02b031c623f2dcf2a4d1316c89f4359,3796c54e3b36f3c432d8c81062b5dde4c98189a5,3796c54e3b36f3c432d8c81062b5dde4c98189a5,f63b1877296c22908674d7a8ef554a60811cc99c,2,2,3,6,OK
same,ika-rwth-aachen/mqtt_client,83,84,CLEAN,false,false,2026-09-17T00:07:11.283363+00:00,current-pr-heads-at-extraction; not frozen replay OIDs,git version 2.50.1 (Apple Git-155),refs/pull/N/head; --no-tags; depth 80; depth 600 retry if no merge base,git -c diff.renames=true -c diff.algorithm=myers diff --no-ext-diff --no-textconv --unified=0; default whitespace; binary paths count as files and contribute zero hunks,a473d38a30794142c9ae4191c83fe4794056f057,f4a7bd6bca8fbcfd4c4a7a7a35efdf34c96cf8d1,a473d38a30794142c9ae4191c83fe4794056f057,f4a7bd6bca8fbcfd4c4a7a7a35efdf34c96cf8d1,73cd0de525721123c5adaaaad80f56ad8c7c219f,0649f996dbef74133945762d9707b832d37bdfa5,f4a7bd6bca8fbcfd4c4a7a7a35efdf34c96cf8d1,23,69,0,0,OK
same,aldinokemal/go-whatsapp-web-multidevice,313,314,CONFLICT,true,true,2026-09-17T00:07:14.336488+00:00,current-pr-heads-at-extraction; not frozen replay OIDs,git version 2.50.1 (Apple Git-155),refs/pull/N/head; --no-tags; depth 80; depth 600 retry if no merge base,git -c diff.renames=true -c diff.algorithm=myers diff --no-ext-diff --no-textconv --unified=0; default whitespace; binary paths count as files and contribute zero hunks,7a3b476632c231c0b888fd4ca17d4698ea5ce5df,5611f64e34ec7d5baa9c1ff1a1f5b55f00845f73,7a3b476632c231c0b888fd4ca17d4698ea5ce5df,5611f64e34ec7d5baa9c1ff1a1f5b55f00845f73,35c4caf3baeedafbcc640f92c9d88b6af4d9a03b,75e9cac568173ae9edfe001bd9f348701e240bfc,75e9cac568173ae9edfe001bd9f348701e240bfc,3,15,1,6,OK
same,Azure/bicep-registry-modules,5600,5601,CLEAN,false,false,2026-09-17T00:07:17.467187+00:00,current-pr-heads-at-extraction; not frozen replay OIDs,git version 2.50.1 (Apple Git-155),refs/pull/N/head; --no-tags; depth 80; depth 600 retry if no merge base,git -c diff.renames=true -c diff.algorithm=myers diff --no-ext-diff --no-textconv --unified=0; default whitespace; binary paths count as files and contribute zero hunks,dc85b3a899d41e66cc0c94cc31203785e71633cc,84bf70c0bc8520ff730dbb9b196ae08a0f1490de,dc85b3a899d41e66cc0c94cc31203785e71633cc,84bf70c0bc8520ff730dbb9b196ae08a0f1490de,01c8a7041858906abc4b15e88107719a1bc86b15,3e0216ed025ddd8da8720ed0f14ef912d7ddc88e,01c8a7041858906abc4b15e88107719a1bc86b15,15,44,29,101,OK
same,tinyplex/tinybase,250,251,CLEAN,false,false,2026-09-17T00:07:23.028087+00:00,current-pr-heads-at-extraction; not frozen replay OIDs,git version 2.50.1 (Apple Git-155),refs/pull/N/head; --no-tags; depth 80; depth 600 retry if no merge base,git -c diff.renames=true -c diff.algorithm=myers diff --no-ext-diff --no-textconv --unified=0; default whitespace; binary paths count as files and contribute zero hunks,93468add14e72a334557ddc26efaa55a9e5a91d7,48994ba2a508304680b22fd9a509878292c5fc47,93468add14e72a334557ddc26efaa55a9e5a91d7,48994ba2a508304680b22fd9a509878292c5fc47,25ac8c5e8d3b44e9a2b36fc8ccc1777db5911a80,25ac8c5e8d3b44e9a2b36fc8ccc1777db5911a80,25ac8c5e8d3b44e9a2b36fc8ccc1777db5911a80,1,1,1,1,OK
same,canvasxyz/canvas,492,493,CLEAN,false,false,2026-09-17T00:07:28.810757+00:00,current-pr-heads-at-extraction; not frozen replay OIDs,git version 2.50.1 (Apple Git-155),refs/pull/N/head; --no-tags; depth 80; depth 600 retry if no merge base,git -c diff.renames=true -c diff.algorithm=myers diff --no-ext-diff --no-textconv --unified=0; default whitespace; binary paths count as files and contribute zero hunks,03b5b12e086ff9c52d7cea3b36d3a8a1e3892903,482b660808331983723434291fc194dab02e2f51,03b5b12e086ff9c52d7cea3b36d3a8a1e3892903,482b660808331983723434291fc194dab02e2f51,fa1eaa1cfb6349586cd09720c1944ec852551b91,fa1eaa1cfb6349586cd09720c1944ec852551b91,03b5b12e086ff9c52d7cea3b36d3a8a1e3892903,0,0,12,21,OK
same,PaloAltoNetworks/docusaurus-openapi-docs,1166,1168,CLEAN,false,false,2026-09-17T00:07:32.987523+00:00,current-pr-heads-at-extraction; not frozen replay OIDs,git version 2.50.1 (Apple Git-155),refs/pull/N/head; --no-tags; depth 80; depth 600 retry if no merge base,git -c diff.renames=true -c diff.algorithm=myers diff --no-ext-diff --no-textconv --unified=0; default whitespace; binary paths count as files and contribute zero hunks,572eef66453de967f85a402fb85b1ca6d8724b74,54429379fa7a381553a05fce557c7204811a6dcc,572eef66453de967f85a402fb85b1ca6d8724b74,54429379fa7a381553a05fce557c7204811a6dcc,5fb1191fa5733ff27c05758cb4aa177f3a271dd1,5fb1191fa5733ff27c05758cb4aa177f3a271dd1,128d240d14f7a6f2d1ecb50c66e2e4a703f1dbe0,5,12,12,13,OK
same,green-coding-solutions/green-metrics-tool,1253,1255,CLEAN,false,false,2026-09-17T00:07:35.891597+00:00,current-pr-heads-at-extraction; not frozen replay OIDs,git version 2.50.1 (Apple Git-155),refs/pull/N/head; --no-tags; depth 80; depth 600 retry if no merge base,git -c diff.renames=true -c diff.algorithm=myers diff --no-ext-diff --no-textconv --unified=0; default whitespace; binary paths count as files and contribute zero hunks,7e458ee8d61f149875c7a1d270f1196e69f7f71d,7b274ea9c225a9160de2d1b3d7bc5e4e60b7f86d,7e458ee8d61f149875c7a1d270f1196e69f7f71d,7b274ea9c225a9160de2d1b3d7bc5e4e60b7f86d,83cbeddc7e9e0b7550e344c059c78b88da723f38,6d5cdacaa1a161a53fa2310f8c7b5ddec654add2,0db8f9c629e35a960e1f748f42b89161fd9d0937,10,16,16,57,OK
same,jaseci-labs/jaseci,1885,1886,CLEAN,false,false,2026-09-17T00:07:39.463050+00:00,current-pr-heads-at-extraction; not frozen replay OIDs,git version 2.50.1 (Apple Git-155),refs/pull/N/head; --no-tags; depth 80; depth 600 retry if no merge base,git -c diff.renames=true -c diff.algorithm=myers diff --no-ext-diff --no-textconv --unified=0; default whitespace; binary paths count as files and contribute zero hunks,8707755e1efd2eed314135cf832716252a9d6fcf,897517a1af1598ca0661bd15261d8972b0db3d64,8707755e1efd2eed314135cf832716252a9d6fcf,897517a1af1598ca0661bd15261d8972b0db3d64,38360ae572b11d6f5b4e5939be1e8e57de47a4a4,d8c150f976931f48cc467ead483ca0f80e874f0c,897517a1af1598ca0661bd15261d8972b0db3d64,6,50,0,0,OK
same,Bandit-HaxUnit/haxunit,35,36,CLEAN,false,false,2026-09-17T00:07:54.215098+00:00,current-pr-heads-at-extraction; not frozen replay OIDs,git version 2.50.1 (Apple Git-155),refs/pull/N/head; --no-tags; depth 80; depth 600 retry if no merge base,git -c diff.renames=true -c diff.algorithm=myers diff --no-ext-diff --no-textconv --unified=0; default whitespace; binary paths count as files and contribute zero hunks,89734129e1ddfaee7a0ff33d431e436731301017,a32ba7eb06589a4da229f16cedb237e061f7b08c,89734129e1ddfaee7a0ff33d431e436731301017,a32ba7eb06589a4da229f16cedb237e061f7b08c,8b355d32627f912a9e43d35f4971fa4eef4b3fc3,8b355d32627f912a9e43d35f4971fa4eef4b3fc3,8b355d32627f912a9e43d35f4971fa4eef4b3fc3,9,16,1,5,OK
same,seasonedcc/remix-forms,306,307,CLEAN,false,false,2026-09-17T00:07:56.797768+00:00,current-pr-heads-at-extraction; not frozen replay OIDs,git version 2.50.1 (Apple Git-155),refs/pull/N/head; --no-tags; depth 80; depth 600 retry if no merge base,git -c diff.renames=true -c diff.algorithm=myers diff --no-ext-diff --no-textconv --unified=0; default whitespace; binary paths count as files and contribute zero hunks,c6f5cfb2c13ad9b9b66d26be8727a7dd8c84519d,2c8526eee02a9f40e1e3909f98e4a856443df06e,c6f5cfb2c13ad9b9b66d26be8727a7dd8c84519d,2c8526eee02a9f40e1e3909f98e4a856443df06e,a1250c005e40e8ddf8cdeee9152cc8d1e85843c0,a1250c005e40e8ddf8cdeee9152cc8d1e85843c0,a1250c005e40e8ddf8cdeee9152cc8d1e85843c0,4,10,3,3,OK
same,microsoft/onnxscript,2381,2382,CLEAN,false,false,2026-09-17T00:07:59.690245+00:00,current-pr-heads-at-extraction; not frozen replay OIDs,git version 2.50.1 (Apple Git-155),refs/pull/N/head; --no-tags; depth 80; depth 600 retry if no merge base,git -c diff.renames=true -c diff.algorithm=myers diff --no-ext-diff --no-textconv --unified=0; default whitespace; binary paths count as files and contribute zero hunks,50d86f16a4be3ebd861974491c19511a9a8878fb,690aa9562682a0ed977380efd300c545a79aa336,50d86f16a4be3ebd861974491c19511a9a8878fb,690aa9562682a0ed977380efd300c545a79aa336,b76e1b324bf3ce955cf7823a3b680ed4831a3209,8ed3521a5040daa1a517fe9baa987c6cf48621b9,b76e1b324bf3ce955cf7823a3b680ed4831a3209,3,4,205,1026,OK
same,coder/coder,17940,17971,CLEAN,false,false,2026-09-17T00:08:02.549796+00:00,current-pr-heads-at-extraction; not frozen replay OIDs,git version 2.50.1 (Apple Git-155),refs/pull/N/head; --no-tags; depth 80; depth 600 retry if no merge base,git -c diff.renames=true -c diff.algorithm=myers diff --no-ext-diff --no-textconv --unified=0; default whitespace; binary paths count as files and contribute zero hunks,37edfb93fdc372b939de2cda489cba81c817a6a2,52a31d2cdbc02aa2aafdfe25542de6a4d851a882,37edfb93fdc372b939de2cda489cba81c817a6a2,52a31d2cdbc02aa2aafdfe25542de6a4d851a882,769c9ee3372c45dea1085eb5c663363cdf14bf65,c6bece0ec5fefd331435d1ddabbc476cfac2c583,e5758a12c778e461a71dbab30ee7a07809e15c7c,4,12,74,394,OK
same,seasonedcc/composable-functions,178,179,CLEAN,false,false,2026-09-17T00:08:13.295664+00:00,current-pr-heads-at-extraction; not frozen replay OIDs,git version 2.50.1 (Apple Git-155),refs/pull/N/head; --no-tags; depth 80; depth 600 retry if no merge base,git -c diff.renames=true -c diff.algorithm=myers diff --no-ext-diff --no-textconv --unified=0; default whitespace; binary paths count as files and contribute zero hunks,f58cfd06c36cfe2933f3242e37ea6cdca2f9b448,b31cbebd2b3f19475c2cbb6a8c6f28182de3e015,f58cfd06c36cfe2933f3242e37ea6cdca2f9b448,b31cbebd2b3f19475c2cbb6a8c6f28182de3e015,8b5a89fd232fe23384b7303adff60c5bd8612e54,f58cfd06c36cfe2933f3242e37ea6cdca2f9b448,f58cfd06c36cfe2933f3242e37ea6cdca2f9b448,0,0,1,4,OK
same,ar-io/ar-io-node,390,391,CLEAN,false,false,2026-09-17T00:08:16.047988+00:00,current-pr-heads-at-extraction; not frozen replay OIDs,git version 2.50.1 (Apple Git-155),refs/pull/N/head; --no-tags; depth 80; depth 600 retry if no merge base,git -c diff.renames=true -c diff.algorithm=myers diff --no-ext-diff --no-textconv --unified=0; default whitespace; binary paths count as files and contribute zero hunks,9ce062a160818c6ed4901eb35a7a66db768bd508,c729dcd3fbb131510ba71d33a925698546a33983,9ce062a160818c6ed4901eb35a7a66db768bd508,c729dcd3fbb131510ba71d33a925698546a33983,c1bba78e2fe58a040758511feffd4281ec5bb79a,aa332aba46d3161de5ab7d0aa4175cf587c9b293,c1bba78e2fe58a040758511feffd4281ec5bb79a,1,1,1,1,OK
same,autumn-library/autumn,121,123,CLEAN,false,false,2026-09-17T00:08:18.419899+00:00,current-pr-heads-at-extraction; not frozen replay OIDs,git version 2.50.1 (Apple Git-155),refs/pull/N/head; --no-tags; depth 80; depth 600 retry if no merge base,git -c diff.renames=true -c diff.algorithm=myers diff --no-ext-diff --no-textconv --unified=0; default whitespace; binary paths count as files and contribute zero hunks,37f7925c3f780168df7123c974f8432d7c991da5,1530d154196905e06fa9455a3488c431dc1cd3cf,37f7925c3f780168df7123c974f8432d7c991da5,1530d154196905e06fa9455a3488c431dc1cd3cf,058ea22968dad5d2a254eb25a78c747f160c1a15,08d16289b5a3234932719af74bd5c4bdbf30db30,058ea22968dad5d2a254eb25a78c747f160c1a15,3,17,5,5,OK
same,safe-global/safe-wallet-monorepo,5920,5944,CLEAN,false,false,2026-09-17T00:08:20.978494+00:00,current-pr-heads-at-extraction; not frozen replay OIDs,git version 2.50.1 (Apple Git-155),refs/pull/N/head; --no-tags; depth 80; depth 600 retry if no merge base,git -c diff.renames=true -c diff.algorithm=myers diff --no-ext-diff --no-textconv --unified=0; default whitespace; binary paths count as files and contribute zero hunks,603d25fd1c696a5eab54a7c2706c8a9b49b3c2d5,ad2e75077e2d03dfc64495992f6cb15e0dfcc9af,603d25fd1c696a5eab54a7c2706c8a9b49b3c2d5,ad2e75077e2d03dfc64495992f6cb15e0dfcc9af,8d026a4ff0a8ff9e2dc8d3436fc45a84b9977fe8,f6526cb4017b77417ef71cd5b05cd032ff069359,f6526cb4017b77417ef71cd5b05cd032ff069359,132,238,1,1,OK
same,web-infra-dev/rspack,10963,10964,CLEAN,false,false,2026-09-17T00:08:24.571038+00:00,current-pr-heads-at-extraction; not frozen replay OIDs,git version 2.50.1 (Apple Git-155),refs/pull/N/head; --no-tags; depth 80; depth 600 retry if no merge base,git -c diff.renames=true -c diff.algorithm=myers diff --no-ext-diff --no-textconv --unified=0; default whitespace; binary paths count as files and contribute zero hunks,c1612434bcaa384f858ab0ad5bc8251104a40280,835c4d97b88b544ea109b9b08b3c335d12425c4a,c1612434bcaa384f858ab0ad5bc8251104a40280,835c4d97b88b544ea109b9b08b3c335d12425c4a,e45c1780fb29e9f262db7594e1473d7b81b1b9ed,e45c1780fb29e9f262db7594e1473d7b81b1b9ed,e45c1780fb29e9f262db7594e1473d7b81b1b9ed,3,3,1,6,OK
same,cloudwego/pilota,314,316,CLEAN,false,false,2026-09-17T00:08:29.226308+00:00,current-pr-heads-at-extraction; not frozen replay OIDs,git version 2.50.1 (Apple Git-155),refs/pull/N/head; --no-tags; depth 80; depth 600 retry if no merge base,git -c diff.renames=true -c diff.algorithm=myers diff --no-ext-diff --no-textconv --unified=0; default whitespace; binary paths count as files and contribute zero hunks,4e1a3f272825b65b5e13126b5c1e3be661fb9639,721b8e617cb0c3949a159edc468c9862825b1bb7,4e1a3f272825b65b5e13126b5c1e3be661fb9639,721b8e617cb0c3949a159edc468c9862825b1bb7,bb0574a57ad0c8e008595434b80f46bc0109a13a,d7f2454b5642463afe271f66dde28d0ee9881b47,d7f2454b5642463afe271f66dde28d0ee9881b47,14,135,1,1,OK
same,rocket-admin/rocketadmin,1231,1241,CLEAN,false,false,2026-09-17T00:08:32.569212+00:00,current-pr-heads-at-extraction; not frozen replay OIDs,git version 2.50.1 (Apple Git-155),refs/pull/N/head; --no-tags; depth 80; depth 600 retry if no merge base,git -c diff.renames=true -c diff.algorithm=myers diff --no-ext-diff --no-textconv --unified=0; default whitespace; binary paths count as files and contribute zero hunks,2590fdedf1f78a94df15cb2e8886002b03683470,93999bf55ad4a073da6efe0558e3c52f41f17ea5,2590fdedf1f78a94df15cb2e8886002b03683470,93999bf55ad4a073da6efe0558e3c52f41f17ea5,f646f10ea8efe98e5c12ed96f1d791efbc935e94,63d337a92813461d5653fb220cb744d098e45a6a,f646f10ea8efe98e5c12ed96f1d791efbc935e94,1,1,92,965,OK
same,whitphx/stlite,1234,1245,CONFLICT,true,true,2026-09-17T00:08:36.207303+00:00,current-pr-heads-at-extraction; not frozen replay OIDs,git version 2.50.1 (Apple Git-155),refs/pull/N/head; --no-tags; depth 80; depth 600 retry if no merge base,git -c diff.renames=true -c diff.algorithm=myers diff --no-ext-diff --no-textconv --unified=0; default whitespace; binary paths count as files and contribute zero hunks,1b3415431c8d5ab71494e8bfb86e9e4734fc5c7e,6c56b6c6c10d02195334899d06862f06f4aba021,1b3415431c8d5ab71494e8bfb86e9e4734fc5c7e,6c56b6c6c10d02195334899d06862f06f4aba021,81c9acefc3dc84a17e72e44c533dc51137b9efa7,6fad146ebd58294f4fc64784af0823a0cf5fb87e,81c9acefc3dc84a17e72e44c533dc51137b9efa7,16,30,48,115,OK
same,StarRocks/starrocks,61219,61224,CLEAN,false,false,2026-09-17T00:08:38.761242+00:00,current-pr-heads-at-extraction; not frozen replay OIDs,git version 2.50.1 (Apple Git-155),refs/pull/N/head; --no-tags; depth 80; depth 600 retry if no merge base,git -c diff.renames=true -c diff.algorithm=myers diff --no-ext-diff --no-textconv --unified=0; default whitespace; binary paths count as files and contribute zero hunks,5cbcc50f880921c2ea0430822c0311b8021cae91,a7d0811995a78cb9d5ee10eb8c4517a02bdf28cf,5cbcc50f880921c2ea0430822c0311b8021cae91,a7d0811995a78cb9d5ee10eb8c4517a02bdf28cf,0fc010c5be8b59270da3d516d847a8b10dc510bb,167adca4718195b60c14572cf2dee11d2ae7c316,282ba40a24c333fa4bb2b12a2e0a19a3dbf389e9,3,3,50,88,OK
same,microsoft/sbom-tool,1092,1094,CLEAN,false,false,2026-09-17T00:08:58.829321+00:00,current-pr-heads-at-extraction; not frozen replay OIDs,git version 2.50.1 (Apple Git-155),refs/pull/N/head; --no-tags; depth 80; depth 600 retry if no merge base,git -c diff.renames=true -c diff.algorithm=myers diff --no-ext-diff --no-textconv --unified=0; default whitespace; binary paths count as files and contribute zero hunks,5d9e8428577b237f79d80efe626e6a672c622fdc,c45dcb381f96faf7afc455e35ce3a7d252352127,5d9e8428577b237f79d80efe626e6a672c622fdc,c45dcb381f96faf7afc455e35ce3a7d252352127,185d766ef537a36c16469e2cd03fee1cc361699d,185d766ef537a36c16469e2cd03fee1cc361699d,185d766ef537a36c16469e2cd03fee1cc361699d,2,16,1,1,OK
same,stanford-crfm/levanter,996,1004,CONFLICT,true,true,2026-09-17T00:09:02.101328+00:00,current-pr-heads-at-extraction; not frozen replay OIDs,git version 2.50.1 (Apple Git-155),refs/pull/N/head; --no-tags; depth 80; depth 600 retry if no merge base,git -c diff.renames=true -c diff.algorithm=myers diff --no-ext-diff --no-textconv --unified=0; default whitespace; binary paths count as files and contribute zero hunks,4a03c581c1d7ad95a99d8dde4f96e4c63610bccd,c8d6055fef6fcb26f2de1ebc56ce1111dc54a281,4a03c581c1d7ad95a99d8dde4f96e4c63610bccd,c8d6055fef6fcb26f2de1ebc56ce1111dc54a281,51c551bda7fd535ae1a873cb0a634ed3900dad5c,63adf6aaae4a10e2514d8f3b2e710d2c98e7be1f,51c551bda7fd535ae1a873cb0a634ed3900dad5c,4,20,66,291,OK
same,briangu/klongpy,11,12,CLEAN,false,false,2026-09-17T00:09:05.002255+00:00,current-pr-heads-at-extraction; not frozen replay OIDs,git version 2.50.1 (Apple Git-155),refs/pull/N/head; --no-tags; depth 80; depth 600 retry if no merge base,git -c diff.renames=true -c diff.algorithm=myers diff --no-ext-diff --no-textconv --unified=0; default whitespace; binary paths count as files and contribute zero hunks,deb788500c6ae0fdb676c0618f17875a3722b5ef,014f4c96c17b4094625db112e13e3e731ad93e32,deb788500c6ae0fdb676c0618f17875a3722b5ef,014f4c96c17b4094625db112e13e3e731ad93e32,ae0242b007a1120d304a4a5d254d3dae5cdc0c02,ae0242b007a1120d304a4a5d254d3dae5cdc0c02,ae0242b007a1120d304a4a5d254d3dae5cdc0c02,1,1,3,3,OK
same,odigos-io/odigos,2962,2997,CONFLICT,true,true,2026-09-17T00:09:07.835212+00:00,current-pr-heads-at-extraction; not frozen replay OIDs,git version 2.50.1 (Apple Git-155),refs/pull/N/head; --no-tags; depth 80; depth 600 retry if no merge base,git -c diff.renames=true -c diff.algorithm=myers diff --no-ext-diff --no-textconv --unified=0; default whitespace; binary paths count as files and contribute zero hunks,82039f51da61fa0ad2a4b6f675c65f4ddabbcce1,32dc5430eac3a30839a0d3c0dbbd6c3379345243,82039f51da61fa0ad2a4b6f675c65f4ddabbcce1,32dc5430eac3a30839a0d3c0dbbd6c3379345243,816e76a81b9cd4efad3a98df339c74b59440cf01,1dcc1f384d2e6737722b1011780e0c92b8a645aa,816e76a81b9cd4efad3a98df339c74b59440cf01,39,109,89,244,OK
same,fireship-io/flamethrower,95,96,CLEAN,false,false,2026-09-17T00:09:10.977112+00:00,current-pr-heads-at-extraction; not frozen replay OIDs,git version 2.50.1 (Apple Git-155),refs/pull/N/head; --no-tags; depth 80; depth 600 retry if no merge base,git -c diff.renames=true -c diff.algorithm=myers diff --no-ext-diff --no-textconv --unified=0; default whitespace; binary paths count as files and contribute zero hunks,7f9f9949d2f9a6e1f287c70ff44d47c438e04cb6,45e35cf3f16b60c34ec3e08bf3cf3d7f4b2928a5,7f9f9949d2f9a6e1f287c70ff44d47c438e04cb6,45e35cf3f16b60c34ec3e08bf3cf3d7f4b2928a5,79883a4fb64cc2f2b29f465c7c9556111c58e7ae,79883a4fb64cc2f2b29f465c7c9556111c58e7ae,79883a4fb64cc2f2b29f465c7c9556111c58e7ae,3,4,8,8,OK
same,obi1kenobi/cargo-semver-checks,1298,1299,CLEAN,false,false,2026-09-17T00:09:13.374088+00:00,current-pr-heads-at-extraction; not frozen replay OIDs,git version 2.50.1 (Apple Git-155),refs/pull/N/head; --no-tags; depth 80; depth 600 retry if no merge base,git -c diff.renames=true -c diff.algorithm=myers diff --no-ext-diff --no-textconv --unified=0; default whitespace; binary paths count as files and contribute zero hunks,a3bd3f4c2386f804531925a3f988982b1d779980,bd168cf1891f342e22981c47948b18b4fa0d0302,a3bd3f4c2386f804531925a3f988982b1d779980,bd168cf1891f342e22981c47948b18b4fa0d0302,b9b518810d104e22d76ac1c80203928449c39236,b9b518810d104e22d76ac1c80203928449c39236,b9b518810d104e22d76ac1c80203928449c39236,1,1,1,1,OK
same,LIT-Protocol/js-sdk,754,755,UNAVAIL_fetch,false,false,2026-09-17T00:09:16.179645+00:00,current-pr-heads-at-extraction; not frozen replay OIDs,git version 2.50.1 (Apple Git-155),refs/pull/N/head; --no-tags; depth 80; depth 600 retry if no merge base,git -c diff.renames=true -c diff.algorithm=myers diff --no-ext-diff --no-textconv --unified=0; default whitespace; binary paths count as files and contribute zero hunks,,,,,,,,,,,,UNAVAIL_fetch
same,cornerstonejs/cornerstone3D,1998,1999,CLEAN,false,false,2026-09-17T00:09:16.179862+00:00,current-pr-heads-at-extraction; not frozen replay OIDs,git version 2.50.1 (Apple Git-155),refs/pull/N/head; --no-tags; depth 80; depth 600 retry if no merge base,git -c diff.renames=true -c diff.algorithm=myers diff --no-ext-diff --no-textconv --unified=0; default whitespace; binary paths count as files and contribute zero hunks,5e3bf32780b7a7883798073868533481d8883a9d,a6b91b51023da8138b797b0fa525bf12a2b96a19,5e3bf32780b7a7883798073868533481d8883a9d,a6b91b51023da8138b797b0fa525bf12a2b96a19,dc597b129405db35dd28ab2484ee246437f30bb4,dc597b129405db35dd28ab2484ee246437f30bb4,dc597b129405db35dd28ab2484ee246437f30bb4,1,3,1,9,OK
same,dotnet/dev-proxy,1267,1274,CLEAN,false,false,2026-09-16T23:32:04.413535+00:00,current-pr-heads-at-extraction; not frozen replay OIDs,git version 2.50.1 (Apple Git-155),refs/pull/N/head; --no-tags; depth 80; depth 600 retry if no merge base,git -c diff.renames=true -c diff.algorithm=myers diff --no-ext-diff --no-textconv --unified=0; default whitespace; binary paths count as files and contribute zero hunks,317a2e52a9d8c04d0ac0b45980b2415a416f1834,ad054dd7b5de428a62d8c16ef4314440dd9bd219,317a2e52a9d8c04d0ac0b45980b2415a416f1834,ad054dd7b5de428a62d8c16ef4314440dd9bd219,8e2b86e0886755f2b269aff8ea83a6803777db1d,5a41e4d4c73de632bc9001bfa2581cc46936478c,5a41e4d4c73de632bc9001bfa2581cc46936478c,102,191,2,2,OK
same,valkey-io/valkey-glide,4262,4263,CLEAN,false,false,2026-09-16T23:32:07.874311+00:00,current-pr-heads-at-extraction; not frozen replay OIDs,git version 2.50.1 (Apple Git-155),refs/pull/N/head; --no-tags; depth 80; depth 600 retry if no merge base,git -c diff.renames=true -c diff.algorithm=myers diff --no-ext-diff --no-textconv --unified=0; default whitespace; binary paths count as files and contribute zero hunks,5f16ba3085135003da8751901516ab8c8d3be751,196138e4d61fb0bcac39963248c826d977bbec4f,5f16ba3085135003da8751901516ab8c8d3be751,196138e4d61fb0bcac39963248c826d977bbec4f,1fae2718a9c4e5a3c5f14c69f1298f1dc82e3985,adea9e9279eddb7a7c1832de310456334850612b,adea9e9279eddb7a7c1832de310456334850612b,45,1229,0,0,OK
same,formbricks/formbricks,5819,5829,CLEAN,false,false,2026-09-16T23:32:11.716647+00:00,current-pr-heads-at-extraction; not frozen replay OIDs,git version 2.50.1 (Apple Git-155),refs/pull/N/head; --no-tags; depth 80; depth 600 retry if no merge base,git -c diff.renames=true -c diff.algorithm=myers diff --no-ext-diff --no-textconv --unified=0; default whitespace; binary paths count as files and contribute zero hunks,b14c3e86bd48896760204c852863bd7d5275a824,f30e5357400f40dabb6f78a90b81468a171bc878,b14c3e86bd48896760204c852863bd7d5275a824,f30e5357400f40dabb6f78a90b81468a171bc878,87870919ca95d1eaf3be53fad1a510ae08a8cb26,76780840611d65bd940a344919720d1a1b6ea19e,5aeb92eb4f9a9ea70dfa7e9302af215f6c4e6620,1,4,32,906,OK
same,opsmill/infrahub,6753,6754,CLEAN,false,false,2026-09-16T23:32:27.780547+00:00,current-pr-heads-at-extraction; not frozen replay OIDs,git version 2.50.1 (Apple Git-155),refs/pull/N/head; --no-tags; depth 80; depth 600 retry if no merge base,git -c diff.renames=true -c diff.algorithm=myers diff --no-ext-diff --no-textconv --unified=0; default whitespace; binary paths count as files and contribute zero hunks,54d9962d4cb3c45e47f531635a619ee717f1f749,62d490e665ba4d2d55deeb2f120b465446cef3d6,54d9962d4cb3c45e47f531635a619ee717f1f749,62d490e665ba4d2d55deeb2f120b465446cef3d6,3ddaf117a71b5b2bc22035acf9ee98a33142915c,3ddaf117a71b5b2bc22035acf9ee98a33142915c,3ddaf117a71b5b2bc22035acf9ee98a33142915c,3,3,0,0,OK
same,Azure/awesome-azd,630,631,CONFLICT,true,true,2026-09-16T23:32:33.830268+00:00,current-pr-heads-at-extraction; not frozen replay OIDs,git version 2.50.1 (Apple Git-155),refs/pull/N/head; --no-tags; depth 80; depth 600 retry if no merge base,git -c diff.renames=true -c diff.algorithm=myers diff --no-ext-diff --no-textconv --unified=0; default whitespace; binary paths count as files and contribute zero hunks,6e29cbfbb70174858e3e84bc1c455c6b8d068495,352b093b8eff156a8207a9e9973374282ea2f440,6e29cbfbb70174858e3e84bc1c455c6b8d068495,352b093b8eff156a8207a9e9973374282ea2f440,9fbfa8e2ba8b9538a07749666689af7e9c18c7a8,ac5b58adea352d3d12e638055cde7c25f659ba9f,ac5b58adea352d3d12e638055cde7c25f659ba9f,6,21,3,16,OK
same,lukasoppermann/style-dictionary-utils,116,118,CLEAN,false,false,2026-09-16T23:32:44.881998+00:00,current-pr-heads-at-extraction; not frozen replay OIDs,git version 2.50.1 (Apple Git-155),refs/pull/N/head; --no-tags; depth 80; depth 600 retry if no merge base,git -c diff.renames=true -c diff.algorithm=myers diff --no-ext-diff --no-textconv --unified=0; default whitespace; binary paths count as files and contribute zero hunks,d8c02c14ef12e751ad1e8aa43a858348b1b3ef6c,7a0128c3c293538cb030f2ff3cf8f7a93c965ddb,d8c02c14ef12e751ad1e8aa43a858348b1b3ef6c,7a0128c3c293538cb030f2ff3cf8f7a93c965ddb,91b9aa6f53527cf9650a076f956e901366ab7ca5,5aec0db319d4e874cdca61b1d4c17ad967a67588,7a0128c3c293538cb030f2ff3cf8f7a93c965ddb,9,15,0,0,OK
same,TobikoData/sqlmesh,4720,4725,CLEAN,false,false,2026-09-16T23:32:47.419933+00:00,current-pr-heads-at-extraction; not frozen replay OIDs,git version 2.50.1 (Apple Git-155),refs/pull/N/head; --no-tags; depth 80; depth 600 retry if no merge base,git -c diff.renames=true -c diff.algorithm=myers diff --no-ext-diff --no-textconv --unified=0; default whitespace; binary paths count as files and contribute zero hunks,f39b84cb85aa896cbbb522fa5f63e93966b657a2,c8b0b7a3115a487283a96c7ea1692a52f1918a44,f39b84cb85aa896cbbb522fa5f63e93966b657a2,c8b0b7a3115a487283a96c7ea1692a52f1918a44,e748f6f27206e37f327bf9c16dc23b6c9f165a77,a9ef531fa4b1aa149452d276061d9b9168ec6589,8ff6aa211603ebdf294ff925b04873fa0bc3d1e8,3,11,15,38,OK
same,invoke-ai/InvokeAI,8167,8168,CLEAN,false,false,2026-09-16T23:32:56.633561+00:00,current-pr-heads-at-extraction; not frozen replay OIDs,git version 2.50.1 (Apple Git-155),refs/pull/N/head; --no-tags; depth 80; depth 600 retry if no merge base,git -c diff.renames=true -c diff.algorithm=myers diff --no-ext-diff --no-textconv --unified=0; default whitespace; binary paths count as files and contribute zero hunks,aafcefc8cab3563aa40dde44067d4664591521a3,d29b4b19c18ae4b001a17195d87540d32fbcbc8d,aafcefc8cab3563aa40dde44067d4664591521a3,d29b4b19c18ae4b001a17195d87540d32fbcbc8d,c6126c687571f7654dfab41f34c25a3778caec7a,8d82ad6d0b04b05d62ede7efc180f14974d93703,c6126c687571f7654dfab41f34c25a3778caec7a,1,1,7,35,OK
same,neondatabase/autoscaling,1352,1353,CLEAN,false,false,2026-09-16T23:33:21.277061+00:00,current-pr-heads-at-extraction; not frozen replay OIDs,git version 2.50.1 (Apple Git-155),refs/pull/N/head; --no-tags; depth 80; depth 600 retry if no merge base,git -c diff.renames=true -c diff.algorithm=myers diff --no-ext-diff --no-textconv --unified=0; default whitespace; binary paths count as files and contribute zero hunks,3f6e9017b707e3526f78bcb549b021ac8f4c5bce,0b0e2139a5aeadcfe7fa5e72ec30bb4ed7973ca1,3f6e9017b707e3526f78bcb549b021ac8f4c5bce,0b0e2139a5aeadcfe7fa5e72ec30bb4ed7973ca1,636db60f7af46b2bcb40882b5001534eb11cec9d,636db60f7af46b2bcb40882b5001534eb11cec9d,636db60f7af46b2bcb40882b5001534eb11cec9d,7,20,8,17,OK
same,barter-rs/barter-rs,186,188,CLEAN,false,false,2026-09-16T23:33:23.982091+00:00,current-pr-heads-at-extraction; not frozen replay OIDs,git version 2.50.1 (Apple Git-155),refs/pull/N/head; --no-tags; depth 80; depth 600 retry if no merge base,git -c diff.renames=true -c diff.algorithm=myers diff --no-ext-diff --no-textconv --unified=0; default whitespace; binary paths count as files and contribute zero hunks,c5aeb96af4b5fa002791324e708f8409c02e6966,c5aeb96af4b5fa002791324e708f8409c02e6966,c5aeb96af4b5fa002791324e708f8409c02e6966,c5aeb96af4b5fa002791324e708f8409c02e6966,fde84680da172beee0a46e798a194bfdf43df797,fde84680da172beee0a46e798a194bfdf43df797,c5aeb96af4b5fa002791324e708f8409c02e6966,0,0,0,0,OK
same,microsoft/SqlScriptDOM,129,131,CLEAN,false,false,2026-09-16T23:33:26.646111+00:00,current-pr-heads-at-extraction; not frozen replay OIDs,git version 2.50.1 (Apple Git-155),refs/pull/N/head; --no-tags; depth 80; depth 600 retry if no merge base,git -c diff.renames=true -c diff.algorithm=myers diff --no-ext-diff --no-textconv --unified=0; default whitespace; binary paths count as files and contribute zero hunks,27d9176fd35d27bc6c5d17996eae3f9d600f8b4e,ba08cf6d6934b67fc66c3d2ee8ae1e3c38f2ebfc,27d9176fd35d27bc6c5d17996eae3f9d600f8b4e,ba08cf6d6934b67fc66c3d2ee8ae1e3c38f2ebfc,fe7447656ff384d09f5cdba3df4c85840edfde68,fe7447656ff384d09f5cdba3df4c85840edfde68,fe7447656ff384d09f5cdba3df4c85840edfde68,11,31,0,0,OK
same,orbitalapi/orbital,19,21,CLEAN,false,false,2026-09-16T23:33:30.183030+00:00,current-pr-heads-at-extraction; not frozen replay OIDs,git version 2.50.1 (Apple Git-155),refs/pull/N/head; --no-tags; depth 80; depth 600 retry if no merge base,git -c diff.renames=true -c diff.algorithm=myers diff --no-ext-diff --no-textconv --unified=0; default whitespace; binary paths count as files and contribute zero hunks,371f77ac11136b0f16a51f0656d5f2d8dc37fd8c,31fddb1ea857875bd0a6e28beb52397c9bfbeb5b,371f77ac11136b0f16a51f0656d5f2d8dc37fd8c,31fddb1ea857875bd0a6e28beb52397c9bfbeb5b,8e81b87b62fdd69c89f21ea5fa6d5cfdd7476c37,e68cf7e91462936b1d08bce84799b9681706d2e7,e68cf7e91462936b1d08bce84799b9681706d2e7,94,94,0,0,OK
same,reflex-dev/reflex,5211,5213,CLEAN,false,false,2026-09-16T23:33:41.576034+00:00,current-pr-heads-at-extraction; not frozen replay OIDs,git version 2.50.1 (Apple Git-155),refs/pull/N/head; --no-tags; depth 80; depth 600 retry if no merge base,git -c diff.renames=true -c diff.algorithm=myers diff --no-ext-diff --no-textconv --unified=0; default whitespace; binary paths count as files and contribute zero hunks,6e98a68d0d58cb39d4fb9c2089447057f582cef4,21ab114ed113dc9f71f7e8a4b829b62a61be431f,6e98a68d0d58cb39d4fb9c2089447057f582cef4,21ab114ed113dc9f71f7e8a4b829b62a61be431f,26f1a7ba71eeb5d116892eabe581cf719c516afc,26f1a7ba71eeb5d116892eabe581cf719c516afc,26f1a7ba71eeb5d116892eabe581cf719c516afc,5,15,2,5,OK
same,rainbow-me/browser-extension,1908,1909,CLEAN,false,false,2026-09-16T23:33:44.925045+00:00,current-pr-heads-at-extraction; not frozen replay OIDs,git version 2.50.1 (Apple Git-155),refs/pull/N/head; --no-tags; depth 80; depth 600 retry if no merge base,git -c diff.renames=true -c diff.algorithm=myers diff --no-ext-diff --no-textconv --unified=0; default whitespace; binary paths count as files and contribute zero hunks,7a9ccd007eef677c53214dcf42df26cf6611cd2e,88b898d9cc852584d665fce6a2f05398763a420f,7a9ccd007eef677c53214dcf42df26cf6611cd2e,88b898d9cc852584d665fce6a2f05398763a420f,ad36b0a6236884336f9614ef1408fae4bd822282,ad36b0a6236884336f9614ef1408fae4bd822282,ad36b0a6236884336f9614ef1408fae4bd822282,1,4,1,1,OK
same,Azure/azqr,490,491,CLEAN,false,false,2026-09-16T23:33:56.088095+00:00,current-pr-heads-at-extraction; not frozen replay OIDs,git version 2.50.1 (Apple Git-155),refs/pull/N/head; --no-tags; depth 80; depth 600 retry if no merge base,git -c diff.renames=true -c diff.algorithm=myers diff --no-ext-diff --no-textconv --unified=0; default whitespace; binary paths count as files and contribute zero hunks,6ad4fcadec5a5f8042629a7ea105d4bd5ffa01b5,654c74dade8ed6fe57796dd5449a90b5cb2a9ca3,6ad4fcadec5a5f8042629a7ea105d4bd5ffa01b5,654c74dade8ed6fe57796dd5449a90b5cb2a9ca3,e61d897d04a4a2c8934dacf29d652ce4205d81e3,e61d897d04a4a2c8934dacf29d652ce4205d81e3,e61d897d04a4a2c8934dacf29d652ce4205d81e3,4,12,2,2,OK
same,public-ui/kolibri,7896,7898,CLEAN,false,false,2026-09-16T23:34:04.005723+00:00,current-pr-heads-at-extraction; not frozen replay OIDs,git version 2.50.1 (Apple Git-155),refs/pull/N/head; --no-tags; depth 80; depth 600 retry if no merge base,git -c diff.renames=true -c diff.algorithm=myers diff --no-ext-diff --no-textconv --unified=0; default whitespace; binary paths count as files and contribute zero hunks,70522e2984189c9bf07d671514d6d1ef6b2a1a8a,88992cc4f468e018a7ff8d4c3cf09375ea10f73d,70522e2984189c9bf07d671514d6d1ef6b2a1a8a,88992cc4f468e018a7ff8d4c3cf09375ea10f73d,8711467cf473ac41b8ec9915bfd5910ff117a6f1,7dbd1ee9f9c0763ed320f409b824623c7ba7dc7c,70522e2984189c9bf07d671514d6d1ef6b2a1a8a,0,0,13,18,OK
same,langchain-ai/langchain,32160,32161,CONFLICT,true,true,2026-09-16T23:34:31.583628+00:00,current-pr-heads-at-extraction; not frozen replay OIDs,git version 2.50.1 (Apple Git-155),refs/pull/N/head; --no-tags; depth 80; depth 600 retry if no merge base,git -c diff.renames=true -c diff.algorithm=myers diff --no-ext-diff --no-textconv --unified=0; default whitespace; binary paths count as files and contribute zero hunks,20a99c1682995f8cb0a654ce8757986e5a3db385,8f809ace85a536e62cdcb3c7cbb78d20d4160963,20a99c1682995f8cb0a654ce8757986e5a3db385,8f809ace85a536e62cdcb3c7cbb78d20d4160963,30e3ed6a193120907ddda6a52cc88a0cc4047c1e,18c64aed6d5ec21df662722d191a446e6074baac,18c64aed6d5ec21df662722d191a446e6074baac,776,4464,3,12,OK
same,Cap-go/capgo,1012,1036,UNAVAIL_fetch,false,false,2026-09-16T23:35:05.172575+00:00,current-pr-heads-at-extraction; not frozen replay OIDs,git version 2.50.1 (Apple Git-155),refs/pull/N/head; --no-tags; depth 80; depth 600 retry if no merge base,git -c diff.renames=true -c diff.algorithm=myers diff --no-ext-diff --no-textconv --unified=0; default whitespace; binary paths count as files and contribute zero hunks,,,,,,,,,,,,UNAVAIL_fetch
same,ydb-platform/ydb,21739,21740,UNAVAIL_fetch,false,false,2026-09-16T23:35:05.172832+00:00,current-pr-heads-at-extraction; not frozen replay OIDs,git version 2.50.1 (Apple Git-155),refs/pull/N/head; --no-tags; depth 80; depth 600 retry if no merge base,git -c diff.renames=true -c diff.algorithm=myers diff --no-ext-diff --no-textconv --unified=0; default whitespace; binary paths count as files and contribute zero hunks,,,,,,,,,,,,UNAVAIL_fetch
same,adrgs/requestrepo,65,66,CLEAN,false,false,2026-09-16T23:35:05.173004+00:00,current-pr-heads-at-extraction; not frozen replay OIDs,git version 2.50.1 (Apple Git-155),refs/pull/N/head; --no-tags; depth 80; depth 600 retry if no merge base,git -c diff.renames=true -c diff.algorithm=myers diff --no-ext-diff --no-textconv --unified=0; default whitespace; binary paths count as files and contribute zero hunks,0cd1190953869978aff285f39b19955759e48554,98223b5046c37ea6448314c0726a67ad61d5f6be,0cd1190953869978aff285f39b19955759e48554,98223b5046c37ea6448314c0726a67ad61d5f6be,36f8fe7be737564681dfa262eff0f417ae9c2c67,36f8fe7be737564681dfa262eff0f417ae9c2c67,36f8fe7be737564681dfa262eff0f417ae9c2c67,51,279,21,21,OK
same,ESPresense/ESPresense-companion,1155,1156,CLEAN,false,false,2026-09-16T23:35:08.254217+00:00,current-pr-heads-at-extraction; not frozen replay OIDs,git version 2.50.1 (Apple Git-155),refs/pull/N/head; --no-tags; depth 80; depth 600 retry if no merge base,git -c diff.renames=true -c diff.algorithm=myers diff --no-ext-diff --no-textconv --unified=0; default whitespace; binary paths count as files and contribute zero hunks,19d04049d1c388e87b5145b43ade13ee9c80841d,beeb1c9b32bea01812fa4ddc58cc6c951ac508fa,19d04049d1c388e87b5145b43ade13ee9c80841d,beeb1c9b32bea01812fa4ddc58cc6c951ac508fa,f7ca57bcffa20ab0638d3a5429e7018b0c11522d,f7ca57bcffa20ab0638d3a5429e7018b0c11522d,f7ca57bcffa20ab0638d3a5429e7018b0c11522d,5,13,1,1,OK
same,iopsystems/rezolus,521,522,CLEAN,false,false,2026-09-16T23:35:10.643659+00:00,current-pr-heads-at-extraction; not frozen replay OIDs,git version 2.50.1 (Apple Git-155),refs/pull/N/head; --no-tags; depth 80; depth 600 retry if no merge base,git -c diff.renames=true -c diff.algorithm=myers diff --no-ext-diff --no-textconv --unified=0; default whitespace; binary paths count as files and contribute zero hunks,12acca4f7aec3e9392c83b3b1042c22a3f4b822d,1e598bb349bf1014f4767adf03038ebd4206cd0d,12acca4f7aec3e9392c83b3b1042c22a3f4b822d,1e598bb349bf1014f4767adf03038ebd4206cd0d,e31a5486dceda8d321318eb0742a1fec50bd45da,e31a5486dceda8d321318eb0742a1fec50bd45da,e31a5486dceda8d321318eb0742a1fec50bd45da,2,2,1,1,OK
same,joamag/boytacean,13,14,CLEAN,false,false,2026-09-16T23:35:13.201829+00:00,current-pr-heads-at-extraction; not frozen replay OIDs,git version 2.50.1 (Apple Git-155),refs/pull/N/head; --no-tags; depth 80; depth 600 retry if no merge base,git -c diff.renames=true -c diff.algorithm=myers diff --no-ext-diff --no-textconv --unified=0; default whitespace; binary paths count as files and contribute zero hunks,6ff9d74cf7bcf23f9682842d242583baf975b846,d6e75d2345fec85366e1295c36d8717c68069a0b,6ff9d74cf7bcf23f9682842d242583baf975b846,d6e75d2345fec85366e1295c36d8717c68069a0b,53a41a7da6fb4564c1dfe374d3aacee4712a8641,fb7b2b7b2921f1d1ef62f5bc2d0d3aff5e7744be,fb7b2b7b2921f1d1ef62f5bc2d0d3aff5e7744be,7,35,4,10,OK
same,get-convex/convex-helpers,516,559,CONFLICT,true,true,2026-09-16T23:35:16.013191+00:00,current-pr-heads-at-extraction; not frozen replay OIDs,git version 2.50.1 (Apple Git-155),refs/pull/N/head; --no-tags; depth 80; depth 600 retry if no merge base,git -c diff.renames=true -c diff.algorithm=myers diff --no-ext-diff --no-textconv --unified=0; default whitespace; binary paths count as files and contribute zero hunks,162cb25de3d405328fc3b244c69175abce08464d,8e7322774ad3b5ae510ac7d483ac49536ad9034f,162cb25de3d405328fc3b244c69175abce08464d,8e7322774ad3b5ae510ac7d483ac49536ad9034f,defbc4f99b046875dc7d6cd2bfa7204ce5cf5077,6145dab79282c864545384555deab38e0a99c62b,c4caac1cee918ddccfc6624efa1e52cbb478077c,5,13,10,23,OK
same,epicweb-dev/epicshop,254,255,CONFLICT,true,true,2026-09-16T23:35:18.523889+00:00,current-pr-heads-at-extraction; not frozen replay OIDs,git version 2.50.1 (Apple Git-155),refs/pull/N/head; --no-tags; depth 80; depth 600 retry if no merge base,git -c diff.renames=true -c diff.algorithm=myers diff --no-ext-diff --no-textconv --unified=0; default whitespace; binary paths count as files and contribute zero hunks,50f9442189a8f72e1b7dd63693e2d2f29d9b2aaf,5cf24b651c5b5f6b00aae7c9e2169cd179c1a369,50f9442189a8f72e1b7dd63693e2d2f29d9b2aaf,5cf24b651c5b5f6b00aae7c9e2169cd179c1a369,89d5ecbca83e107b25e3ea3bf4a3dca9d120a9f9,b506c08f856ff5c76c285f28fb11ffa32f59ceaf,b506c08f856ff5c76c285f28fb11ffa32f59ceaf,12,34,2,15,OK
same,reorx/jsoncv,12,14,CLEAN,false,false,2026-09-16T23:35:22.455386+00:00,current-pr-heads-at-extraction; not frozen replay OIDs,git version 2.50.1 (Apple Git-155),refs/pull/N/head; --no-tags; depth 80; depth 600 retry if no merge base,git -c diff.renames=true -c diff.algorithm=myers diff --no-ext-diff --no-textconv --unified=0; default whitespace; binary paths count as files and contribute zero hunks,2458445fa318815d159b944548100df46f58b364,fff3987d77fb203693e7b8ee222581b6af1457fa,2458445fa318815d159b944548100df46f58b364,fff3987d77fb203693e7b8ee222581b6af1457fa,9320456d1f0494a69728e638cadfb30519e3b5c1,9320456d1f0494a69728e638cadfb30519e3b5c1,9320456d1f0494a69728e638cadfb30519e3b5c1,3,3,1,1,OK
same,microsoft/qsharp,2468,2469,CLEAN,false,false,2026-09-16T23:35:24.917862+00:00,current-pr-heads-at-extraction; not frozen replay OIDs,git version 2.50.1 (Apple Git-155),refs/pull/N/head; --no-tags; depth 80; depth 600 retry if no merge base,git -c diff.renames=true -c diff.algorithm=myers diff --no-ext-diff --no-textconv --unified=0; default whitespace; binary paths count as files and contribute zero hunks,aa6898b4633af6099d52cd4e59c0bbc7f60ad6c6,ade9e218ad4e7b724fb76e73a5bb54d52fcbea27,aa6898b4633af6099d52cd4e59c0bbc7f60ad6c6,ade9e218ad4e7b724fb76e73a5bb54d52fcbea27,f7569f465568ed5e5f05f416318069ffe3eeccfb,f7569f465568ed5e5f05f416318069ffe3eeccfb,f7569f465568ed5e5f05f416318069ffe3eeccfb,1,3,2,8,OK
same,reflex-dev/reflex-web,1300,1301,CLEAN,false,false,2026-09-16T23:35:29.237716+00:00,current-pr-heads-at-extraction; not frozen replay OIDs,git version 2.50.1 (Apple Git-155),refs/pull/N/head; --no-tags; depth 80; depth 600 retry if no merge base,git -c diff.renames=true -c diff.algorithm=myers diff --no-ext-diff --no-textconv --unified=0; default whitespace; binary paths count as files and contribute zero hunks,5cc0d89cbe4abc097c91ffd0f2e9472b03a9e371,6887c34c47bf53e8c2d18624e534ecc3d40363c0,5cc0d89cbe4abc097c91ffd0f2e9472b03a9e371,6887c34c47bf53e8c2d18624e534ecc3d40363c0,2dccc8b1478d799d073b38103158ced5437057dd,81bc1e22247504ca156737c6cb1def258b062505,81bc1e22247504ca156737c6cb1def258b062505,5,19,1,10,OK
same,christianhelle/refitter,685,689,CLEAN,false,false,2026-09-16T23:35:36.999307+00:00,current-pr-heads-at-extraction; not frozen replay OIDs,git version 2.50.1 (Apple Git-155),refs/pull/N/head; --no-tags; depth 80; depth 600 retry if no merge base,git -c diff.renames=true -c diff.algorithm=myers diff --no-ext-diff --no-textconv --unified=0; default whitespace; binary paths count as files and contribute zero hunks,38c95f2d516ffe7650293f828ced34fb0dee4673,952e124d34dc766674b2c8be4ca73f910f8b7d3b,38c95f2d516ffe7650293f828ced34fb0dee4673,952e124d34dc766674b2c8be4ca73f910f8b7d3b,83439e4ff32d181dc75d770fd65005ff3f97eb1d,b8d54ec51529480351ee7bbdf1354114e826bdf0,83439e4ff32d181dc75d770fd65005ff3f97eb1d,16,89,29,134,OK
same,quarylabs/sqruff,1611,1628,CLEAN,false,false,2026-09-16T23:35:39.588258+00:00,current-pr-heads-at-extraction; not frozen replay OIDs,git version 2.50.1 (Apple Git-155),refs/pull/N/head; --no-tags; depth 80; depth 600 retry if no merge base,git -c diff.renames=true -c diff.algorithm=myers diff --no-ext-diff --no-textconv --unified=0; default whitespace; binary paths count as files and contribute zero hunks,db7823a6c306108f7e5965c16a7fc1d4e69ee9a5,36408d009a79733e8958916acecd348d22882b9b,db7823a6c306108f7e5965c16a7fc1d4e69ee9a5,36408d009a79733e8958916acecd348d22882b9b,b4fc06853583c77d2552ca5dfa2e6308e1355f47,77d5e0a3b9ab41d1a2b9fbd6600a5c56d4d3df0d,b4fc06853583c77d2552ca5dfa2e6308e1355f47,6,9,15,551,OK
same,elevenlabs/elevenlabs-docs,1289,1290,UNAVAIL_fetch,false,false,2026-09-16T23:35:42.369546+00:00,current-pr-heads-at-extraction; not frozen replay OIDs,git version 2.50.1 (Apple Git-155),refs/pull/N/head; --no-tags; depth 80; depth 600 retry if no merge base,git -c diff.renames=true -c diff.algorithm=myers diff --no-ext-diff --no-textconv --unified=0; default whitespace; binary paths count as files and contribute zero hunks,,,,,,,,,,,,UNAVAIL_fetch
same,twentyhq/twenty,12640,12641,CLEAN,false,false,2026-09-16T23:35:42.369769+00:00,current-pr-heads-at-extraction; not frozen replay OIDs,git version 2.50.1 (Apple Git-155),refs/pull/N/head; --no-tags; depth 80; depth 600 retry if no merge base,git -c diff.renames=true -c diff.algorithm=myers diff --no-ext-diff --no-textconv --unified=0; default whitespace; binary paths count as files and contribute zero hunks,6dfef16cc063157fa1df6c5ce6fc847f5b380af7,58ce26e3c5f6d8fa5cababc779ebd79dffdc6071,6dfef16cc063157fa1df6c5ce6fc847f5b380af7,58ce26e3c5f6d8fa5cababc779ebd79dffdc6071,497faca5746f46a5bc56c3b60bb940239a7ef8d6,878e1dbfd97218add3f3f00ba2df17072f9b72bf,878e1dbfd97218add3f3f00ba2df17072f9b72bf,8,13,1,7,OK
same,xiaoxx970/chatgpt-in-terminal,65,66,CLEAN,false,false,2026-09-16T23:35:48.332884+00:00,current-pr-heads-at-extraction; not frozen replay OIDs,git version 2.50.1 (Apple Git-155),refs/pull/N/head; --no-tags; depth 80; depth 600 retry if no merge base,git -c diff.renames=true -c diff.algorithm=myers diff --no-ext-diff --no-textconv --unified=0; default whitespace; binary paths count as files and contribute zero hunks,de9305b42306fe55ce7f0c27b66e804299ff3d93,5b8293b2254de58acc946c50fc82bdd88d0c8c30,de9305b42306fe55ce7f0c27b66e804299ff3d93,5b8293b2254de58acc946c50fc82bdd88d0c8c30,0210064ab028496d313a5b7c8eba831b162144bc,0210064ab028496d313a5b7c8eba831b162144bc,0210064ab028496d313a5b7c8eba831b162144bc,1,1,1,4,OK
same,dropseed/plain,31,32,CLEAN,false,false,2026-09-16T23:35:52.232948+00:00,current-pr-heads-at-extraction; not frozen replay OIDs,git version 2.50.1 (Apple Git-155),refs/pull/N/head; --no-tags; depth 80; depth 600 retry if no merge base,git -c diff.renames=true -c diff.algorithm=myers diff --no-ext-diff --no-textconv --unified=0; default whitespace; binary paths count as files and contribute zero hunks,acfb2068cb9d791d733b4c5eea34d8a7a4951243,1f21a029d5ffe861aba3bc23bf96adce4c69d1aa,acfb2068cb9d791d733b4c5eea34d8a7a4951243,1f21a029d5ffe861aba3bc23bf96adce4c69d1aa,23666aa9ba2e1c633687c2c4acb857c873fe59b4,84800a83d6831d08f336837badd3eba2bdde9d10,84800a83d6831d08f336837badd3eba2bdde9d10,3,4,2,3,OK
same,akto-api-security/akto,2620,2624,CLEAN,false,false,2026-09-16T23:35:54.722788+00:00,current-pr-heads-at-extraction; not frozen replay OIDs,git version 2.50.1 (Apple Git-155),refs/pull/N/head; --no-tags; depth 80; depth 600 retry if no merge base,git -c diff.renames=true -c diff.algorithm=myers diff --no-ext-diff --no-textconv --unified=0; default whitespace; binary paths count as files and contribute zero hunks,812a96c1daee465847688f568489eeabf552a191,771d54f8ac8ed32312a0066f3801d0dd0fae1fa3,812a96c1daee465847688f568489eeabf552a191,771d54f8ac8ed32312a0066f3801d0dd0fae1fa3,9c2e1a3a41c4bce158b47cf01c7eac3593b4eba3,b2f5352d978e723a1f50bafa0b1f12934bba2813,9c2e1a3a41c4bce158b47cf01c7eac3593b4eba3,1,2,2,4,OK
same,keephq/keep,5001,5002,CLEAN,false,false,2026-09-16T23:36:03.053731+00:00,current-pr-heads-at-extraction; not frozen replay OIDs,git version 2.50.1 (Apple Git-155),refs/pull/N/head; --no-tags; depth 80; depth 600 retry if no merge base,git -c diff.renames=true -c diff.algorithm=myers diff --no-ext-diff --no-textconv --unified=0; default whitespace; binary paths count as files and contribute zero hunks,6ad1b32893f032df1e52dfe079f1c76933e59e5e,02f5b8f6ed28812acdda61a56fa07b7e3207b9fc,6ad1b32893f032df1e52dfe079f1c76933e59e5e,02f5b8f6ed28812acdda61a56fa07b7e3207b9fc,646e8ddf72241a677f86771766c3a7d6440aa1a8,0bb5983397e6eeeefc979dbc4e530df6adc122db,646e8ddf72241a677f86771766c3a7d6440aa1a8,7,17,90,310,OK
same,elsa-workflows/elsa-studio,521,523,CLEAN,false,false,2026-09-16T23:36:10.038051+00:00,current-pr-heads-at-extraction; not frozen replay OIDs,git version 2.50.1 (Apple Git-155),refs/pull/N/head; --no-tags; depth 80; depth 600 retry if no merge base,git -c diff.renames=true -c diff.algorithm=myers diff --no-ext-diff --no-textconv --unified=0; default whitespace; binary paths count as files and contribute zero hunks,c642f03bfb9df0b78a6fb63d223b4669d117f972,42a77a121f170a5faa6d66ec12af497340bab924,c642f03bfb9df0b78a6fb63d223b4669d117f972,42a77a121f170a5faa6d66ec12af497340bab924,8d28e8474ef443ffdabb71735376a7fb5530950b,0e5466881fda90a51b79e386e534fdbd5e5dd881,f2dd9e6f7d4380e78646dfd50e6bb1ca44d601c5,2,4,4,9,OK
same,OpenAdaptAI/OpenAdapt,946,947,CONFLICT,false,false,2026-09-16T23:36:13.132577+00:00,current-pr-heads-at-extraction; not frozen replay OIDs,git version 2.50.1 (Apple Git-155),refs/pull/N/head; --no-tags; depth 80; depth 600 retry if no merge base,git -c diff.renames=true -c diff.algorithm=myers diff --no-ext-diff --no-textconv --unified=0; default whitespace; binary paths count as files and contribute zero hunks,004c55a337ec0c8baa6e278e5a141c086aa737fa,4900fbce38ae3e553def6c049f79874877042efa,004c55a337ec0c8baa6e278e5a141c086aa737fa,4900fbce38ae3e553def6c049f79874877042efa,1899393e5a349e3358953a83908f581bf49f5d6f,1899393e5a349e3358953a83908f581bf49f5d6f,acdbb7b2236fcbb6f8da8e0162d394608d49d33e,13,13,34,41,OK
same,ublue-os/bluefin,2853,2854,CLEAN,false,false,2026-09-16T23:36:16.312243+00:00,current-pr-heads-at-extraction; not frozen replay OIDs,git version 2.50.1 (Apple Git-155),refs/pull/N/head; --no-tags; depth 80; depth 600 retry if no merge base,git -c diff.renames=true -c diff.algorithm=myers diff --no-ext-diff --no-textconv --unified=0; default whitespace; binary paths count as files and contribute zero hunks,342ed043c86265c1bf181eda2750beda1a3be9f0,4f163304891b14451e4e695e0e55bbe6192cd814,342ed043c86265c1bf181eda2750beda1a3be9f0,4f163304891b14451e4e695e0e55bbe6192cd814,e0b4e46b1563ab0c972bb4e7b53c8ab22e2388ab,e0b4e46b1563ab0c972bb4e7b53c8ab22e2388ab,e0b4e46b1563ab0c972bb4e7b53c8ab22e2388ab,1,1,4,4,OK
same,Mr-Quin/danmaku-anywhere,80,82,CLEAN,false,false,2026-09-16T23:36:21.937157+00:00,current-pr-heads-at-extraction; not frozen replay OIDs,git version 2.50.1 (Apple Git-155),refs/pull/N/head; --no-tags; depth 80; depth 600 retry if no merge base,git -c diff.renames=true -c diff.algorithm=myers diff --no-ext-diff --no-textconv --unified=0; default whitespace; binary paths count as files and contribute zero hunks,e7acddc68c52dd7c35b4048146f48c0f213be460,26e188118b3c8789d8ac15f98147f97b5b06cb19,e7acddc68c52dd7c35b4048146f48c0f213be460,26e188118b3c8789d8ac15f98147f97b5b06cb19,065ada4e719ddfcc9d5e61300f0bb9386253eff3,d74ffedcbddeab61b74dd2428ddc3ae79dc84875,d74ffedcbddeab61b74dd2428ddc3ae79dc84875,38,795,4,28,OK
same,lidofinance/diffyscan,90,91,CLEAN,false,false,2026-09-16T23:36:30.848831+00:00,current-pr-heads-at-extraction; not frozen replay OIDs,git version 2.50.1 (Apple Git-155),refs/pull/N/head; --no-tags; depth 80; depth 600 retry if no merge base,git -c diff.renames=true -c diff.algorithm=myers diff --no-ext-diff --no-textconv --unified=0; default whitespace; binary paths count as files and contribute zero hunks,a4b4e64bb8b443409e6fcd67901055186db7da76,55f84c91f41d323d33e9f24b829dd74ba9c3e788,a4b4e64bb8b443409e6fcd67901055186db7da76,55f84c91f41d323d33e9f24b829dd74ba9c3e788,545554c1f104e18565f0fee8950de24b161694c6,6d3c085e227471292f36e934c16259f23803790b,a4b4e64bb8b443409e6fcd67901055186db7da76,0,0,10,37,OK
same,Equationzhao/g,250,251,CLEAN,false,false,2026-09-16T23:36:33.633793+00:00,current-pr-heads-at-extraction; not frozen replay OIDs,git version 2.50.1 (Apple Git-155),refs/pull/N/head; --no-tags; depth 80; depth 600 retry if no merge base,git -c diff.renames=true -c diff.algorithm=myers diff --no-ext-diff --no-textconv --unified=0; default whitespace; binary paths count as files and contribute zero hunks,3fb1aacbcf5fb07c59da50e3d80d4d71f136e517,b1a343407833439277fccbd088e0a412d271e9f3,3fb1aacbcf5fb07c59da50e3d80d4d71f136e517,b1a343407833439277fccbd088e0a412d271e9f3,b73305dbb77907d816e4273f65635da99cda594a,b73305dbb77907d816e4273f65635da99cda594a,b73305dbb77907d816e4273f65635da99cda594a,7,7,1,3,OK
same,reown-com/appkit-react-native,351,361,CONFLICT,true,true,2026-09-16T23:36:36.649559+00:00,current-pr-heads-at-extraction; not frozen replay OIDs,git version 2.50.1 (Apple Git-155),refs/pull/N/head; --no-tags; depth 80; depth 600 retry if no merge base,git -c diff.renames=true -c diff.algorithm=myers diff --no-ext-diff --no-textconv --unified=0; default whitespace; binary paths count as files and contribute zero hunks,b76f26d9ccade0e04cef221d3f303ec5d8501611,03ff0a0b5eef104eefb9db5b38e8240feb2d4714,b76f26d9ccade0e04cef221d3f303ec5d8501611,03ff0a0b5eef104eefb9db5b38e8240feb2d4714,82a905798bc877405273a0436a91554a33130509,fd814b926329e5cbecede3215bcfdbae228e7051,0ddf09ab788cfe675a307dd5b17a11f4c46cfe40,25,143,43,173,OK
same,shesha-io/shesha-framework,3281,3282,CLEAN,false,false,2026-09-16T23:36:40.573842+00:00,current-pr-heads-at-extraction; not frozen replay OIDs,git version 2.50.1 (Apple Git-155),refs/pull/N/head; --no-tags; depth 80; depth 600 retry if no merge base,git -c diff.renames=true -c diff.algorithm=myers diff --no-ext-diff --no-textconv --unified=0; default whitespace; binary paths count as files and contribute zero hunks,417bc72ac58c415da76618625c8f620d9dd190a0,759a3a5291e76721019e3ec620792e43221716e0,417bc72ac58c415da76618625c8f620d9dd190a0,759a3a5291e76721019e3ec620792e43221716e0,5b02e3587ca097be68acdecd97759cfec2c7d691,5b02e3587ca097be68acdecd97759cfec2c7d691,5b02e3587ca097be68acdecd97759cfec2c7d691,1,1,1,1,OK
same,onyx-dot-app/onyx,3710,3711,CLEAN,false,false,2026-09-16T23:36:53.453940+00:00,current-pr-heads-at-extraction; not frozen replay OIDs,git version 2.50.1 (Apple Git-155),refs/pull/N/head; --no-tags; depth 80; depth 600 retry if no merge base,git -c diff.renames=true -c diff.algorithm=myers diff --no-ext-diff --no-textconv --unified=0; default whitespace; binary paths count as files and contribute zero hunks,2fb15bcb82d94906a47b577bbed2793fb76ee861,29a1b70f1defae8a939d294365afd3a301039a91,2fb15bcb82d94906a47b577bbed2793fb76ee861,29a1b70f1defae8a939d294365afd3a301039a91,32a97e5479c27d3bd8fb41eb85db4c35d868924f,32a97e5479c27d3bd8fb41eb85db4c35d868924f,32a97e5479c27d3bd8fb41eb85db4c35d868924f,1,1,3,10,OK
same,SplittyDev/spacebadgers,62,63,CLEAN,false,false,2026-09-16T23:36:57.672202+00:00,current-pr-heads-at-extraction; not frozen replay OIDs,git version 2.50.1 (Apple Git-155),refs/pull/N/head; --no-tags; depth 80; depth 600 retry if no merge base,git -c diff.renames=true -c diff.algorithm=myers diff --no-ext-diff --no-textconv --unified=0; default whitespace; binary paths count as files and contribute zero hunks,9f19c954047c4bd2fa3352190f95168cafb8fe57,6e564cf0c52df990908d242722d3769a61ce67b3,9f19c954047c4bd2fa3352190f95168cafb8fe57,6e564cf0c52df990908d242722d3769a61ce67b3,04a2e64d9c1792d5609ef01ace9774f987b07ae0,04a2e64d9c1792d5609ef01ace9774f987b07ae0,079cd7d750c2b45f476b55f2010e9f727c539091,1,1,1,1,OK
same,jkroepke/openvpn-auth-oauth2,512,513,CLEAN,false,false,2026-09-16T23:37:00.360412+00:00,current-pr-heads-at-extraction; not frozen replay OIDs,git version 2.50.1 (Apple Git-155),refs/pull/N/head; --no-tags; depth 80; depth 600 retry if no merge base,git -c diff.renames=true -c diff.algorithm=myers diff --no-ext-diff --no-textconv --unified=0; default whitespace; binary paths count as files and contribute zero hunks,c4ff8ea5dcad96025bf4cd9599c8848c40a7eb41,2f9a89b67426f623894bca5aec36f217181e0d8e,c4ff8ea5dcad96025bf4cd9599c8848c40a7eb41,2f9a89b67426f623894bca5aec36f217181e0d8e,bb466cf561306f35797416c0375a49587f11776b,bb466cf561306f35797416c0375a49587f11776b,bb466cf561306f35797416c0375a49587f11776b,1,1,1,1,OK
same,Significant-Gravitas/AutoGPT,9958,9959,CONFLICT,true,true,2026-09-16T23:37:03.045723+00:00,current-pr-heads-at-extraction; not frozen replay OIDs,git version 2.50.1 (Apple Git-155),refs/pull/N/head; --no-tags; depth 80; depth 600 retry if no merge base,git -c diff.renames=true -c diff.algorithm=myers diff --no-ext-diff --no-textconv --unified=0; default whitespace; binary paths count as files and contribute zero hunks,c0a32131d431d3fc39657da4fbf92f0ddfe27a25,3f818ef157bd6a53c4355883571431dfefe56ba2,c0a32131d431d3fc39657da4fbf92f0ddfe27a25,3f818ef157bd6a53c4355883571431dfefe56ba2,83fe8d5b94d4bd871f0cb93cc818ddff289250ab,bd425331f11c5a6e8eafc1e52046e4b6c6164c51,bd425331f11c5a6e8eafc1e52046e4b6c6164c51,1221,6608,3,10,OK
same,PromtEngineer/localGPT,845,846,CLEAN,false,false,2026-09-16T23:37:24.497609+00:00,current-pr-heads-at-extraction; not frozen replay OIDs,git version 2.50.1 (Apple Git-155),refs/pull/N/head; --no-tags; depth 80; depth 600 retry if no merge base,git -c diff.renames=true -c diff.algorithm=myers diff --no-ext-diff --no-textconv --unified=0; default whitespace; binary paths count as files and contribute zero hunks,cabc422c312673345256e7bbc4aff98947262221,07d68571e9c51c1fda4557ac29211755ab86663b,cabc422c312673345256e7bbc4aff98947262221,07d68571e9c51c1fda4557ac29211755ab86663b,0037eec98c1ffcbd1dc91f053b1fae71e08a6bb5,0037eec98c1ffcbd1dc91f053b1fae71e08a6bb5,0037eec98c1ffcbd1dc91f053b1fae71e08a6bb5,9,33,1,42,OK
same,port-labs/ocean,1286,1289,CLEAN,false,false,2026-09-16T23:37:28.205467+00:00,current-pr-heads-at-extraction; not frozen replay OIDs,git version 2.50.1 (Apple Git-155),refs/pull/N/head; --no-tags; depth 80; depth 600 retry if no merge base,git -c diff.renames=true -c diff.algorithm=myers diff --no-ext-diff --no-textconv --unified=0; default whitespace; binary paths count as files and contribute zero hunks,0f4e90bd5eb80ec8be90caf950e8dd407afbe9ec,4fad159c2992a0bc55eeaa69102683a789019f0a,0f4e90bd5eb80ec8be90caf950e8dd407afbe9ec,4fad159c2992a0bc55eeaa69102683a789019f0a,83e569280bc392ace5e809f859734faf74493647,7c94f85f774843caf608e20b64e20d8b1fc24dce,83e569280bc392ace5e809f859734faf74493647,0,0,100,193,OK
same,promptfoo/promptfoo,2709,2710,CONFLICT,true,true,2026-09-16T23:37:32.460762+00:00,current-pr-heads-at-extraction; not frozen replay OIDs,git version 2.50.1 (Apple Git-155),refs/pull/N/head; --no-tags; depth 80; depth 600 retry if no merge base,git -c diff.renames=true -c diff.algorithm=myers diff --no-ext-diff --no-textconv --unified=0; default whitespace; binary paths count as files and contribute zero hunks,7ad41746432ba44dbebcaa73ae57cda6f504dafb,efd0a2d416085935ecb58a788d523d0ca0545e78,7ad41746432ba44dbebcaa73ae57cda6f504dafb,efd0a2d416085935ecb58a788d523d0ca0545e78,8acb129faf546995c31d1d2a16a69012fd72521b,27d5185acec6b1005b280fc6d90f94d0fb85fbd1,27d5185acec6b1005b280fc6d90f94d0fb85fbd1,374,4073,2,5,OK
same,goniszewski/grimoire,193,195,CONFLICT,true,true,2026-09-16T23:37:49.712572+00:00,current-pr-heads-at-extraction; not frozen replay OIDs,git version 2.50.1 (Apple Git-155),refs/pull/N/head; --no-tags; depth 80; depth 600 retry if no merge base,git -c diff.renames=true -c diff.algorithm=myers diff --no-ext-diff --no-textconv --unified=0; default whitespace; binary paths count as files and contribute zero hunks,913d1a1707da5e628b0c58bc02e751fde14750b0,adc57cba9d3f8e35ec9a2e1785b5bbbd11c537b2,913d1a1707da5e628b0c58bc02e751fde14750b0,adc57cba9d3f8e35ec9a2e1785b5bbbd11c537b2,b39b70bd8b3da9cb88525bd9e1aa6daba3f81014,8bbc0f202766eabd3c95fafb8369c9b2d5c663e7,b39b70bd8b3da9cb88525bd9e1aa6daba3f81014,2,2,7,29,OK
same,ShaunLawrie/PwshSpectreConsole,97,99,CLEAN,false,false,2026-09-16T23:37:53.550571+00:00,current-pr-heads-at-extraction; not frozen replay OIDs,git version 2.50.1 (Apple Git-155),refs/pull/N/head; --no-tags; depth 80; depth 600 retry if no merge base,git -c diff.renames=true -c diff.algorithm=myers diff --no-ext-diff --no-textconv --unified=0; default whitespace; binary paths count as files and contribute zero hunks,97d2dbe279c5901458a7480d8250f124598ebae6,0c1ecd27cc3693c2200634a8f906feb2210c9dec,97d2dbe279c5901458a7480d8250f124598ebae6,0c1ecd27cc3693c2200634a8f906feb2210c9dec,a23046f52448ead5612c8797c743d29001a47a59,a23046f52448ead5612c8797c743d29001a47a59,a23046f52448ead5612c8797c743d29001a47a59,1,1,3,4,OK
same,alchemyplatform/aa-sdk,1786,1790,CLEAN,false,false,2026-09-16T23:38:02.842191+00:00,current-pr-heads-at-extraction; not frozen replay OIDs,git version 2.50.1 (Apple Git-155),refs/pull/N/head; --no-tags; depth 80; depth 600 retry if no merge base,git -c diff.renames=true -c diff.algorithm=myers diff --no-ext-diff --no-textconv --unified=0; default whitespace; binary paths count as files and contribute zero hunks,ebd0e74bd6630cfbc065ae7219c7fb7c4ca2e456,f64a0958d6565c7c9c30c6181be19e48e2e5687f,ebd0e74bd6630cfbc065ae7219c7fb7c4ca2e456,f64a0958d6565c7c9c30c6181be19e48e2e5687f,896f5f9b6523566cfe875bd5820efcdd27ba1c7e,50a4668dbfd90783fb5f546132bf7f114b680580,50a4668dbfd90783fb5f546132bf7f114b680580,5,27,2,5,OK
same,wealthsimple/llm-gateway,78,80,UNAVAIL_fetch,false,false,2026-09-16T23:38:17.931767+00:00,current-pr-heads-at-extraction; not frozen replay OIDs,git version 2.50.1 (Apple Git-155),refs/pull/N/head; --no-tags; depth 80; depth 600 retry if no merge base,git -c diff.renames=true -c diff.algorithm=myers diff --no-ext-diff --no-textconv --unified=0; default whitespace; binary paths count as files and contribute zero hunks,,,,,,,,,,,,UNAVAIL_fetch
same,stanford-crfm/haliax,138,142,CLEAN,false,false,2026-09-16T23:38:17.932097+00:00,current-pr-heads-at-extraction; not frozen replay OIDs,git version 2.50.1 (Apple Git-155),refs/pull/N/head; --no-tags; depth 80; depth 600 retry if no merge base,git -c diff.renames=true -c diff.algorithm=myers diff --no-ext-diff --no-textconv --unified=0; default whitespace; binary paths count as files and contribute zero hunks,aa44e816716aa8b75cf751f1e68ff189a32eaf98,b3de56cfd688e25b32d9258d303242e248270ad4,aa44e816716aa8b75cf751f1e68ff189a32eaf98,b3de56cfd688e25b32d9258d303242e248270ad4,4e87303b93bb7a9fc17def01b19ab447c71465bb,0e890c157adedb1caa49ee62db1f427d98f051b0,58005be8267dcde4b7d4e8f1b55370f654907568,3,6,19,60,OK
same,prosekit/prosekit,1051,1052,CLEAN,false,false,2026-09-16T23:38:20.732476+00:00,current-pr-heads-at-extraction; not frozen replay OIDs,git version 2.50.1 (Apple Git-155),refs/pull/N/head; --no-tags; depth 80; depth 600 retry if no merge base,git -c diff.renames=true -c diff.algorithm=myers diff --no-ext-diff --no-textconv --unified=0; default whitespace; binary paths count as files and contribute zero hunks,f7d9ab78113475466b35c6079737ba464f390631,69e5c3c3917965dce20edc32257c8f74e5561d66,f7d9ab78113475466b35c6079737ba464f390631,69e5c3c3917965dce20edc32257c8f74e5561d66,19922e0882cf3bef51588c96e84752f21cb1cf6c,19922e0882cf3bef51588c96e84752f21cb1cf6c,cecdc9d3a7df3c7b60e7ddb076c4f8c0c348d993,1,1,1,1,OK
same,andrewm4894/anomstack,159,160,CLEAN,false,false,2026-09-16T23:38:23.311088+00:00,current-pr-heads-at-extraction; not frozen replay OIDs,git version 2.50.1 (Apple Git-155),refs/pull/N/head; --no-tags; depth 80; depth 600 retry if no merge base,git -c diff.renames=true -c diff.algorithm=myers diff --no-ext-diff --no-textconv --unified=0; default whitespace; binary paths count as files and contribute zero hunks,4eb89108ba49dd93fb7544ab8d2da1cddac16c6d,3ab0717472ff0286d603b72adfe186f68d5692c9,4eb89108ba49dd93fb7544ab8d2da1cddac16c6d,3ab0717472ff0286d603b72adfe186f68d5692c9,ca33b88b0a4a9fa245d6c8928488b6d8581bd9da,ca33b88b0a4a9fa245d6c8928488b6d8581bd9da,ca33b88b0a4a9fa245d6c8928488b6d8581bd9da,1,8,2,3,OK
same,davidmigloz/langchain_dart,717,723,CLEAN,false,false,2026-09-16T23:38:25.935156+00:00,current-pr-heads-at-extraction; not frozen replay OIDs,git version 2.50.1 (Apple Git-155),refs/pull/N/head; --no-tags; depth 80; depth 600 retry if no merge base,git -c diff.renames=true -c diff.algorithm=myers diff --no-ext-diff --no-textconv --unified=0; default whitespace; binary paths count as files and contribute zero hunks,9c1575d1037fa42ca52fe4e43d18b0249c241587,f69b74ef676b7587b7278fa7c6b5958a3401ab54,9c1575d1037fa42ca52fe4e43d18b0249c241587,f69b74ef676b7587b7278fa7c6b5958a3401ab54,b0d61c9204fe959bd16eca842ab98292e723822a,8aade08a03a21055115b1502ee6a6638039ad077,269dea035be679c8d2fcc03f526703c76c72c5d4,11,15,63,257,OK
same,o1-labs/openmina,1256,1257,CLEAN,false,false,2026-09-16T23:38:29.279369+00:00,current-pr-heads-at-extraction; not frozen replay OIDs,git version 2.50.1 (Apple Git-155),refs/pull/N/head; --no-tags; depth 80; depth 600 retry if no merge base,git -c diff.renames=true -c diff.algorithm=myers diff --no-ext-diff --no-textconv --unified=0; default whitespace; binary paths count as files and contribute zero hunks,3cd68b77941412298fb4418d8ef3b1ed0cce48c9,aad2ebcd62cd5106013762b815cc407eb26326b1,3cd68b77941412298fb4418d8ef3b1ed0cce48c9,aad2ebcd62cd5106013762b815cc407eb26326b1,d34331bb84589d9a48b9968300a2fc5ae26af77d,234425be186aa27793529d2cbc7038465ab25c7c,234425be186aa27793529d2cbc7038465ab25c7c,17,48,5,16,OK
same,elie222/inbox-zero,494,498,CLEAN,false,false,2026-09-16T23:39:04.273525+00:00,current-pr-heads-at-extraction; not frozen replay OIDs,git version 2.50.1 (Apple Git-155),refs/pull/N/head; --no-tags; depth 80; depth 600 retry if no merge base,git -c diff.renames=true -c diff.algorithm=myers diff --no-ext-diff --no-textconv --unified=0; default whitespace; binary paths count as files and contribute zero hunks,47f7649c6cebe59866df04177a198c9b83e84b04,6d6aa4fe766767a001e0f141e7b602a540d557d7,47f7649c6cebe59866df04177a198c9b83e84b04,6d6aa4fe766767a001e0f141e7b602a540d557d7,e087e197fe9b720fe915c313c6cb87260c5ad5d2,4e70fd9eddb859d69be799cf6c67b99c7bf7f451,6d6aa4fe766767a001e0f141e7b602a540d557d7,47,121,0,0,OK
same,mostafaalagamy/Metrolist,984,985,CLEAN,false,false,2026-09-16T23:39:09.124436+00:00,current-pr-heads-at-extraction; not frozen replay OIDs,git version 2.50.1 (Apple Git-155),refs/pull/N/head; --no-tags; depth 80; depth 600 retry if no merge base,git -c diff.renames=true -c diff.algorithm=myers diff --no-ext-diff --no-textconv --unified=0; default whitespace; binary paths count as files and contribute zero hunks,39568e60be9a009a225dbae1c3de0e17432ac2ab,bbba49e4d6f8c0b421eae396ff38781cb9fd8a37,39568e60be9a009a225dbae1c3de0e17432ac2ab,bbba49e4d6f8c0b421eae396ff38781cb9fd8a37,c9fe661c4c39c68486138639458f6593c3eb2766,c9fe661c4c39c68486138639458f6593c3eb2766,c9fe661c4c39c68486138639458f6593c3eb2766,4,13,9,97,OK
same,mem0ai/mem0,2925,3183,CLEAN,false,false,2026-09-16T23:39:12.104213+00:00,current-pr-heads-at-extraction; not frozen replay OIDs,git version 2.50.1 (Apple Git-155),refs/pull/N/head; --no-tags; depth 80; depth 600 retry if no merge base,git -c diff.renames=true -c diff.algorithm=myers diff --no-ext-diff --no-textconv --unified=0; default whitespace; binary paths count as files and contribute zero hunks,eb8125aa4d0f08f6013bac52d60505017c83f2cb,b5815a94a298c9dc87cc4d6d1808419d2fc9e765,eb8125aa4d0f08f6013bac52d60505017c83f2cb,b5815a94a298c9dc87cc4d6d1808419d2fc9e765,9a12ea7b3cc382da81b11b6bbefec98533f33bf2,1a8d175570eea0e0c3c468097c3af6e8aebbec5b,be37fca1bba588b040151bf1a1766ac1f375a57e,4,5,255,1158,OK
same,microsoft/project-oagents,107,108,CLEAN,false,false,2026-09-16T23:39:19.356957+00:00,current-pr-heads-at-extraction; not frozen replay OIDs,git version 2.50.1 (Apple Git-155),refs/pull/N/head; --no-tags; depth 80; depth 600 retry if no merge base,git -c diff.renames=true -c diff.algorithm=myers diff --no-ext-diff --no-textconv --unified=0; default whitespace; binary paths count as files and contribute zero hunks,4f40f029ef5ad6a7a8bc56209207f950750f5c5c,699105831f9806fab000fd550536a0c637bd36b2,4f40f029ef5ad6a7a8bc56209207f950750f5c5c,699105831f9806fab000fd550536a0c637bd36b2,6966d92eae2660b27419c13c2675196bde367365,6966d92eae2660b27419c13c2675196bde367365,6966d92eae2660b27419c13c2675196bde367365,6,8,7,10,OK
same,assaydepot/red-candle,26,27,CLEAN,false,false,2026-09-16T23:39:23.557347+00:00,current-pr-heads-at-extraction; not frozen replay OIDs,git version 2.50.1 (Apple Git-155),refs/pull/N/head; --no-tags; depth 80; depth 600 retry if no merge base,git -c diff.renames=true -c diff.algorithm=myers diff --no-ext-diff --no-textconv --unified=0; default whitespace; binary paths count as files and contribute zero hunks,9e46195664683bbdda9cbbd7482edd9692b0c14e,402d46870bbe6e7aef7a3fc9078a188897645fc1,9e46195664683bbdda9cbbd7482edd9692b0c14e,402d46870bbe6e7aef7a3fc9078a188897645fc1,88f874083d503f14f7a902b67aa0d65482db6e98,88f874083d503f14f7a902b67aa0d65482db6e98,88f874083d503f14f7a902b67aa0d65482db6e98,1,3,1,1,OK
same,bruin-data/bruin,733,735,CLEAN,false,false,2026-09-16T23:39:26.540160+00:00,current-pr-heads-at-extraction; not frozen replay OIDs,git version 2.50.1 (Apple Git-155),refs/pull/N/head; --no-tags; depth 80; depth 600 retry if no merge base,git -c diff.renames=true -c diff.algorithm=myers diff --no-ext-diff --no-textconv --unified=0; default whitespace; binary paths count as files and contribute zero hunks,581bf91910d66c5f2f2f0b344edefddcd43239ce,5227d7ecf43eaa347fe2e4731fabb8d5c4c18bd5,581bf91910d66c5f2f2f0b344edefddcd43239ce,5227d7ecf43eaa347fe2e4731fabb8d5c4c18bd5,c8df88d1f28f80156a0cc5c7dcf4e4803de7154a,c547a635e2067c84fccd51b938e9171a2e819098,9765fd0a5ea1ab39fb7668ad58c92b2042426991,3,3,6,16,OK
same,microsoft/autogen,6563,6565,CLEAN,false,false,2026-09-16T23:39:55.239944+00:00,current-pr-heads-at-extraction; not frozen replay OIDs,git version 2.50.1 (Apple Git-155),refs/pull/N/head; --no-tags; depth 80; depth 600 retry if no merge base,git -c diff.renames=true -c diff.algorithm=myers diff --no-ext-diff --no-textconv --unified=0; default whitespace; binary paths count as files and contribute zero hunks,f3c714d34ca5c8105075a9759abfc2414e43ad55,b3e4b44a708c1ae5bbdecbb76d1e15150df61bf1,f3c714d34ca5c8105075a9759abfc2414e43ad55,b3e4b44a708c1ae5bbdecbb76d1e15150df61bf1,8c5dcabf877cb0c7a6533611bc51a70167876e29,0a81100f72bd128ed374c38f31f370f1cb4d02d7,8c5dcabf877cb0c7a6533611bc51a70167876e29,3,897,20,112,OK
same,selfxyz/self,605,616,CLEAN,false,false,2026-09-16T23:40:04.233303+00:00,current-pr-heads-at-extraction; not frozen replay OIDs,git version 2.50.1 (Apple Git-155),refs/pull/N/head; --no-tags; depth 80; depth 600 retry if no merge base,git -c diff.renames=true -c diff.algorithm=myers diff --no-ext-diff --no-textconv --unified=0; default whitespace; binary paths count as files and contribute zero hunks,fd4e7200bb1e4cf3514ebe3085634165a18d82e3,bc07fcd388812653d78df33dc902d4394a7896cd,fd4e7200bb1e4cf3514ebe3085634165a18d82e3,bc07fcd388812653d78df33dc902d4394a7896cd,f4f5903b4087c155b98db58357ee591ad513946f,5b6a2535bf528f1700c98e1ab21005bfd7fbaae5,65b5f8a389eeee3cdac551aab1b9a74d2b43bf1e,2,13,40,523,OK
same,roboflow/inference,1295,1296,CLEAN,false,false,2026-09-16T23:40:21.944960+00:00,current-pr-heads-at-extraction; not frozen replay OIDs,git version 2.50.1 (Apple Git-155),refs/pull/N/head; --no-tags; depth 80; depth 600 retry if no merge base,git -c diff.renames=true -c diff.algorithm=myers diff --no-ext-diff --no-textconv --unified=0; default whitespace; binary paths count as files and contribute zero hunks,043f7a5002c3ae02368c628e9ac4795de9348921,fba49d8013df862d1293af4b36b9e3a91d0f3ec6,043f7a5002c3ae02368c628e9ac4795de9348921,fba49d8013df862d1293af4b36b9e3a91d0f3ec6,5c9482cd4cfd023c28d5f8c3934ac3d2e7d97c93,7214096193ae64a04a80a812e79c70ca4dd71516,043f7a5002c3ae02368c628e9ac4795de9348921,0,0,13,53,OK
same,TypedDevs/bashunit,403,404,CLEAN,false,false,2026-09-16T23:40:32.637324+00:00,current-pr-heads-at-extraction; not frozen replay OIDs,git version 2.50.1 (Apple Git-155),refs/pull/N/head; --no-tags; depth 80; depth 600 retry if no merge base,git -c diff.renames=true -c diff.algorithm=myers diff --no-ext-diff --no-textconv --unified=0; default whitespace; binary paths count as files and contribute zero hunks,7e63947207f294aa2bf1f95fd87da7c76fde1da4,832ca966c47a61b92baceb0e11179405e82ba3cd,7e63947207f294aa2bf1f95fd87da7c76fde1da4,832ca966c47a61b92baceb0e11179405e82ba3cd,623499de9e2732b324fb2fc305b0908036efbbc4,1f4d6e3f6d82105ea553a6b065c65b0931741aee,623499de9e2732b324fb2fc305b0908036efbbc4,16,31,18,26,OK
same,rezaakb/pinns-torch,18,19,CLEAN,false,false,2026-09-16T23:40:35.970849+00:00,current-pr-heads-at-extraction; not frozen replay OIDs,git version 2.50.1 (Apple Git-155),refs/pull/N/head; --no-tags; depth 80; depth 600 retry if no merge base,git -c diff.renames=true -c diff.algorithm=myers diff --no-ext-diff --no-textconv --unified=0; default whitespace; binary paths count as files and contribute zero hunks,2a91395a112f22eb67397a5a5fd402a30f5f5e42,99f7e417f75ffcb20858ee59ea12859e4f93d2c2,2a91395a112f22eb67397a5a5fd402a30f5f5e42,99f7e417f75ffcb20858ee59ea12859e4f93d2c2,84b40f37947a5db447ed0bfff394ad8377bd7b91,2a91395a112f22eb67397a5a5fd402a30f5f5e42,2a91395a112f22eb67397a5a5fd402a30f5f5e42,0,0,8,7,OK
same,different-ai/note-companion,296,297,CLEAN,false,false,2026-09-16T23:40:43.932098+00:00,current-pr-heads-at-extraction; not frozen replay OIDs,git version 2.50.1 (Apple Git-155),refs/pull/N/head; --no-tags; depth 80; depth 600 retry if no merge base,git -c diff.renames=true -c diff.algorithm=myers diff --no-ext-diff --no-textconv --unified=0; default whitespace; binary paths count as files and contribute zero hunks,ffeabfcba160137820a29a4b296676498f0e9205,c512809872c6aabe712f6481914cfd3758721276,ffeabfcba160137820a29a4b296676498f0e9205,c512809872c6aabe712f6481914cfd3758721276,4736a6839e073dabae8a591dfa3d56d2891dcce6,4736a6839e073dabae8a591dfa3d56d2891dcce6,ffeabfcba160137820a29a4b296676498f0e9205,0,0,4,9,OK
same,AfterShip/clickhouse-sql-parser,170,171,CONFLICT,true,true,2026-09-16T23:40:46.974936+00:00,current-pr-heads-at-extraction; not frozen replay OIDs,git version 2.50.1 (Apple Git-155),refs/pull/N/head; --no-tags; depth 80; depth 600 retry if no merge base,git -c diff.renames=true -c diff.algorithm=myers diff --no-ext-diff --no-textconv --unified=0; default whitespace; binary paths count as files and contribute zero hunks,df122b326255d0f08fc0c08077025941f2417f5d,f2634b7bef0bf73d2894688104a34fd09731841f,df122b326255d0f08fc0c08077025941f2417f5d,f2634b7bef0bf73d2894688104a34fd09731841f,bce7652f34aceac291f6ead7c65f47788247bdde,3da35a03eaecba1c19b1ad8c480f15acd5187934,3da35a03eaecba1c19b1ad8c480f15acd5187934,13,222,6,12,OK
same,AgentOps-AI/agentops,603,605,CONFLICT,true,true,2026-09-16T23:40:49.441367+00:00,current-pr-heads-at-extraction; not frozen replay OIDs,git version 2.50.1 (Apple Git-155),refs/pull/N/head; --no-tags; depth 80; depth 600 retry if no merge base,git -c diff.renames=true -c diff.algorithm=myers diff --no-ext-diff --no-textconv --unified=0; default whitespace; binary paths count as files and contribute zero hunks,fc2438ec3b15d03dcf3e31e52e4ad7eb251cc033,0f14a7365c817b837f3aa2f991427cb9fddc8c19,fc2438ec3b15d03dcf3e31e52e4ad7eb251cc033,0f14a7365c817b837f3aa2f991427cb9fddc8c19,915cb590af512bad09f0a238458a40647e2124a8,915cb590af512bad09f0a238458a40647e2124a8,915cb590af512bad09f0a238458a40647e2124a8,14,52,8,57,OK
same,ObservedObserver/streamlit-shadcn-ui,45,46,CLEAN,false,false,2026-09-16T23:41:26.492765+00:00,current-pr-heads-at-extraction; not frozen replay OIDs,git version 2.50.1 (Apple Git-155),refs/pull/N/head; --no-tags; depth 80; depth 600 retry if no merge base,git -c diff.renames=true -c diff.algorithm=myers diff --no-ext-diff --no-textconv --unified=0; default whitespace; binary paths count as files and contribute zero hunks,520e18c827d7eec4d777a59387e983e06b024253,9d5a26ae4c364b108581d83fb2cb1ba154cf20c8,520e18c827d7eec4d777a59387e983e06b024253,9d5a26ae4c364b108581d83fb2cb1ba154cf20c8,bcddb2ace7ef4cce035b1370fc66e8ff48cffa4f,bcddb2ace7ef4cce035b1370fc66e8ff48cffa4f,bcddb2ace7ef4cce035b1370fc66e8ff48cffa4f,2,5,2,4,OK
same,astral-sh/uv,14731,14733,CLEAN,false,false,2026-09-16T23:41:29.222885+00:00,current-pr-heads-at-extraction; not frozen replay OIDs,git version 2.50.1 (Apple Git-155),refs/pull/N/head; --no-tags; depth 80; depth 600 retry if no merge base,git -c diff.renames=true -c diff.algorithm=myers diff --no-ext-diff --no-textconv --unified=0; default whitespace; binary paths count as files and contribute zero hunks,cdd8a6679bf9a8599f6b6ca66774822aa38dd05b,bb098f7cae74d3ce6cbed0ff0a4b91e19a693b15,cdd8a6679bf9a8599f6b6ca66774822aa38dd05b,bb098f7cae74d3ce6cbed0ff0a4b91e19a693b15,574aa1ef110ef08293512eb200bd6881bb738179,574aa1ef110ef08293512eb200bd6881bb738179,574aa1ef110ef08293512eb200bd6881bb738179,4,23,1,2,OK
same,OpenAgentsInc/openagents,1030,1031,CLEAN,false,false,2026-09-16T23:41:32.684297+00:00,current-pr-heads-at-extraction; not frozen replay OIDs,git version 2.50.1 (Apple Git-155),refs/pull/N/head; --no-tags; depth 80; depth 600 retry if no merge base,git -c diff.renames=true -c diff.algorithm=myers diff --no-ext-diff --no-textconv --unified=0; default whitespace; binary paths count as files and contribute zero hunks,46b6f809f70729991a265068c5ce632776dd72ef,85de9c033be6513e5acf152846c2c43ed3479a6a,46b6f809f70729991a265068c5ce632776dd72ef,85de9c033be6513e5acf152846c2c43ed3479a6a,5646f4729203472ec8de832ccb4851b55f6ad5f7,5646f4729203472ec8de832ccb4851b55f6ad5f7,061f2378e19c9d482e0f0bee8a8a1733cd923459,11,55,11,55,OK
same,praveenjuge/mynaui-icons,18,19,CLEAN,false,false,2026-09-16T23:41:38.013119+00:00,current-pr-heads-at-extraction; not frozen replay OIDs,git version 2.50.1 (Apple Git-155),refs/pull/N/head; --no-tags; depth 80; depth 600 retry if no merge base,git -c diff.renames=true -c diff.algorithm=myers diff --no-ext-diff --no-textconv --unified=0; default whitespace; binary paths count as files and contribute zero hunks,8e9264030cdebea6a91fd369f33a9000966f832c,4d225e0bb8d7706d79d0dd3cde30ea6038fc2716,8e9264030cdebea6a91fd369f33a9000966f832c,4d225e0bb8d7706d79d0dd3cde30ea6038fc2716,759b5900c2a289e5968ee5e50ac6204fd66b3a63,759b5900c2a289e5968ee5e50ac6204fd66b3a63,39547ff9666bc7b120f2066e4be848eb2cea1b12,2,2,1,1,OK
same,chainwayxyz/citrea,2542,2543,CLEAN,false,false,2026-09-16T23:41:42.628505+00:00,current-pr-heads-at-extraction; not frozen replay OIDs,git version 2.50.1 (Apple Git-155),refs/pull/N/head; --no-tags; depth 80; depth 600 retry if no merge base,git -c diff.renames=true -c diff.algorithm=myers diff --no-ext-diff --no-textconv --unified=0; default whitespace; binary paths count as files and contribute zero hunks,d9657aba0af4ce9b079cbd7ce83e74932e5b4a90,0cccbcb6178e9bddb45e61736564cac3bc9100b7,d9657aba0af4ce9b079cbd7ce83e74932e5b4a90,0cccbcb6178e9bddb45e61736564cac3bc9100b7,e5bfa423f6501a7a3650adae49d61102f351ef87,e5bfa423f6501a7a3650adae49d61102f351ef87,e5bfa423f6501a7a3650adae49d61102f351ef87,1,1,0,0,OK
same,BoundaryML/baml,2027,2029,CLEAN,false,false,2026-09-16T23:41:47.825447+00:00,current-pr-heads-at-extraction; not frozen replay OIDs,git version 2.50.1 (Apple Git-155),refs/pull/N/head; --no-tags; depth 80; depth 600 retry if no merge base,git -c diff.renames=true -c diff.algorithm=myers diff --no-ext-diff --no-textconv --unified=0; default whitespace; binary paths count as files and contribute zero hunks,11cabb2f1f0e9f8a10d1ef9e764e88283af5120f,ee697ca1531514c73cd9f83c2a4e9e133363deb4,11cabb2f1f0e9f8a10d1ef9e764e88283af5120f,ee697ca1531514c73cd9f83c2a4e9e133363deb4,51e8dd04dd296590ed87120aafc8822bda6254a6,97b2408b5dd5d5555272cca24b3569ff1c9d5164,51e8dd04dd296590ed87120aafc8822bda6254a6,4,4,19,25,OK
same,LayerZero-Labs/devtools,1504,1506,CLEAN,false,false,2026-09-16T23:41:52.932959+00:00,current-pr-heads-at-extraction; not frozen replay OIDs,git version 2.50.1 (Apple Git-155),refs/pull/N/head; --no-tags; depth 80; depth 600 retry if no merge base,git -c diff.renames=true -c diff.algorithm=myers diff --no-ext-diff --no-textconv --unified=0; default whitespace; binary paths count as files and contribute zero hunks,22d9b44a59e7abfecaa119662626fdddaf0c90cb,070aca537804c50823f25de4a83d8ccfff406ac6,22d9b44a59e7abfecaa119662626fdddaf0c90cb,070aca537804c50823f25de4a83d8ccfff406ac6,eb6d8df9dcbdc97c65fb46938700018c0fbf9a1f,15f79708fb342dd1dfde6f9e669aa8d56ca1a954,e883227c1bce7665732afe8986150d5fb834dc9a,32,205,104,151,OK
same,Stratus-Security/Subdominator,13,14,CLEAN,false,false,2026-09-16T23:41:56.325672+00:00,current-pr-heads-at-extraction; not frozen replay OIDs,git version 2.50.1 (Apple Git-155),refs/pull/N/head; --no-tags; depth 80; depth 600 retry if no merge base,git -c diff.renames=true -c diff.algorithm=myers diff --no-ext-diff --no-textconv --unified=0; default whitespace; binary paths count as files and contribute zero hunks,310be89de6e105f90a24cfa288ce01ef94e4f7eb,50d1da929fb618f9a200f1a4a3fa85a574bb1ecf,310be89de6e105f90a24cfa288ce01ef94e4f7eb,50d1da929fb618f9a200f1a4a3fa85a574bb1ecf,976f291baae94c473203d55268b13b4884f9a767,976f291baae94c473203d55268b13b4884f9a767,976f291baae94c473203d55268b13b4884f9a767,1,4,3,5,OK
same,webgptorg/promptbook,274,276,CONFLICT,true,true,2026-09-16T23:41:58.754500+00:00,current-pr-heads-at-extraction; not frozen replay OIDs,git version 2.50.1 (Apple Git-155),refs/pull/N/head; --no-tags; depth 80; depth 600 retry if no merge base,git -c diff.renames=true -c diff.algorithm=myers diff --no-ext-diff --no-textconv --unified=0; default whitespace; binary paths count as files and contribute zero hunks,72e3842f2005f601622077d9662a9c5540e5bb32,c92f9a875a2b7a31308d1435d14c1392a1cd0ac4,72e3842f2005f601622077d9662a9c5540e5bb32,c92f9a875a2b7a31308d1435d14c1392a1cd0ac4,93fccdfa0391cc8de4cf7ef8117cd2ac63db7111,3d82206d835d4e597f5849df5fde21c4bb142d79,3d82206d835d4e597f5849df5fde21c4bb142d79,9,51,7,13,OK
same,assistant-ui/assistant-ui,2124,2127,CLEAN,false,false,2026-09-16T23:42:07.761874+00:00,current-pr-heads-at-extraction; not frozen replay OIDs,git version 2.50.1 (Apple Git-155),refs/pull/N/head; --no-tags; depth 80; depth 600 retry if no merge base,git -c diff.renames=true -c diff.algorithm=myers diff --no-ext-diff --no-textconv --unified=0; default whitespace; binary paths count as files and contribute zero hunks,c149b1bfd643e9707e11540e35d5055b512708fe,c68cd3454135bbfdfad3002af5057b3275fdf155,c149b1bfd643e9707e11540e35d5055b512708fe,c68cd3454135bbfdfad3002af5057b3275fdf155,75e3c3675ca7266446eadbaf5de423175f654d47,75e3c3675ca7266446eadbaf5de423175f654d47,75e3c3675ca7266446eadbaf5de423175f654d47,1,1,2,2,OK
same,espresso3389/pdfrx,382,383,CLEAN,false,false,2026-09-16T23:42:12.274244+00:00,current-pr-heads-at-extraction; not frozen replay OIDs,git version 2.50.1 (Apple Git-155),refs/pull/N/head; --no-tags; depth 80; depth 600 retry if no merge base,git -c diff.renames=true -c diff.algorithm=myers diff --no-ext-diff --no-textconv --unified=0; default whitespace; binary paths count as files and contribute zero hunks,c8ea182800fc17e80d4e07dc91a0f7d3961bf3bf,f94738ade156cee23bf12581fe6f195afc2b2f4b,c8ea182800fc17e80d4e07dc91a0f7d3961bf3bf,f94738ade156cee23bf12581fe6f195afc2b2f4b,3498e1002eba16570dca307a16ef688a1467aace,3498e1002eba16570dca307a16ef688a1467aace,3498e1002eba16570dca307a16ef688a1467aace,1,1,1,2,OK
same,estruyf/vscode-demo-time,120,121,CLEAN,false,false,2026-09-16T23:42:14.832662+00:00,current-pr-heads-at-extraction; not frozen replay OIDs,git version 2.50.1 (Apple Git-155),refs/pull/N/head; --no-tags; depth 80; depth 600 retry if no merge base,git -c diff.renames=true -c diff.algorithm=myers diff --no-ext-diff --no-textconv --unified=0; default whitespace; binary paths count as files and contribute zero hunks,12480e62ee7c8df6202ef7e5390b6831b835d4c4,5c129e1d7775eee018819917156437260d49f79e,12480e62ee7c8df6202ef7e5390b6831b835d4c4,5c129e1d7775eee018819917156437260d49f79e,0344b0bb856dc0ecde285d36544c8f06de4a980a,0344b0bb856dc0ecde285d36544c8f06de4a980a,0344b0bb856dc0ecde285d36544c8f06de4a980a,0,0,7,14,OK
same,cloudwalk/stratus,2019,2020,CLEAN,false,false,2026-09-16T23:42:18.044812+00:00,current-pr-heads-at-extraction; not frozen replay OIDs,git version 2.50.1 (Apple Git-155),refs/pull/N/head; --no-tags; depth 80; depth 600 retry if no merge base,git -c diff.renames=true -c diff.algorithm=myers diff --no-ext-diff --no-textconv --unified=0; default whitespace; binary paths count as files and contribute zero hunks,7289a98a6af9133f6425355a9bf081e4f24e4a62,2ac471f1076e48c21fc954c7da7265cf30a6417b,7289a98a6af9133f6425355a9bf081e4f24e4a62,2ac471f1076e48c21fc954c7da7265cf30a6417b,2ff64401db09be35083828c53c40ea924499f06b,69d157efe329f52462cff799ef93335174fd6172,69d157efe329f52462cff799ef93335174fd6172,7,23,4,11,OK
same,icehouse-ventures/laravel-chartjs,35,36,CONFLICT,true,true,2026-09-16T23:42:21.173881+00:00,current-pr-heads-at-extraction; not frozen replay OIDs,git version 2.50.1 (Apple Git-155),refs/pull/N/head; --no-tags; depth 80; depth 600 retry if no merge base,git -c diff.renames=true -c diff.algorithm=myers diff --no-ext-diff --no-textconv --unified=0; default whitespace; binary paths count as files and contribute zero hunks,822a270fa4a8d69b5884f5279245e6ad5f5fe344,7ad5adfbf58efb85f89eb15d93743d48b26fe774,822a270fa4a8d69b5884f5279245e6ad5f5fe344,7ad5adfbf58efb85f89eb15d93743d48b26fe774,47bf2beece9d820367f57dada46ac9bd4c406761,47bf2beece9d820367f57dada46ac9bd4c406761,47bf2beece9d820367f57dada46ac9bd4c406761,3,4,7,12,OK
same,crewAIInc/crewAI-tools,163,164,CONFLICT,true,true,2026-09-16T23:42:24.059427+00:00,current-pr-heads-at-extraction; not frozen replay OIDs,git version 2.50.1 (Apple Git-155),refs/pull/N/head; --no-tags; depth 80; depth 600 retry if no merge base,git -c diff.renames=true -c diff.algorithm=myers diff --no-ext-diff --no-textconv --unified=0; default whitespace; binary paths count as files and contribute zero hunks,78cb7155ee0fb6847f220c7fd2a7891062e6914c,d3801cfc4de63e35de042b5a3cf0bb4247fe09d4,78cb7155ee0fb6847f220c7fd2a7891062e6914c,d3801cfc4de63e35de042b5a3cf0bb4247fe09d4,564cf35ecc61ec4a94edceaabf5e0c724dd8efdd,564cf35ecc61ec4a94edceaabf5e0c724dd8efdd,940bbcc26617369ebea0a8d1925e7b4c916426b2,40,491,26,105,OK
same,dotnet/docs-aspire,3710,3711,CLEAN,false,false,2026-09-16T23:42:26.551080+00:00,current-pr-heads-at-extraction; not frozen replay OIDs,git version 2.50.1 (Apple Git-155),refs/pull/N/head; --no-tags; depth 80; depth 600 retry if no merge base,git -c diff.renames=true -c diff.algorithm=myers diff --no-ext-diff --no-textconv --unified=0; default whitespace; binary paths count as files and contribute zero hunks,d00ba51668ae028094f6f40f7e35bffbd486ed1d,a800f9534c83d67287f125e60fffc79cc2352d24,d00ba51668ae028094f6f40f7e35bffbd486ed1d,a800f9534c83d67287f125e60fffc79cc2352d24,e87ea6a1f04604c1e37466e2463c0625fe901c15,e87ea6a1f04604c1e37466e2463c0625fe901c15,e87ea6a1f04604c1e37466e2463c0625fe901c15,1,9,1,1,OK
same,moonbitlang/core,2247,2248,CONFLICT,true,true,2026-09-16T23:42:31.129674+00:00,current-pr-heads-at-extraction; not frozen replay OIDs,git version 2.50.1 (Apple Git-155),refs/pull/N/head; --no-tags; depth 80; depth 600 retry if no merge base,git -c diff.renames=true -c diff.algorithm=myers diff --no-ext-diff --no-textconv --unified=0; default whitespace; binary paths count as files and contribute zero hunks,ac35e7351041494c493980fde12d2ef74cb8686d,6adff7b22355a3d19900f6d9fe12135f9382e78e,ac35e7351041494c493980fde12d2ef74cb8686d,6adff7b22355a3d19900f6d9fe12135f9382e78e,64fafe6b9aa1118ffbd9143444f3c5a91bf68fb8,b57f5ae01047b86071d96f8cb80c25b0f4784a63,b57f5ae01047b86071d96f8cb80c25b0f4784a63,104,414,3,3,OK
same,sqlrooms/sqlrooms,56,57,CLEAN,false,false,2026-09-16T23:42:34.331241+00:00,current-pr-heads-at-extraction; not frozen replay OIDs,git version 2.50.1 (Apple Git-155),refs/pull/N/head; --no-tags; depth 80; depth 600 retry if no merge base,git -c diff.renames=true -c diff.algorithm=myers diff --no-ext-diff --no-textconv --unified=0; default whitespace; binary paths count as files and contribute zero hunks,f8ae905994d8fd2552cb1529006994adca8f49a6,6ef5fbc6ef9832163bf56ee6d6f1172965f0d87b,f8ae905994d8fd2552cb1529006994adca8f49a6,6ef5fbc6ef9832163bf56ee6d6f1172965f0d87b,e21b9e6eab27c53d9c1ae7d5ca1b5f497ad2fe83,e21b9e6eab27c53d9c1ae7d5ca1b5f497ad2fe83,1b92c19ae403b923ae1ea85bb9ff16f98a278ead,6,7,64,64,OK
same,LeagueAkari/LeagueAkari,253,254,CLEAN,false,false,2026-09-16T23:42:37.571494+00:00,current-pr-heads-at-extraction; not frozen replay OIDs,git version 2.50.1 (Apple Git-155),refs/pull/N/head; --no-tags; depth 80; depth 600 retry if no merge base,git -c diff.renames=true -c diff.algorithm=myers diff --no-ext-diff --no-textconv --unified=0; default whitespace; binary paths count as files and contribute zero hunks,7cfc0fb442b5d30307c9f54d3f6ffa42bb660dd7,29cf4362c25c363b06fb0ec384aa6d56c8c7a861,7cfc0fb442b5d30307c9f54d3f6ffa42bb660dd7,29cf4362c25c363b06fb0ec384aa6d56c8c7a861,0055ea47bdbf69138c8ace4063dc8de4a222aa7e,bfec2cc1dffc21bfe959472021874a924cdfc563,4a098cd38705db4b8bb5f709f0c292648356595d,1,2,1,1,OK
same,airbytehq/PyAirbyte,582,587,CLEAN,false,false,2026-09-16T23:42:43.958609+00:00,current-pr-heads-at-extraction; not frozen replay OIDs,git version 2.50.1 (Apple Git-155),refs/pull/N/head; --no-tags; depth 80; depth 600 retry if no merge base,git -c diff.renames=true -c diff.algorithm=myers diff --no-ext-diff --no-textconv --unified=0; default whitespace; binary paths count as files and contribute zero hunks,f35332e8ac26562c780908c91d93da6043f19e6c,89e9a92fc12c83a8c370003e3d5c3b1e71ef3342,f35332e8ac26562c780908c91d93da6043f19e6c,89e9a92fc12c83a8c370003e3d5c3b1e71ef3342,f7b88eba400d7aa768c8c370cfbac6f18dfc61c6,f7b88eba400d7aa768c8c370cfbac6f18dfc61c6,f7b88eba400d7aa768c8c370cfbac6f18dfc61c6,2,5,10,165,OK
same,kubetail-org/kubetail,381,382,CLEAN,false,false,2026-09-16T23:42:47.142276+00:00,current-pr-heads-at-extraction; not frozen replay OIDs,git version 2.50.1 (Apple Git-155),refs/pull/N/head; --no-tags; depth 80; depth 600 retry if no merge base,git -c diff.renames=true -c diff.algorithm=myers diff --no-ext-diff --no-textconv --unified=0; default whitespace; binary paths count as files and contribute zero hunks,9bdc5710e443d060ef170a33053f22d4dae792f4,12cdc733de100bdb9b66b549191a2b7c8f0f0342,9bdc5710e443d060ef170a33053f22d4dae792f4,12cdc733de100bdb9b66b549191a2b7c8f0f0342,c7b42461264ee649aefe5d8aa2503c129346dd0e,d3a5e9e2ff5939f7101e986f6e9b6dc221470a61,d3a5e9e2ff5939f7101e986f6e9b6dc221470a61,9,35,2,2,OK
same,moxin-org/moly,521,522,CLEAN,false,false,2026-09-16T23:42:49.526118+00:00,current-pr-heads-at-extraction; not frozen replay OIDs,git version 2.50.1 (Apple Git-155),refs/pull/N/head; --no-tags; depth 80; depth 600 retry if no merge base,git -c diff.renames=true -c diff.algorithm=myers diff --no-ext-diff --no-textconv --unified=0; default whitespace; binary paths count as files and contribute zero hunks,f83b99c792e6af6ef0b5b104dc4fa3f69495154f,242a126c772ccf98cf795b5f490c1e847b414284,f83b99c792e6af6ef0b5b104dc4fa3f69495154f,242a126c772ccf98cf795b5f490c1e847b414284,c80a3bfdda274896855d0eefb19bc9c8dd4afe41,c80a3bfdda274896855d0eefb19bc9c8dd4afe41,c80a3bfdda274896855d0eefb19bc9c8dd4afe41,1,1,2,7,OK
same,microsoft/retina,1617,1624,CLEAN,false,false,2026-09-16T23:42:52.502848+00:00,current-pr-heads-at-extraction; not frozen replay OIDs,git version 2.50.1 (Apple Git-155),refs/pull/N/head; --no-tags; depth 80; depth 600 retry if no merge base,git -c diff.renames=true -c diff.algorithm=myers diff --no-ext-diff --no-textconv --unified=0; default whitespace; binary paths count as files and contribute zero hunks,04890c2dbdcb67a7e79278575a5999a385314bc6,2f0cd56fbaa0df451f91485444e4a26d6c692cba,04890c2dbdcb67a7e79278575a5999a385314bc6,2f0cd56fbaa0df451f91485444e4a26d6c692cba,664f12f7c7ffcf0efe2aceb0324bcf98c0260287,37d15667662c0dc47f0c21d9269444233e5e56e9,664f12f7c7ffcf0efe2aceb0324bcf98c0260287,32,68,5,6,OK
same,bruin-data/ingestr,235,236,CLEAN,false,false,2026-09-16T23:42:57.078182+00:00,current-pr-heads-at-extraction; not frozen replay OIDs,git version 2.50.1 (Apple Git-155),refs/pull/N/head; --no-tags; depth 80; depth 600 retry if no merge base,git -c diff.renames=true -c diff.algorithm=myers diff --no-ext-diff --no-textconv --unified=0; default whitespace; binary paths count as files and contribute zero hunks,aaa5fc5c1d54f0d027f69da85fc7adf4e2ec3641,cc92647efc71140582ce3dfdc87ccd1694d62d76,aaa5fc5c1d54f0d027f69da85fc7adf4e2ec3641,cc92647efc71140582ce3dfdc87ccd1694d62d76,3b30f7ae40a7c4ae9cc1e1439ea0193bf594b3d2,3b30f7ae40a7c4ae9cc1e1439ea0193bf594b3d2,3b30f7ae40a7c4ae9cc1e1439ea0193bf594b3d2,7,41,5,6,OK
same,google-deepmind/gemma,322,323,CONFLICT,false,false,2026-09-16T23:42:59.658955+00:00,current-pr-heads-at-extraction; not frozen replay OIDs,git version 2.50.1 (Apple Git-155),refs/pull/N/head; --no-tags; depth 80; depth 600 retry if no merge base,git -c diff.renames=true -c diff.algorithm=myers diff --no-ext-diff --no-textconv --unified=0; default whitespace; binary paths count as files and contribute zero hunks,06f624fc083095cab0fb6bf16547bca42228d6c2,dbff83cfcc6fec93b8df7df001c6fcebb2b60dc6,06f624fc083095cab0fb6bf16547bca42228d6c2,dbff83cfcc6fec93b8df7df001c6fcebb2b60dc6,e552410c50a38edcdf8122f96321373cafe9a252,e552410c50a38edcdf8122f96321373cafe9a252,e552410c50a38edcdf8122f96321373cafe9a252,1,1,1,1,OK
same,livingbio/typed-ffmpeg,742,744,CONFLICT,true,true,2026-09-16T23:43:02.721592+00:00,current-pr-heads-at-extraction; not frozen replay OIDs,git version 2.50.1 (Apple Git-155),refs/pull/N/head; --no-tags; depth 80; depth 600 retry if no merge base,git -c diff.renames=true -c diff.algorithm=myers diff --no-ext-diff --no-textconv --unified=0; default whitespace; binary paths count as files and contribute zero hunks,b1c9987acc55bb11dc25c67ffeaa8450dd04eba7,862651602bcd5488e8c52a5a631a08ec4e00d16a,b1c9987acc55bb11dc25c67ffeaa8450dd04eba7,862651602bcd5488e8c52a5a631a08ec4e00d16a,a2f511dc7f6c012b42bd4532cb7b86b74b56570f,a2f511dc7f6c012b42bd4532cb7b86b74b56570f,a2f511dc7f6c012b42bd4532cb7b86b74b56570f,3,18,3,37,OK
same,oss-apps/split-pro,260,262,CLEAN,false,false,2026-09-16T23:43:10.261350+00:00,current-pr-heads-at-extraction; not frozen replay OIDs,git version 2.50.1 (Apple Git-155),refs/pull/N/head; --no-tags; depth 80; depth 600 retry if no merge base,git -c diff.renames=true -c diff.algorithm=myers diff --no-ext-diff --no-textconv --unified=0; default whitespace; binary paths count as files and contribute zero hunks,f80984917288603aaea363fbeefda3c72db06cdd,15a9704f36f11c654a73f33f40fa352f6f262a51,f80984917288603aaea363fbeefda3c72db06cdd,15a9704f36f11c654a73f33f40fa352f6f262a51,3d22db8f9d0c888785557a0bbff1b070b8aa6636,3d22db8f9d0c888785557a0bbff1b070b8aa6636,3d22db8f9d0c888785557a0bbff1b070b8aa6636,8,28,15,19,OK
same,Myriad-Dreamin/tinymist,1887,1888,CLEAN,false,false,2026-09-16T23:43:13.832653+00:00,current-pr-heads-at-extraction; not frozen replay OIDs,git version 2.50.1 (Apple Git-155),refs/pull/N/head; --no-tags; depth 80; depth 600 retry if no merge base,git -c diff.renames=true -c diff.algorithm=myers diff --no-ext-diff --no-textconv --unified=0; default whitespace; binary paths count as files and contribute zero hunks,ab5c1a53eb4c375d1592fac1719a8e4cdb5e6afd,8ec3aeef13a90217d841dc65d704b9cae5743563,ab5c1a53eb4c375d1592fac1719a8e4cdb5e6afd,8ec3aeef13a90217d841dc65d704b9cae5743563,b4a53274c2f1c9a6cfcf77b0522704f30d9cb063,f7e04d1d2c519554ee153c20677a3c96df9c89f0,f7e04d1d2c519554ee153c20677a3c96df9c89f0,1,1,1,1,OK
same,lingodotdev/lingo.dev,693,694,CLEAN,false,false,2026-09-16T23:43:17.200158+00:00,current-pr-heads-at-extraction; not frozen replay OIDs,git version 2.50.1 (Apple Git-155),refs/pull/N/head; --no-tags; depth 80; depth 600 retry if no merge base,git -c diff.renames=true -c diff.algorithm=myers diff --no-ext-diff --no-textconv --unified=0; default whitespace; binary paths count as files and contribute zero hunks,8121ce9189a8a743519947985c1a29486f82b8ba,05fd36719fdf7a38d1f3a4cecba3a5bf435a7c90,8121ce9189a8a743519947985c1a29486f82b8ba,05fd36719fdf7a38d1f3a4cecba3a5bf435a7c90,a43e51c9e5651704fe7e200c910c4fab3fecb443,a43e51c9e5651704fe7e200c910c4fab3fecb443,a1a4100a93dfd915c8ba7bb07424b40a44687aea,2,2,7,8,OK
same,dcSpark/shinkai-local-ai-agents,702,703,CLEAN,false,false,2026-09-16T23:43:19.937977+00:00,current-pr-heads-at-extraction; not frozen replay OIDs,git version 2.50.1 (Apple Git-155),refs/pull/N/head; --no-tags; depth 80; depth 600 retry if no merge base,git -c diff.renames=true -c diff.algorithm=myers diff --no-ext-diff --no-textconv --unified=0; default whitespace; binary paths count as files and contribute zero hunks,f866845dd794c789905a662789da1fb4a70f0a6e,334213a62e35bc1e2d7bbdfdc6b8ede2f94b1672,f866845dd794c789905a662789da1fb4a70f0a6e,334213a62e35bc1e2d7bbdfdc6b8ede2f94b1672,4d9dd5cb50873a42a597fe21d79b2847a8b5f278,4d9dd5cb50873a42a597fe21d79b2847a8b5f278,4d9dd5cb50873a42a597fe21d79b2847a8b5f278,1,3,1,9,OK
same,AIDotNet/Thor,72,77,CLEAN,false,false,2026-09-16T23:43:43.548569+00:00,current-pr-heads-at-extraction; not frozen replay OIDs,git version 2.50.1 (Apple Git-155),refs/pull/N/head; --no-tags; depth 80; depth 600 retry if no merge base,git -c diff.renames=true -c diff.algorithm=myers diff --no-ext-diff --no-textconv --unified=0; default whitespace; binary paths count as files and contribute zero hunks,5637fb6c44a29f476be5846d0dd39a7d6288330d,7d764ddb7e398d4c50ec01c5ecfdd7980f5d2371,5637fb6c44a29f476be5846d0dd39a7d6288330d,7d764ddb7e398d4c50ec01c5ecfdd7980f5d2371,527419b5a685e67c9c57f38548d47f9f151d22de,1de439a6235e4b403f7f74cf0d0fde10f9e4f22b,527419b5a685e67c9c57f38548d47f9f151d22de,9,11,21,63,OK
same,nandyalu/trailarr,259,267,CONFLICT,true,true,2026-09-16T23:43:46.128770+00:00,current-pr-heads-at-extraction; not frozen replay OIDs,git version 2.50.1 (Apple Git-155),refs/pull/N/head; --no-tags; depth 80; depth 600 retry if no merge base,git -c diff.renames=true -c diff.algorithm=myers diff --no-ext-diff --no-textconv --unified=0; default whitespace; binary paths count as files and contribute zero hunks,337dcea9a2ce7b3f0636c9ad23c7b74bec4907c1,041fbb2681705ed1b25016f3f2008f9bb35b51ae,337dcea9a2ce7b3f0636c9ad23c7b74bec4907c1,041fbb2681705ed1b25016f3f2008f9bb35b51ae,4434fc123010b759222fb1759a0ad4e56babda8a,6695cd3915563576e4ff74245431ea75c7873727,4434fc123010b759222fb1759a0ad4e56babda8a,90,325,104,379,OK
same,colorstackorg/oyster,692,693,CLEAN,false,false,2026-09-16T23:43:50.511342+00:00,current-pr-heads-at-extraction; not frozen replay OIDs,git version 2.50.1 (Apple Git-155),refs/pull/N/head; --no-tags; depth 80; depth 600 retry if no merge base,git -c diff.renames=true -c diff.algorithm=myers diff --no-ext-diff --no-textconv --unified=0; default whitespace; binary paths count as files and contribute zero hunks,44b042d826ad772f462af8f282243b07dccdb2b8,3925c8cd64f5d96e12efadbb6502bbc3852b6f69,44b042d826ad772f462af8f282243b07dccdb2b8,3925c8cd64f5d96e12efadbb6502bbc3852b6f69,72ccc8f9b6dc4990e051e0292581d53a88ec6372,72ccc8f9b6dc4990e051e0292581d53a88ec6372,72ccc8f9b6dc4990e051e0292581d53a88ec6372,3,4,2,2,OK
same,simonw/tools,33,34,CLEAN,false,false,2026-09-16T23:43:53.800370+00:00,current-pr-heads-at-extraction; not frozen replay OIDs,git version 2.50.1 (Apple Git-155),refs/pull/N/head; --no-tags; depth 80; depth 600 retry if no merge base,git -c diff.renames=true -c diff.algorithm=myers diff --no-ext-diff --no-textconv --unified=0; default whitespace; binary paths count as files and contribute zero hunks,703ab018893440404edc5cc310ec84957deeff4e,e97476f13013f77487c819b69d615d374656e37e,703ab018893440404edc5cc310ec84957deeff4e,e97476f13013f77487c819b69d615d374656e37e,34a5897b9a4992387528d574eb7d5c0ddb2dc4ab,e1d363f9ff102524bee9dbbd8e8e4dc914e7c9d7,8112faa9835d8f318dc5628cde2203191a036bcc,2,2,6,38,OK
same,marin-community/marin,1392,1400,CLEAN,false,false,2026-09-16T23:43:56.143366+00:00,current-pr-heads-at-extraction; not frozen replay OIDs,git version 2.50.1 (Apple Git-155),refs/pull/N/head; --no-tags; depth 80; depth 600 retry if no merge base,git -c diff.renames=true -c diff.algorithm=myers diff --no-ext-diff --no-textconv --unified=0; default whitespace; binary paths count as files and contribute zero hunks,6c771d222df12a5ac99b7f4a484aa4b8f5c69c4e,c0d920b28e764d14b284e52a3f3ea342c1ef06a7,6c771d222df12a5ac99b7f4a484aa4b8f5c69c4e,c0d920b28e764d14b284e52a3f3ea342c1ef06a7,23d1999d380d52a5dacce3c4d1a1db067ab98f24,6c903316dbc1ea8af7109774a4816beafe0b78bc,6c903316dbc1ea8af7109774a4816beafe0b78bc,42,125,2,2,OK
same,tegnike/aituber-kit,330,331,CLEAN,false,false,2026-09-16T23:43:59.545637+00:00,current-pr-heads-at-extraction; not frozen replay OIDs,git version 2.50.1 (Apple Git-155),refs/pull/N/head; --no-tags; depth 80; depth 600 retry if no merge base,git -c diff.renames=true -c diff.algorithm=myers diff --no-ext-diff --no-textconv --unified=0; default whitespace; binary paths count as files and contribute zero hunks,58a810030fbc799021061df50a93df6c6c3d2d77,16a96723f06a26b7b2b05ebe3e2e2b1f6eae27b3,58a810030fbc799021061df50a93df6c6c3d2d77,16a96723f06a26b7b2b05ebe3e2e2b1f6eae27b3,8ace4a961fc74e59a81c2fd2e739d845fac33c5b,8ace4a961fc74e59a81c2fd2e739d845fac33c5b,8ace4a961fc74e59a81c2fd2e739d845fac33c5b,1,1,19,102,OK
same,microsoft/graphrag,1944,1956,CLEAN,false,false,2026-09-16T23:44:43.031525+00:00,current-pr-heads-at-extraction; not frozen replay OIDs,git version 2.50.1 (Apple Git-155),refs/pull/N/head; --no-tags; depth 80; depth 600 retry if no merge base,git -c diff.renames=true -c diff.algorithm=myers diff --no-ext-diff --no-textconv --unified=0; default whitespace; binary paths count as files and contribute zero hunks,00c63ae74fc60c29f3dbac0e43d0b2d704fae42c,23e9789733c4b00153d86659bb6f8605d86f7e18,00c63ae74fc60c29f3dbac0e43d0b2d704fae42c,23e9789733c4b00153d86659bb6f8605d86f7e18,e84df28e6429e338595e1b7730be2a89153b6c18,27c6de846f9326992e946d46c2cabc7b49b44983,27c6de846f9326992e946d46c2cabc7b49b44983,131,946,128,936,OK
same,vltpkg/vltpkg,845,847,CLEAN,false,false,2026-09-16T23:44:46.731999+00:00,current-pr-heads-at-extraction; not frozen replay OIDs,git version 2.50.1 (Apple Git-155),refs/pull/N/head; --no-tags; depth 80; depth 600 retry if no merge base,git -c diff.renames=true -c diff.algorithm=myers diff --no-ext-diff --no-textconv --unified=0; default whitespace; binary paths count as files and contribute zero hunks,e1e8aa5918a27e6a1af8929ff4f27a62025ff9b4,74ec20bd3573b8639aac341bc813b11cc86ecdb4,e1e8aa5918a27e6a1af8929ff4f27a62025ff9b4,74ec20bd3573b8639aac341bc813b11cc86ecdb4,d36a8ecd795e5ef5f4bd8ca8f549623a2e19ce43,975cdb8ee7ba7d3dce17f083f92088d6e9ef4528,d36a8ecd795e5ef5f4bd8ca8f549623a2e19ce43,1,1,4,7,OK
same,janbjorge/pgqueuer,397,398,CLEAN,false,false,2026-09-16T23:44:49.773397+00:00,current-pr-heads-at-extraction; not frozen replay OIDs,git version 2.50.1 (Apple Git-155),refs/pull/N/head; --no-tags; depth 80; depth 600 retry if no merge base,git -c diff.renames=true -c diff.algorithm=myers diff --no-ext-diff --no-textconv --unified=0; default whitespace; binary paths count as files and contribute zero hunks,10774e64d34be936335eacf942e012c4dc1f8a51,3fd3bb69dcc83af31bebd473a660a74a7362ed91,10774e64d34be936335eacf942e012c4dc1f8a51,3fd3bb69dcc83af31bebd473a660a74a7362ed91,b1b668c6415f2079a692eeccb29726077c36d267,fb2341e68f37bff03387f3bc47a4e5969c03a91d,fb2341e68f37bff03387f3bc47a4e5969c03a91d,3,4,2,3,OK
same,nbonamy/witsy,320,321,UNAVAIL_fetch,false,false,2026-09-16T23:44:52.189069+00:00,current-pr-heads-at-extraction; not frozen replay OIDs,git version 2.50.1 (Apple Git-155),refs/pull/N/head; --no-tags; depth 80; depth 600 retry if no merge base,git -c diff.renames=true -c diff.algorithm=myers diff --no-ext-diff --no-textconv --unified=0; default whitespace; binary paths count as files and contribute zero hunks,,,,,,,,,,,,UNAVAIL_fetch
same,receptron/graphai,1158,1159,CLEAN,false,false,2026-09-16T23:44:52.189331+00:00,current-pr-heads-at-extraction; not frozen replay OIDs,git version 2.50.1 (Apple Git-155),refs/pull/N/head; --no-tags; depth 80; depth 600 retry if no merge base,git -c diff.renames=true -c diff.algorithm=myers diff --no-ext-diff --no-textconv --unified=0; default whitespace; binary paths count as files and contribute zero hunks,74f584e0549d864233008719f087c30b0d80fd80,65518889fcf465a1a1c76ec2f55552588337ae23,74f584e0549d864233008719f087c30b0d80fd80,65518889fcf465a1a1c76ec2f55552588337ae23,daad0cce8537e2bd68198619c90b332b3c532a7e,daad0cce8537e2bd68198619c90b332b3c532a7e,0f4b20da0080ed21b3a7f05460a8461209123916,28,31,10,41,OK
same,wandb/openui,235,237,CONFLICT,true,false,2026-09-16T23:44:54.631923+00:00,current-pr-heads-at-extraction; not frozen replay OIDs,git version 2.50.1 (Apple Git-155),refs/pull/N/head; --no-tags; depth 80; depth 600 retry if no merge base,git -c diff.renames=true -c diff.algorithm=myers diff --no-ext-diff --no-textconv --unified=0; default whitespace; binary paths count as files and contribute zero hunks,90366e19794632b51a33409e45d52ca702b61739,b4cba84fa99faa76c94921ceaffc797ce18a689e,90366e19794632b51a33409e45d52ca702b61739,b4cba84fa99faa76c94921ceaffc797ce18a689e,33880317d43d7188a5ce3c9ca35956b2481dd88a,17764dcdafe83cf2058eb6841f74654775f04f62,5c6d7bfa799e605a90fb1e094b92ee015729a859,54,1578,25,86,OK
same,Blaizzy/mlx-vlm,356,357,CLEAN,false,false,2026-09-16T23:44:59.497286+00:00,current-pr-heads-at-extraction; not frozen replay OIDs,git version 2.50.1 (Apple Git-155),refs/pull/N/head; --no-tags; depth 80; depth 600 retry if no merge base,git -c diff.renames=true -c diff.algorithm=myers diff --no-ext-diff --no-textconv --unified=0; default whitespace; binary paths count as files and contribute zero hunks,7f8c04f14fd69f72401d6190d37795699c54018d,2d3602169684e9cfe142f32a58670df20b8f1669,7f8c04f14fd69f72401d6190d37795699c54018d,2d3602169684e9cfe142f32a58670df20b8f1669,9365e1ac043474072ff3bf3e1753dd011d31c599,f1ad33c5e43c4196b779ad35c046fd328cb0e207,f1ad33c5e43c4196b779ad35c046fd328cb0e207,3,3,1,1,OK
same,openvm-org/openvm,1731,1732,CLEAN,false,false,2026-09-16T23:45:03.940125+00:00,current-pr-heads-at-extraction; not frozen replay OIDs,git version 2.50.1 (Apple Git-155),refs/pull/N/head; --no-tags; depth 80; depth 600 retry if no merge base,git -c diff.renames=true -c diff.algorithm=myers diff --no-ext-diff --no-textconv --unified=0; default whitespace; binary paths count as files and contribute zero hunks,fc7a9100a8a4aabcd5d4449c024ac584845d3c43,11ae20c9188103b3ab0efa3d1e6088c148c1fbdb,fc7a9100a8a4aabcd5d4449c024ac584845d3c43,11ae20c9188103b3ab0efa3d1e6088c148c1fbdb,a4fef23b3a853a417fbf4431728c55194853eea1,4973d38cb3f2e14ebdd59e03802e65bb657ee422,152b6b6c85eda34b367ec261f2f65b0457b9b2d9,15,72,131,432,OK
same,enviodev/hyperindex,579,608,CLEAN,false,false,2026-09-16T23:45:06.868777+00:00,current-pr-heads-at-extraction; not frozen replay OIDs,git version 2.50.1 (Apple Git-155),refs/pull/N/head; --no-tags; depth 80; depth 600 retry if no merge base,git -c diff.renames=true -c diff.algorithm=myers diff --no-ext-diff --no-textconv --unified=0; default whitespace; binary paths count as files and contribute zero hunks,3f48879dbc6617eb72fe373568f4ea0026f2d44f,10c5814f4e1ca2ffb6d5c2819736b63a3cc5dd71,3f48879dbc6617eb72fe373568f4ea0026f2d44f,10c5814f4e1ca2ffb6d5c2819736b63a3cc5dd71,074bef04558b83a14776afdd2088b3fc9c154f20,4f1c18ae6acd1ebb0481216cf08403f268bd52b5,074bef04558b83a14776afdd2088b3fc9c154f20,4,29,135,637,OK
same,unclecode/crawl4ai,1124,1137,CLEAN,false,false,2026-09-16T23:45:10.218520+00:00,current-pr-heads-at-extraction; not frozen replay OIDs,git version 2.50.1 (Apple Git-155),refs/pull/N/head; --no-tags; depth 80; depth 600 retry if no merge base,git -c diff.renames=true -c diff.algorithm=myers diff --no-ext-diff --no-textconv --unified=0; default whitespace; binary paths count as files and contribute zero hunks,60290971144acd9e367bc216f1337c4db73b721c,0e840aea2bd6a8baf8256e399eed677371ed24f5,60290971144acd9e367bc216f1337c4db73b721c,0e840aea2bd6a8baf8256e399eed677371ed24f5,85ac6fa5239252a5ec289a1f1f1e5dafaeee4e2e,85ac6fa5239252a5ec289a1f1f1e5dafaeee4e2e,897e0173618d20fea5d8952ccdbcdad0febc0fee,4,10,14,27,OK
same,afadil/wealthfolio,306,307,CLEAN,false,false,2026-09-16T23:45:13.070626+00:00,current-pr-heads-at-extraction; not frozen replay OIDs,git version 2.50.1 (Apple Git-155),refs/pull/N/head; --no-tags; depth 80; depth 600 retry if no merge base,git -c diff.renames=true -c diff.algorithm=myers diff --no-ext-diff --no-textconv --unified=0; default whitespace; binary paths count as files and contribute zero hunks,c2b182d508a199d4bdfd19bb9c375c4477dc847b,997167473636697bdd477e71e8baf90404b8e554,c2b182d508a199d4bdfd19bb9c375c4477dc847b,997167473636697bdd477e71e8baf90404b8e554,ad7d6c5688e7e86352b79b63ee9a6d4bed98fa35,ad7d6c5688e7e86352b79b63ee9a6d4bed98fa35,ad7d6c5688e7e86352b79b63ee9a6d4bed98fa35,6,7,1,4,OK
same,julep-ai/julep,1370,1371,CLEAN,false,false,2026-09-16T23:45:15.942239+00:00,current-pr-heads-at-extraction; not frozen replay OIDs,git version 2.50.1 (Apple Git-155),refs/pull/N/head; --no-tags; depth 80; depth 600 retry if no merge base,git -c diff.renames=true -c diff.algorithm=myers diff --no-ext-diff --no-textconv --unified=0; default whitespace; binary paths count as files and contribute zero hunks,00e4f49057eadf0c761893b30172293a8f3bba05,e9f7248d2bb2f8bc9ea306fe1d379892547e440c,00e4f49057eadf0c761893b30172293a8f3bba05,e9f7248d2bb2f8bc9ea306fe1d379892547e440c,24f7a03fdd95ffe6bfbe2895650ed9bdc7ba49fe,24f7a03fdd95ffe6bfbe2895650ed9bdc7ba49fe,24f7a03fdd95ffe6bfbe2895650ed9bdc7ba49fe,1,1,1,1,OK
same,tomquist/b2500-meter,126,127,CLEAN,false,false,2026-09-16T23:45:20.306603+00:00,current-pr-heads-at-extraction; not frozen replay OIDs,git version 2.50.1 (Apple Git-155),refs/pull/N/head; --no-tags; depth 80; depth 600 retry if no merge base,git -c diff.renames=true -c diff.algorithm=myers diff --no-ext-diff --no-textconv --unified=0; default whitespace; binary paths count as files and contribute zero hunks,38e3889e729efc8d696a086ef9e5eb073cd9b814,f90da75f63db1e6249443f0fe76c8d5689770a4c,38e3889e729efc8d696a086ef9e5eb073cd9b814,f90da75f63db1e6249443f0fe76c8d5689770a4c,e5eb53925a3bbc2d484ba09618198c944398b17d,e5eb53925a3bbc2d484ba09618198c944398b17d,e5eb53925a3bbc2d484ba09618198c944398b17d,1,2,1,1,OK
same,erpc/erpc,243,244,CLEAN,false,false,2026-09-16T23:45:22.798318+00:00,current-pr-heads-at-extraction; not frozen replay OIDs,git version 2.50.1 (Apple Git-155),refs/pull/N/head; --no-tags; depth 80; depth 600 retry if no merge base,git -c diff.renames=true -c diff.algorithm=myers diff --no-ext-diff --no-textconv --unified=0; default whitespace; binary paths count as files and contribute zero hunks,857a22bf9213ca1fe1737e0b3a98e5c20407df4e,38ac5264bd73d8c35bb3156de5a0f05d51391131,857a22bf9213ca1fe1737e0b3a98e5c20407df4e,38ac5264bd73d8c35bb3156de5a0f05d51391131,785d53b59ebf8ff143f4b9416db77df025f423fa,785d53b59ebf8ff143f4b9416db77df025f423fa,785d53b59ebf8ff143f4b9416db77df025f423fa,11,74,9,37,OK
same,debloper/piosk,88,89,CLEAN,false,false,2026-09-16T23:45:25.278749+00:00,current-pr-heads-at-extraction; not frozen replay OIDs,git version 2.50.1 (Apple Git-155),refs/pull/N/head; --no-tags; depth 80; depth 600 retry if no merge base,git -c diff.renames=true -c diff.algorithm=myers diff --no-ext-diff --no-textconv --unified=0; default whitespace; binary paths count as files and contribute zero hunks,0ce301f7ebbb98c566cdec2b0cb8ac701b262c98,6e4834c00ae56847590cd7646bd58e49843278b1,0ce301f7ebbb98c566cdec2b0cb8ac701b262c98,6e4834c00ae56847590cd7646bd58e49843278b1,4af5ba544e611316259d4c12e4bf2c27800bab95,45fa0d41f54f33241b9f0637a42190deba92c508,4af5ba544e611316259d4c12e4bf2c27800bab95,0,0,19,37,OK
same,iterative/datachain,1190,1191,CLEAN,false,false,2026-09-16T23:45:28.126052+00:00,current-pr-heads-at-extraction; not frozen replay OIDs,git version 2.50.1 (Apple Git-155),refs/pull/N/head; --no-tags; depth 80; depth 600 retry if no merge base,git -c diff.renames=true -c diff.algorithm=myers diff --no-ext-diff --no-textconv --unified=0; default whitespace; binary paths count as files and contribute zero hunks,2926126f98722fc72d3c9142358a992fa9d42c90,c9028b5e00f91de9c3f0d81cbfe13d065c7efc92,2926126f98722fc72d3c9142358a992fa9d42c90,c9028b5e00f91de9c3f0d81cbfe13d065c7efc92,79959e02744aa93829346fbeba6c609d213e6d16,dbd2c650b67055d7a6b3c6eaddc194fa08269686,79959e02744aa93829346fbeba6c609d213e6d16,1,1,29,205,OK
same,sysadminsmedia/homebox,861,862,CLEAN,false,false,2026-09-16T23:45:31.183501+00:00,current-pr-heads-at-extraction; not frozen replay OIDs,git version 2.50.1 (Apple Git-155),refs/pull/N/head; --no-tags; depth 80; depth 600 retry if no merge base,git -c diff.renames=true -c diff.algorithm=myers diff --no-ext-diff --no-textconv --unified=0; default whitespace; binary paths count as files and contribute zero hunks,ff47acd1b13ed07d111e180c7d788d32d595282d,092e108b891de8996aee5ff4b663a634e91e3ef6,ff47acd1b13ed07d111e180c7d788d32d595282d,092e108b891de8996aee5ff4b663a634e91e3ef6,be1f3c0ad352413fd565986aa8598c5aa799d01b,be1f3c0ad352413fd565986aa8598c5aa799d01b,be1f3c0ad352413fd565986aa8598c5aa799d01b,1,2,1,1,OK
same,kargnas/laravel-ai-translator,23,24,CONFLICT,true,true,2026-09-16T23:45:33.587946+00:00,current-pr-heads-at-extraction; not frozen replay OIDs,git version 2.50.1 (Apple Git-155),refs/pull/N/head; --no-tags; depth 80; depth 600 retry if no merge base,git -c diff.renames=true -c diff.algorithm=myers diff --no-ext-diff --no-textconv --unified=0; default whitespace; binary paths count as files and contribute zero hunks,643592edc50b4fbdab7b0b87bb2d92df75c3baac,3637700642cf2e132ff81adf784cffc84d300f2c,643592edc50b4fbdab7b0b87bb2d92df75c3baac,3637700642cf2e132ff81adf784cffc84d300f2c,725fbe85c8b9012c6b30abef3ab365c574bb1d26,725fbe85c8b9012c6b30abef3ab365c574bb1d26,725fbe85c8b9012c6b30abef3ab365c574bb1d26,7,26,3,8,OK
same,onlook-dev/onlook,938,943,CLEAN,false,false,2026-09-16T23:45:36.995346+00:00,current-pr-heads-at-extraction; not frozen replay OIDs,git version 2.50.1 (Apple Git-155),refs/pull/N/head; --no-tags; depth 80; depth 600 retry if no merge base,git -c diff.renames=true -c diff.algorithm=myers diff --no-ext-diff --no-textconv --unified=0; default whitespace; binary paths count as files and contribute zero hunks,1a6fd53063342d843d5f3b14377b1b54096b7d97,567cff6506b3cac141ce56facf92b0c54b60971f,1a6fd53063342d843d5f3b14377b1b54096b7d97,567cff6506b3cac141ce56facf92b0c54b60971f,7f46894d3c26f73b31705d9ea788e95f37d89813,b009958a7845c468d250d86481bf1b644f8eabda,7f46894d3c26f73b31705d9ea788e95f37d89813,5,21,4,17,OK
same,wcandillon/react-native-webgpu,233,234,CLEAN,false,false,2026-09-16T23:45:39.850942+00:00,current-pr-heads-at-extraction; not frozen replay OIDs,git version 2.50.1 (Apple Git-155),refs/pull/N/head; --no-tags; depth 80; depth 600 retry if no merge base,git -c diff.renames=true -c diff.algorithm=myers diff --no-ext-diff --no-textconv --unified=0; default whitespace; binary paths count as files and contribute zero hunks,caefcd2962a86594db0309f01921d10582d2b927,861512848ade30aaf8ac1c3075f2b497ab1e098f,caefcd2962a86594db0309f01921d10582d2b927,861512848ade30aaf8ac1c3075f2b497ab1e098f,a6dbc83a14784a37a1d3b7ce57b839c70b479d2f,a6dbc83a14784a37a1d3b7ce57b839c70b479d2f,a6dbc83a14784a37a1d3b7ce57b839c70b479d2f,12,13,1,2,OK
same,getAlby/hub,1477,1478,CLEAN,false,false,2026-09-16T23:45:48.045175+00:00,current-pr-heads-at-extraction; not frozen replay OIDs,git version 2.50.1 (Apple Git-155),refs/pull/N/head; --no-tags; depth 80; depth 600 retry if no merge base,git -c diff.renames=true -c diff.algorithm=myers diff --no-ext-diff --no-textconv --unified=0; default whitespace; binary paths count as files and contribute zero hunks,a749bd004951e24d0965b101165e41c42becb1f4,0e2a7269a5819c12d5a0e95e5923665960bd0e4d,a749bd004951e24d0965b101165e41c42becb1f4,0e2a7269a5819c12d5a0e95e5923665960bd0e4d,7dc8ff130f1fbf60e7ba073021bb22c047377e38,7dc8ff130f1fbf60e7ba073021bb22c047377e38,7dc8ff130f1fbf60e7ba073021bb22c047377e38,6,11,5,6,OK
same,CommunityToolkit/Aspire,710,711,CLEAN,false,false,2026-09-16T23:45:51.105695+00:00,current-pr-heads-at-extraction; not frozen replay OIDs,git version 2.50.1 (Apple Git-155),refs/pull/N/head; --no-tags; depth 80; depth 600 retry if no merge base,git -c diff.renames=true -c diff.algorithm=myers diff --no-ext-diff --no-textconv --unified=0; default whitespace; binary paths count as files and contribute zero hunks,f29d95fe625175523575a55f39fc481d9c1e9ea0,7fec14b6f1f405a469c906fd325564539a3d7cc4,f29d95fe625175523575a55f39fc481d9c1e9ea0,7fec14b6f1f405a469c906fd325564539a3d7cc4,01c80b40a0c847f65fb867de56354126931461ea,01c80b40a0c847f65fb867de56354126931461ea,01c80b40a0c847f65fb867de56354126931461ea,4,9,3,6,OK
same,trueai-org/midjourney-proxy,86,87,CLEAN,false,false,2026-09-16T23:45:54.969400+00:00,current-pr-heads-at-extraction; not frozen replay OIDs,git version 2.50.1 (Apple Git-155),refs/pull/N/head; --no-tags; depth 80; depth 600 retry if no merge base,git -c diff.renames=true -c diff.algorithm=myers diff --no-ext-diff --no-textconv --unified=0; default whitespace; binary paths count as files and contribute zero hunks,9e9318275e8d642698a3a0ed5ed61461e6340ac0,85ad4987e75e0faf5f575676a8efcf574e1b256d,9e9318275e8d642698a3a0ed5ed61461e6340ac0,85ad4987e75e0faf5f575676a8efcf574e1b256d,8076a82daa7b07127f44c52bb10800f29ccc3529,8076a82daa7b07127f44c52bb10800f29ccc3529,8076a82daa7b07127f44c52bb10800f29ccc3529,3,3,4,4,OK
same,OpenRouterTeam/ai-sdk-provider,76,77,CONFLICT,true,true,2026-09-16T23:45:58.677438+00:00,current-pr-heads-at-extraction; not frozen replay OIDs,git version 2.50.1 (Apple Git-155),refs/pull/N/head; --no-tags; depth 80; depth 600 retry if no merge base,git -c diff.renames=true -c diff.algorithm=myers diff --no-ext-diff --no-textconv --unified=0; default whitespace; binary paths count as files and contribute zero hunks,4ed203d32cb90080df2c24ae7f5fbf42bfe2076a,91ac9dbb6129955898fd0788761042eb0c381431,4ed203d32cb90080df2c24ae7f5fbf42bfe2076a,91ac9dbb6129955898fd0788761042eb0c381431,ff918aa0d2f3fa6ebece1eae6662ced244d08b03,ea7197d018cbdde517f1c7fd06d1b03865ff955d,ff918aa0d2f3fa6ebece1eae6662ced244d08b03,1,1,37,568,OK
same,e2b-dev/fragments,150,152,CLEAN,false,false,2026-09-16T23:46:01.045592+00:00,current-pr-heads-at-extraction; not frozen replay OIDs,git version 2.50.1 (Apple Git-155),refs/pull/N/head; --no-tags; depth 80; depth 600 retry if no merge base,git -c diff.renames=true -c diff.algorithm=myers diff --no-ext-diff --no-textconv --unified=0; default whitespace; binary paths count as files and contribute zero hunks,84f4dc5af73e05a7b7ad90e6465d9989318e7809,c8509fa2a9abe375573b785998674f4194940988,84f4dc5af73e05a7b7ad90e6465d9989318e7809,c8509fa2a9abe375573b785998674f4194940988,babb4c742597add3ecf01c0f41cee395398dc4ce,babb4c742597add3ecf01c0f41cee395398dc4ce,babb4c742597add3ecf01c0f41cee395398dc4ce,1,1,1,1,OK
same,retrage/svc-hook,22,23,CLEAN,false,false,2026-09-16T23:46:04.649775+00:00,current-pr-heads-at-extraction; not frozen replay OIDs,git version 2.50.1 (Apple Git-155),refs/pull/N/head; --no-tags; depth 80; depth 600 retry if no merge base,git -c diff.renames=true -c diff.algorithm=myers diff --no-ext-diff --no-textconv --unified=0; default whitespace; binary paths count as files and contribute zero hunks,e4bf57b4e2f2b85d0c25943ed1a15beeb5b54cc0,bdfbc66cf41f7a15b0688c777d23653190aa12a7,e4bf57b4e2f2b85d0c25943ed1a15beeb5b54cc0,bdfbc66cf41f7a15b0688c777d23653190aa12a7,4445b8a3f9c3f131ab20751342f2430c8dd97d49,2721edc201301487897b8335dc19294435431618,e4bf57b4e2f2b85d0c25943ed1a15beeb5b54cc0,0,0,1,7,OK
same,irsyadadl/intentui,420,421,CLEAN,false,false,2026-09-16T23:46:06.968768+00:00,current-pr-heads-at-extraction; not frozen replay OIDs,git version 2.50.1 (Apple Git-155),refs/pull/N/head; --no-tags; depth 80; depth 600 retry if no merge base,git -c diff.renames=true -c diff.algorithm=myers diff --no-ext-diff --no-textconv --unified=0; default whitespace; binary paths count as files and contribute zero hunks,7bcb5ec3b4c965ccfbe23d3d725e23f6c76c3fc2,f0643ac355e35e4ded50bf4b906f5493c5c83665,7bcb5ec3b4c965ccfbe23d3d725e23f6c76c3fc2,f0643ac355e35e4ded50bf4b906f5493c5c83665,e11884a837a7ba4b9f942f7abb939c1fa3998ddf,e11884a837a7ba4b9f942f7abb939c1fa3998ddf,e11884a837a7ba4b9f942f7abb939c1fa3998ddf,1,1,1,2,OK
same,hikettei/Caten,428,430,CLEAN,false,false,2026-09-16T23:46:10.238010+00:00,current-pr-heads-at-extraction; not frozen replay OIDs,git version 2.50.1 (Apple Git-155),refs/pull/N/head; --no-tags; depth 80; depth 600 retry if no merge base,git -c diff.renames=true -c diff.algorithm=myers diff --no-ext-diff --no-textconv --unified=0; default whitespace; binary paths count as files and contribute zero hunks,1788730adb5b3d4d090252449722aa2867388e9f,4830841e576036203add5c773ddf3ec38e7a1bc7,1788730adb5b3d4d090252449722aa2867388e9f,4830841e576036203add5c773ddf3ec38e7a1bc7,cd0a93d5ec1b6bec45b72e18d2bdc574795da931,cd0a93d5ec1b6bec45b72e18d2bdc574795da931,cd0a93d5ec1b6bec45b72e18d2bdc574795da931,1,1,1,3,OK
same,GMPrakhar/MAUI-Designer,49,51,CLEAN,false,false,2026-09-16T23:46:12.924360+00:00,current-pr-heads-at-extraction; not frozen replay OIDs,git version 2.50.1 (Apple Git-155),refs/pull/N/head; --no-tags; depth 80; depth 600 retry if no merge base,git -c diff.renames=true -c diff.algorithm=myers diff --no-ext-diff --no-textconv --unified=0; default whitespace; binary paths count as files and contribute zero hunks,a3d0324c68abfc38fa23617bc426544ff0408dfe,f131fdc49c87906ac569ced6b72a8bf8894824f7,a3d0324c68abfc38fa23617bc426544ff0408dfe,f131fdc49c87906ac569ced6b72a8bf8894824f7,ac20b770b5c4c5f0f3e34f007a358bbff55298e8,b68bc135c4ab7f99b1acc2e3b2b95050febf28bc,b68bc135c4ab7f99b1acc2e3b2b95050febf28bc,9,30,12,66,OK
same,Skyvern-AI/skyvern,2399,2401,CLEAN,false,false,2026-09-16T23:46:15.318428+00:00,current-pr-heads-at-extraction; not frozen replay OIDs,git version 2.50.1 (Apple Git-155),refs/pull/N/head; --no-tags; depth 80; depth 600 retry if no merge base,git -c diff.renames=true -c diff.algorithm=myers diff --no-ext-diff --no-textconv --unified=0; default whitespace; binary paths count as files and contribute zero hunks,1ffff0fa1019b3db43f15c8472c36dfe5dfafee9,8babd8a3b15c2649f67f72184325ee7f46c2ca37,1ffff0fa1019b3db43f15c8472c36dfe5dfafee9,8babd8a3b15c2649f67f72184325ee7f46c2ca37,d3e9fa8ef46b25795ad37c4e8c88e0b21ff1b526,e87d0d4d40c36f44aa80f0864e6bbb5083134e85,d3e9fa8ef46b25795ad37c4e8c88e0b21ff1b526,8,14,5,11,OK
same,elizaOS/eliza,2548,2549,CONFLICT,true,true,2026-09-16T23:46:31.034220+00:00,current-pr-heads-at-extraction; not frozen replay OIDs,git version 2.50.1 (Apple Git-155),refs/pull/N/head; --no-tags; depth 80; depth 600 retry if no merge base,git -c diff.renames=true -c diff.algorithm=myers diff --no-ext-diff --no-textconv --unified=0; default whitespace; binary paths count as files and contribute zero hunks,77afb108e90fd2f1de0e1a9815e57634763948fe,b0e077f1ccd27bf62808dfef1cf1dd21d4f6ccce,77afb108e90fd2f1de0e1a9815e57634763948fe,b0e077f1ccd27bf62808dfef1cf1dd21d4f6ccce,bb69cb0e26ac7b86b6d684d853e181a1515f4d6f,bb69cb0e26ac7b86b6d684d853e181a1515f4d6f,bb69cb0e26ac7b86b6d684d853e181a1515f4d6f,13,647,17,684,OK
same,princeton-pli/hal-harness,95,96,CLEAN,false,false,2026-09-16T23:46:37.021925+00:00,current-pr-heads-at-extraction; not frozen replay OIDs,git version 2.50.1 (Apple Git-155),refs/pull/N/head; --no-tags; depth 80; depth 600 retry if no merge base,git -c diff.renames=true -c diff.algorithm=myers diff --no-ext-diff --no-textconv --unified=0; default whitespace; binary paths count as files and contribute zero hunks,f54f9d01b0b86e9e48fd1fbdebec6477acf85c82,052a9acab2bc49ace6fad52fb5b3ada419e32e60,f54f9d01b0b86e9e48fd1fbdebec6477acf85c82,052a9acab2bc49ace6fad52fb5b3ada419e32e60,6a44aedf5ca8bfc81f9354658a4f66553eee730d,6a44aedf5ca8bfc81f9354658a4f66553eee730d,6a44aedf5ca8bfc81f9354658a4f66553eee730d,2,5,4,4,OK
same,ai-shifu/ai-shifu,341,345,CONFLICT,true,true,2026-09-16T23:46:39.806276+00:00,current-pr-heads-at-extraction; not frozen replay OIDs,git version 2.50.1 (Apple Git-155),refs/pull/N/head; --no-tags; depth 80; depth 600 retry if no merge base,git -c diff.renames=true -c diff.algorithm=myers diff --no-ext-diff --no-textconv --unified=0; default whitespace; binary paths count as files and contribute zero hunks,034d0d941c6c32e4863f04cee9c7563d89cf8825,24422a55f2e71ac43288e7e192d99130a5a92660,034d0d941c6c32e4863f04cee9c7563d89cf8825,24422a55f2e71ac43288e7e192d99130a5a92660,5c1463527a032848dabecc82759e9b641ef01ad6,5c1463527a032848dabecc82759e9b641ef01ad6,5c1463527a032848dabecc82759e9b641ef01ad6,16,84,7,46,OK
same,swarmzero/swarmzero,36,38,CLEAN,false,false,2026-09-16T23:46:43.007514+00:00,current-pr-heads-at-extraction; not frozen replay OIDs,git version 2.50.1 (Apple Git-155),refs/pull/N/head; --no-tags; depth 80; depth 600 retry if no merge base,git -c diff.renames=true -c diff.algorithm=myers diff --no-ext-diff --no-textconv --unified=0; default whitespace; binary paths count as files and contribute zero hunks,1c8cbb40d6358812a3b72f7b61f9ee8d95775f0f,23da98ac3bb78533c26e2f909b3544b55f1f68fe,1c8cbb40d6358812a3b72f7b61f9ee8d95775f0f,23da98ac3bb78533c26e2f909b3544b55f1f68fe,81d2c680359b670fd258b49da8fafe0ae091712d,f9e28f8da115a1d816e0e209faa570da2a5c9788,49d7108700b38575143f407e799b6742369502bc,21,88,2,4,OK
same,liam-hq/liam,685,689,CLEAN,false,false,2026-09-16T23:46:45.366825+00:00,current-pr-heads-at-extraction; not frozen replay OIDs,git version 2.50.1 (Apple Git-155),refs/pull/N/head; --no-tags; depth 80; depth 600 retry if no merge base,git -c diff.renames=true -c diff.algorithm=myers diff --no-ext-diff --no-textconv --unified=0; default whitespace; binary paths count as files and contribute zero hunks,a8a7421a3fa8397f23610776a70b45366fc941e0,a4339aec68b5234f32e3ec5f139f079d0cde317d,a8a7421a3fa8397f23610776a70b45366fc941e0,a4339aec68b5234f32e3ec5f139f079d0cde317d,13dcffa262d5692c545543e766bd36505f13b971,a4339aec68b5234f32e3ec5f139f079d0cde317d,f7c177c77bad455135e8a430f031ae18708ccc73,1,1,12,36,OK
same,microsoft/generative-ai-with-javascript,120,122,CLEAN,false,false,2026-09-16T23:46:50.675219+00:00,current-pr-heads-at-extraction; not frozen replay OIDs,git version 2.50.1 (Apple Git-155),refs/pull/N/head; --no-tags; depth 80; depth 600 retry if no merge base,git -c diff.renames=true -c diff.algorithm=myers diff --no-ext-diff --no-textconv --unified=0; default whitespace; binary paths count as files and contribute zero hunks,11bef76c212372cbc4cd75668cd28b6be764f6cf,79df66dba0ee5f11bd515a7681cb4a6612c1a7f5,11bef76c212372cbc4cd75668cd28b6be764f6cf,79df66dba0ee5f11bd515a7681cb4a6612c1a7f5,fb0f4f81927db19895dbc8d4c44eb9234e95f958,fb0f4f81927db19895dbc8d4c44eb9234e95f958,fb0f4f81927db19895dbc8d4c44eb9234e95f958,4,4,16,46,OK
same,mastra-ai/mastra,4308,4309,CONFLICT,true,true,2026-09-16T23:47:09.939355+00:00,current-pr-heads-at-extraction; not frozen replay OIDs,git version 2.50.1 (Apple Git-155),refs/pull/N/head; --no-tags; depth 80; depth 600 retry if no merge base,git -c diff.renames=true -c diff.algorithm=myers diff --no-ext-diff --no-textconv --unified=0; default whitespace; binary paths count as files and contribute zero hunks,5ed0547a783440567eedb5dfd256b72e37ed0999,26e2d28d7be26c74382e315ac5695b0dd55ec705,5ed0547a783440567eedb5dfd256b72e37ed0999,26e2d28d7be26c74382e315ac5695b0dd55ec705,0adaabb838535fd38bd633011dd1a737a7249421,2944098cb94eebf7550752d95acfaa1a8cdac7e2,0adaabb838535fd38bd633011dd1a737a7249421,5,10,621,5647,OK
same,dotnet/dotnet,646,649,UNAVAIL_fetch,false,false,2026-09-16T23:47:18.216648+00:00,current-pr-heads-at-extraction; not frozen replay OIDs,git version 2.50.1 (Apple Git-155),refs/pull/N/head; --no-tags; depth 80; depth 600 retry if no merge base,git -c diff.renames=true -c diff.algorithm=myers diff --no-ext-diff --no-textconv --unified=0; default whitespace; binary paths count as files and contribute zero hunks,,,,,,,,,,,,UNAVAIL_fetch
same,buster-so/buster,409,410,UNAVAIL_fetch,false,false,2026-09-16T23:47:18.216863+00:00,current-pr-heads-at-extraction; not frozen replay OIDs,git version 2.50.1 (Apple Git-155),refs/pull/N/head; --no-tags; depth 80; depth 600 retry if no merge base,git -c diff.renames=true -c diff.algorithm=myers diff --no-ext-diff --no-textconv --unified=0; default whitespace; binary paths count as files and contribute zero hunks,,,,,,,,,,,,UNAVAIL_fetch
same,haydenbleasel/kibo,164,165,CLEAN,false,false,2026-09-16T23:47:18.216993+00:00,current-pr-heads-at-extraction; not frozen replay OIDs,git version 2.50.1 (Apple Git-155),refs/pull/N/head; --no-tags; depth 80; depth 600 retry if no merge base,git -c diff.renames=true -c diff.algorithm=myers diff --no-ext-diff --no-textconv --unified=0; default whitespace; binary paths count as files and contribute zero hunks,6c412b77b9a513f3192ba5a1ab3ebd09759f0583,7811d63e9de262f55b7c515b0f62069a8f6490ff,6c412b77b9a513f3192ba5a1ab3ebd09759f0583,7811d63e9de262f55b7c515b0f62069a8f6490ff,f96dae06511b5b2621c6396afd440e9b7549b452,f96dae06511b5b2621c6396afd440e9b7549b452,f96dae06511b5b2621c6396afd440e9b7549b452,2,9,3,6,OK
same,orbitinghail/graft,132,133,CLEAN,false,false,2026-09-16T23:47:21.605762+00:00,current-pr-heads-at-extraction; not frozen replay OIDs,git version 2.50.1 (Apple Git-155),refs/pull/N/head; --no-tags; depth 80; depth 600 retry if no merge base,git -c diff.renames=true -c diff.algorithm=myers diff --no-ext-diff --no-textconv --unified=0; default whitespace; binary paths count as files and contribute zero hunks,2c86dd852c1d9fbc31bf74b6c328593b5d16c90e,4b8ae57e830851a34ae7fb6a140b65f006452d97,2c86dd852c1d9fbc31bf74b6c328593b5d16c90e,4b8ae57e830851a34ae7fb6a140b65f006452d97,84ffc5b39589b16459cab6168a5649d0d4a17dc6,6439d00de3b61e1eeacb97c38dee42bb5215d3c8,2c86dd852c1d9fbc31bf74b6c328593b5d16c90e,0,0,1,1,OK
same,w-okada/ttsclient,13,14,CLEAN,false,false,2026-09-16T23:47:23.960940+00:00,current-pr-heads-at-extraction; not frozen replay OIDs,git version 2.50.1 (Apple Git-155),refs/pull/N/head; --no-tags; depth 80; depth 600 retry if no merge base,git -c diff.renames=true -c diff.algorithm=myers diff --no-ext-diff --no-textconv --unified=0; default whitespace; binary paths count as files and contribute zero hunks,db4586815c07839fb02e806a76fb25686afd8b3f,64894294397e47ee29b24ab7ef8dad91754b781c,db4586815c07839fb02e806a76fb25686afd8b3f,64894294397e47ee29b24ab7ef8dad91754b781c,3c5de1d3bf53a3ae9c59cb0f46cf24fd2a064e34,1ef30602213d045fe5a2ff82498470c71d02a600,3c5de1d3bf53a3ae9c59cb0f46cf24fd2a064e34,1,1,62,598,OK
same,bolna-ai/bolna,218,219,CONFLICT,true,true,2026-09-16T23:47:32.708860+00:00,current-pr-heads-at-extraction; not frozen replay OIDs,git version 2.50.1 (Apple Git-155),refs/pull/N/head; --no-tags; depth 80; depth 600 retry if no merge base,git -c diff.renames=true -c diff.algorithm=myers diff --no-ext-diff --no-textconv --unified=0; default whitespace; binary paths count as files and contribute zero hunks,a0abf78c39f7bd37a8a284b2b93953a96471e8c3,5c9e90138d17e3bf6523c1d898142662a1e4bd4a,a0abf78c39f7bd37a8a284b2b93953a96471e8c3,5c9e90138d17e3bf6523c1d898142662a1e4bd4a,d0b4d142cb12487cc896723fce6adfd72e37341c,96b831dbeb98ff1548cbcd8b2d1e9840bc046fc5,d0b4d142cb12487cc896723fce6adfd72e37341c,9,71,9,65,OK
same,synth-inc/onit,184,186,CONFLICT,true,false,2026-09-16T23:47:39.265230+00:00,current-pr-heads-at-extraction; not frozen replay OIDs,git version 2.50.1 (Apple Git-155),refs/pull/N/head; --no-tags; depth 80; depth 600 retry if no merge base,git -c diff.renames=true -c diff.algorithm=myers diff --no-ext-diff --no-textconv --unified=0; default whitespace; binary paths count as files and contribute zero hunks,57fe9f86d20b7c143017fd5c174df645a20a45e5,48c6097f6ea4b30fe8b5db7eae6cdf3344a44fda,57fe9f86d20b7c143017fd5c174df645a20a45e5,48c6097f6ea4b30fe8b5db7eae6cdf3344a44fda,25c28385a3efeb20696d96172435750d30bc6565,25c28385a3efeb20696d96172435750d30bc6565,25c28385a3efeb20696d96172435750d30bc6565,13,34,84,328,OK
same,antiwork/shortest,332,333,CONFLICT,true,false,2026-09-16T23:47:43.112139+00:00,current-pr-heads-at-extraction; not frozen replay OIDs,git version 2.50.1 (Apple Git-155),refs/pull/N/head; --no-tags; depth 80; depth 600 retry if no merge base,git -c diff.renames=true -c diff.algorithm=myers diff --no-ext-diff --no-textconv --unified=0; default whitespace; binary paths count as files and contribute zero hunks,e818876b52f403dfbf60b7d6ab639411ac080c4d,017bf659c008b03c5860c017f3fdc27c27bcceae,e818876b52f403dfbf60b7d6ab639411ac080c4d,017bf659c008b03c5860c017f3fdc27c27bcceae,9f0c8affb2a3869f4f98eebd8f529ca3650a2006,9f0c8affb2a3869f4f98eebd8f529ca3650a2006,9f0c8affb2a3869f4f98eebd8f529ca3650a2006,82,141,83,345,OK
same,modelcontextprotocol/inspector,125,126,CLEAN,false,false,2026-09-16T23:47:46.045601+00:00,current-pr-heads-at-extraction; not frozen replay OIDs,git version 2.50.1 (Apple Git-155),refs/pull/N/head; --no-tags; depth 80; depth 600 retry if no merge base,git -c diff.renames=true -c diff.algorithm=myers diff --no-ext-diff --no-textconv --unified=0; default whitespace; binary paths count as files and contribute zero hunks,bb6ab5a85a9779fd912192e4365fb242d564796e,b7e1e9ac06e32155f0783d3e4774d635e55b0dab,bb6ab5a85a9779fd912192e4365fb242d564796e,b7e1e9ac06e32155f0783d3e4774d635e55b0dab,98e6f0e5ec66e4e9336718f8dea1f81f3b3c4664,98e6f0e5ec66e4e9336718f8dea1f81f3b3c4664,98e6f0e5ec66e4e9336718f8dea1f81f3b3c4664,9,13,2,5,OK
same,kavishdevar/librepods,177,179,CLEAN,false,false,2026-09-16T23:47:49.186795+00:00,current-pr-heads-at-extraction; not frozen replay OIDs,git version 2.50.1 (Apple Git-155),refs/pull/N/head; --no-tags; depth 80; depth 600 retry if no merge base,git -c diff.renames=true -c diff.algorithm=myers diff --no-ext-diff --no-textconv --unified=0; default whitespace; binary paths count as files and contribute zero hunks,04f941cc93551c69ce3d09b5629f1e2dd8f9361c,f6616e2f76d3fa35d460dfd34c505481ab89e804,04f941cc93551c69ce3d09b5629f1e2dd8f9361c,f6616e2f76d3fa35d460dfd34c505481ab89e804,d9359cd81a4200ba54b8a9d85e6c2aef9e2fecba,d9359cd81a4200ba54b8a9d85e6c2aef9e2fecba,d9359cd81a4200ba54b8a9d85e6c2aef9e2fecba,4,33,0,0,OK
same,kdroidFilter/ComposeNativeTray,179,180,CLEAN,false,false,2026-09-16T23:47:53.628638+00:00,current-pr-heads-at-extraction; not frozen replay OIDs,git version 2.50.1 (Apple Git-155),refs/pull/N/head; --no-tags; depth 80; depth 600 retry if no merge base,git -c diff.renames=true -c diff.algorithm=myers diff --no-ext-diff --no-textconv --unified=0; default whitespace; binary paths count as files and contribute zero hunks,0e8f83360e99eac733be4e48bc313cf46a7c4cf7,6ea09b6afef79a36db97788085681d2415df7877,0e8f83360e99eac733be4e48bc313cf46a7c4cf7,6ea09b6afef79a36db97788085681d2415df7877,3083a57f500f56d99e89cb9b0ebb3890c0065a87,0e8f83360e99eac733be4e48bc313cf46a7c4cf7,0e8f83360e99eac733be4e48bc313cf46a7c4cf7,0,0,1,10,OK
same,syncfusion/maui-toolkit,199,202,CLEAN,false,false,2026-09-16T23:47:58.144566+00:00,current-pr-heads-at-extraction; not frozen replay OIDs,git version 2.50.1 (Apple Git-155),refs/pull/N/head; --no-tags; depth 80; depth 600 retry if no merge base,git -c diff.renames=true -c diff.algorithm=myers diff --no-ext-diff --no-textconv --unified=0; default whitespace; binary paths count as files and contribute zero hunks,81c02e388a88a6130cf4f26eef06f45e4c03d897,aac944040630ec0f83e4c0fb51334f9ce276ee5a,81c02e388a88a6130cf4f26eef06f45e4c03d897,aac944040630ec0f83e4c0fb51334f9ce276ee5a,da41cba854dbef13fb613af741af3e3fd4e758c0,da41cba854dbef13fb613af741af3e3fd4e758c0,da41cba854dbef13fb613af741af3e3fd4e758c0,2,6,3,14,OK
same,docling-project/docling,1925,1926,CLEAN,false,false,2026-09-16T23:48:02.109169+00:00,current-pr-heads-at-extraction; not frozen replay OIDs,git version 2.50.1 (Apple Git-155),refs/pull/N/head; --no-tags; depth 80; depth 600 retry if no merge base,git -c diff.renames=true -c diff.algorithm=myers diff --no-ext-diff --no-textconv --unified=0; default whitespace; binary paths count as files and contribute zero hunks,9d0c20057304967930c1be11eae34670d1ef777c,e85bcb8d0b1e870f40133557103ff490171af590,9d0c20057304967930c1be11eae34670d1ef777c,e85bcb8d0b1e870f40133557103ff490171af590,2b8616d6d5e2b4ca1de587cd7a0746d3fe8e227b,cc6193b3b9907a0c40837cb0c1a9ad574546ff12,2b8616d6d5e2b4ca1de587cd7a0746d3fe8e227b,2,2,54,100546,OK
same,FritzAndFriends/SharpSite,340,342,CLEAN,false,false,2026-09-16T23:48:21.857058+00:00,current-pr-heads-at-extraction; not frozen replay OIDs,git version 2.50.1 (Apple Git-155),refs/pull/N/head; --no-tags; depth 80; depth 600 retry if no merge base,git -c diff.renames=true -c diff.algorithm=myers diff --no-ext-diff --no-textconv --unified=0; default whitespace; binary paths count as files and contribute zero hunks,41d21ac78df31ae77ad80226c1b7a32e13565f9a,1949141ca071f375762b4a77e7fc08e8eb3a60e0,41d21ac78df31ae77ad80226c1b7a32e13565f9a,1949141ca071f375762b4a77e7fc08e8eb3a60e0,b910a734a80dac6caf3b0787f6cec0b26a204556,b910a734a80dac6caf3b0787f6cec0b26a204556,b910a734a80dac6caf3b0787f6cec0b26a204556,88,165,0,0,OK
same,bespokelabsai/curator,292,304,CONFLICT,true,false,2026-09-16T23:48:25.452244+00:00,current-pr-heads-at-extraction; not frozen replay OIDs,git version 2.50.1 (Apple Git-155),refs/pull/N/head; --no-tags; depth 80; depth 600 retry if no merge base,git -c diff.renames=true -c diff.algorithm=myers diff --no-ext-diff --no-textconv --unified=0; default whitespace; binary paths count as files and contribute zero hunks,bc2b19017aedecdbd0c2305f7c369cfc2ae3f8ab,93ab901fa6ad496b03d8f520b0bc6765d85d70da,bc2b19017aedecdbd0c2305f7c369cfc2ae3f8ab,93ab901fa6ad496b03d8f520b0bc6765d85d70da,df0e78a9fe73b873220271d48a7eab76b1cb0839,df0e78a9fe73b873220271d48a7eab76b1cb0839,e8e8fe3641f2d9ebb188afbb8ad984fbb11c576d,7,19,43,231,OK
same,laiso/askrepo,8,9,CONFLICT,false,false,2026-09-16T23:48:28.919065+00:00,current-pr-heads-at-extraction; not frozen replay OIDs,git version 2.50.1 (Apple Git-155),refs/pull/N/head; --no-tags; depth 80; depth 600 retry if no merge base,git -c diff.renames=true -c diff.algorithm=myers diff --no-ext-diff --no-textconv --unified=0; default whitespace; binary paths count as files and contribute zero hunks,9eba8b326925867423f499acd5fd544615c68dd0,86f2eeae1b4e766fba14661d9f4c1ccdea88b49d,9eba8b326925867423f499acd5fd544615c68dd0,86f2eeae1b4e766fba14661d9f4c1ccdea88b49d,9a9225d68bd4f802eee18a21b47b896e7305c75b,9a9225d68bd4f802eee18a21b47b896e7305c75b,9a9225d68bd4f802eee18a21b47b896e7305c75b,13,86,13,86,OK
same,fredrikburmester/streamystats,187,189,CLEAN,false,false,2026-09-16T23:48:31.182571+00:00,current-pr-heads-at-extraction; not frozen replay OIDs,git version 2.50.1 (Apple Git-155),refs/pull/N/head; --no-tags; depth 80; depth 600 retry if no merge base,git -c diff.renames=true -c diff.algorithm=myers diff --no-ext-diff --no-textconv --unified=0; default whitespace; binary paths count as files and contribute zero hunks,fec214a9e8b06a84cf2d318cc2c0cb1ad3bd39f2,47684b9c68c870316842a41824287e89ec1fb8c4,fec214a9e8b06a84cf2d318cc2c0cb1ad3bd39f2,47684b9c68c870316842a41824287e89ec1fb8c4,5e656e9ce292d8ef98a2af7b983245be13568200,f098093c5e1a962fb51a76f3396226886ec4ad98,0577a13a45695f012067679dec47cb57d72456f2,1,3,50,217,OK
same,vlm-run/vlmrun-hub,52,54,CLEAN,false,false,2026-09-16T23:48:33.972360+00:00,current-pr-heads-at-extraction; not frozen replay OIDs,git version 2.50.1 (Apple Git-155),refs/pull/N/head; --no-tags; depth 80; depth 600 retry if no merge base,git -c diff.renames=true -c diff.algorithm=myers diff --no-ext-diff --no-textconv --unified=0; default whitespace; binary paths count as files and contribute zero hunks,7054d19dd1df17e07c574ac6a125b356c6aa6eda,bef107b6b85148811f0ae36ad9ea32765d1f877a,7054d19dd1df17e07c574ac6a125b356c6aa6eda,bef107b6b85148811f0ae36ad9ea32765d1f877a,fcd8cf8fddb3154178f145ae446670c37f1129be,324f32e2ba2fa41e8c5cb70cc57d85c1514c2b55,324f32e2ba2fa41e8c5cb70cc57d85c1514c2b55,9,20,1,1,OK
same,microsoft/debug-gym,126,129,CLEAN,false,false,2026-09-16T23:48:36.362194+00:00,current-pr-heads-at-extraction; not frozen replay OIDs,git version 2.50.1 (Apple Git-155),refs/pull/N/head; --no-tags; depth 80; depth 600 retry if no merge base,git -c diff.renames=true -c diff.algorithm=myers diff --no-ext-diff --no-textconv --unified=0; default whitespace; binary paths count as files and contribute zero hunks,8cc9b992f0fbe31191af9a55f1e3af20760b9ef7,77bff9a1962519938f93efb3062871a0648210ed,8cc9b992f0fbe31191af9a55f1e3af20760b9ef7,77bff9a1962519938f93efb3062871a0648210ed,fdc33b5e9e0f390b977e05edc7ae39a2677c298d,feaabdbe9f6500ab3cfb30d44f9dfb3c506df957,feaabdbe9f6500ab3cfb30d44f9dfb3c506df957,5,14,3,4,OK
same,kortix-ai/suna,953,954,CLEAN,false,false,2026-09-16T23:48:38.997539+00:00,current-pr-heads-at-extraction; not frozen replay OIDs,git version 2.50.1 (Apple Git-155),refs/pull/N/head; --no-tags; depth 80; depth 600 retry if no merge base,git -c diff.renames=true -c diff.algorithm=myers diff --no-ext-diff --no-textconv --unified=0; default whitespace; binary paths count as files and contribute zero hunks,037956f22be2c01ef7dc2989bc10ef7630ddcaf4,7b6619df604438f4fa57aabb1c77ee4d1aff7a2d,037956f22be2c01ef7dc2989bc10ef7630ddcaf4,7b6619df604438f4fa57aabb1c77ee4d1aff7a2d,7c0e47c650988d393f37259c13b9471e31d53418,7c0e47c650988d393f37259c13b9471e31d53418,7c0e47c650988d393f37259c13b9471e31d53418,2,9,3,6,OK
same,hyperlight-dev/hyperlight,510,512,CONFLICT,true,true,2026-09-16T23:48:47.160929+00:00,current-pr-heads-at-extraction; not frozen replay OIDs,git version 2.50.1 (Apple Git-155),refs/pull/N/head; --no-tags; depth 80; depth 600 retry if no merge base,git -c diff.renames=true -c diff.algorithm=myers diff --no-ext-diff --no-textconv --unified=0; default whitespace; binary paths count as files and contribute zero hunks,d176072b44340c6f4943d25cb46e3c3d89ea975e,5b2389d3c164e4bf1535bc437825c7e697c62fe6,d176072b44340c6f4943d25cb46e3c3d89ea975e,5b2389d3c164e4bf1535bc437825c7e697c62fe6,831a52a2fe8c03d4d90b47210d13c5df053bf7ab,a68ff5eac911cb6c89ecb1aade5f810018e57ab9,831a52a2fe8c03d4d90b47210d13c5df053bf7ab,5,22,738,623,OK
same,voideditor/void,715,724,CLEAN,false,false,2026-09-16T23:48:49.985117+00:00,current-pr-heads-at-extraction; not frozen replay OIDs,git version 2.50.1 (Apple Git-155),refs/pull/N/head; --no-tags; depth 80; depth 600 retry if no merge base,git -c diff.renames=true -c diff.algorithm=myers diff --no-ext-diff --no-textconv --unified=0; default whitespace; binary paths count as files and contribute zero hunks,bf6ffb8d0586bfac66be3e8923c127c00b46bf43,f490953df3f3e49961b12676193872cca8346d03,bf6ffb8d0586bfac66be3e8923c127c00b46bf43,f490953df3f3e49961b12676193872cca8346d03,3ec6973a0f72248c4d4e2d97e2b3c304f96b7383,b3166e7ef2aefbdfeb139445fdf248a561b85d4d,7b14f0ca7323cf467409e52fc02058546ba75919,2,16,14,26,OK
same,neondatabase-labs/mcp-server-neon,41,51,CONFLICT,true,true,2026-09-16T23:49:01.141370+00:00,current-pr-heads-at-extraction; not frozen replay OIDs,git version 2.50.1 (Apple Git-155),refs/pull/N/head; --no-tags; depth 80; depth 600 retry if no merge base,git -c diff.renames=true -c diff.algorithm=myers diff --no-ext-diff --no-textconv --unified=0; default whitespace; binary paths count as files and contribute zero hunks,1a2b135e8b06d71a3507e3a6be917fd9105125c9,88244c4f9ebaa21c7e6fabd0013d36d42b7c2979,1a2b135e8b06d71a3507e3a6be917fd9105125c9,88244c4f9ebaa21c7e6fabd0013d36d42b7c2979,5641d6766ea39a8321eaacffc7703a3254742f60,a62a1d82598e163e59bbcd62362e9241720c1401,5641d6766ea39a8321eaacffc7703a3254742f60,2,2,35,380,OK
same,jlowin/fastmcp,490,492,CLEAN,false,false,2026-09-16T23:49:03.878114+00:00,current-pr-heads-at-extraction; not frozen replay OIDs,git version 2.50.1 (Apple Git-155),refs/pull/N/head; --no-tags; depth 80; depth 600 retry if no merge base,git -c diff.renames=true -c diff.algorithm=myers diff --no-ext-diff --no-textconv --unified=0; default whitespace; binary paths count as files and contribute zero hunks,b67a5a5aeff2846d8683a19f354a331492f59822,ef7e6b5cb2b3d25eac2f7d6bafa12de4d2621c6e,b67a5a5aeff2846d8683a19f354a331492f59822,ef7e6b5cb2b3d25eac2f7d6bafa12de4d2621c6e,f180e11b916ef3ed2d1109d07a136e0bd1260aa8,f04eb897a160a3be5abb76a495c361500973541e,f180e11b916ef3ed2d1109d07a136e0bd1260aa8,10,41,8,59,OK
same,ag2ai/build-with-ag2,8,9,CLEAN,false,false,2026-09-16T23:49:06.875907+00:00,current-pr-heads-at-extraction; not frozen replay OIDs,git version 2.50.1 (Apple Git-155),refs/pull/N/head; --no-tags; depth 80; depth 600 retry if no merge base,git -c diff.renames=true -c diff.algorithm=myers diff --no-ext-diff --no-textconv --unified=0; default whitespace; binary paths count as files and contribute zero hunks,89bcd85a27cc031f0463de3d9498e92846ef0a96,f81bb6590bb5893b6aedadf76fa87051a4a71f36,89bcd85a27cc031f0463de3d9498e92846ef0a96,f81bb6590bb5893b6aedadf76fa87051a4a71f36,053eef6917215ddc6cfea8160759cc02e23ac6ad,053eef6917215ddc6cfea8160759cc02e23ac6ad,053eef6917215ddc6cfea8160759cc02e23ac6ad,1,1,1,1,OK
same,test-zeus-ai/testzeus-hercules,60,61,CONFLICT,true,false,2026-09-16T23:49:14.627934+00:00,current-pr-heads-at-extraction; not frozen replay OIDs,git version 2.50.1 (Apple Git-155),refs/pull/N/head; --no-tags; depth 80; depth 600 retry if no merge base,git -c diff.renames=true -c diff.algorithm=myers diff --no-ext-diff --no-textconv --unified=0; default whitespace; binary paths count as files and contribute zero hunks,b68a4e91aff079196fd1b51b234e892a7eaadec4,0c15b639c7fda0dcdcb9d486d9775da0e4c277c7,b68a4e91aff079196fd1b51b234e892a7eaadec4,0c15b639c7fda0dcdcb9d486d9775da0e4c277c7,2e94dd24912a3abcf4fd255f2b4860c74273cb15,59c0e62cee3e9e12a486d470f7280ae8071beba5,78160c2ebb1704aec5017db67ad0e411a100baa3,113,1357,89,264,OK
same,mendableai/firecrawl-mcp-server,72,73,CLEAN,false,false,2026-09-16T23:49:21.057147+00:00,current-pr-heads-at-extraction; not frozen replay OIDs,git version 2.50.1 (Apple Git-155),refs/pull/N/head; --no-tags; depth 80; depth 600 retry if no merge base,git -c diff.renames=true -c diff.algorithm=myers diff --no-ext-diff --no-textconv --unified=0; default whitespace; binary paths count as files and contribute zero hunks,bf6e21e9646291a25ed3f3af7bb15cbcce3f5363,d8a14c3ea00f12b59fa956b79460fe77b6e63933,bf6e21e9646291a25ed3f3af7bb15cbcce3f5363,d8a14c3ea00f12b59fa956b79460fe77b6e63933,d8e8d281f6cb9f7a8829f5e7ab8a197c085e8041,d8e8d281f6cb9f7a8829f5e7ab8a197c085e8041,d8e8d281f6cb9f7a8829f5e7ab8a197c085e8041,1,7,2,4,OK
same,logiscape/mcp-sdk-php,27,28,CLEAN,false,false,2026-09-16T23:49:23.901251+00:00,current-pr-heads-at-extraction; not frozen replay OIDs,git version 2.50.1 (Apple Git-155),refs/pull/N/head; --no-tags; depth 80; depth 600 retry if no merge base,git -c diff.renames=true -c diff.algorithm=myers diff --no-ext-diff --no-textconv --unified=0; default whitespace; binary paths count as files and contribute zero hunks,16af9278d57a340dc4e7f7ec24a348de98ed1dbd,40e24f0170f63b5829eeef3d1de5588992d7d515,16af9278d57a340dc4e7f7ec24a348de98ed1dbd,40e24f0170f63b5829eeef3d1de5588992d7d515,19dbf903525f7a271eadd395c8152ef850fab15a,19dbf903525f7a271eadd395c8152ef850fab15a,19dbf903525f7a271eadd395c8152ef850fab15a,2,8,1,1,OK
same,BasedHardware/omi,2006,2009,CONFLICT,true,false,2026-09-16T23:49:26.201539+00:00,current-pr-heads-at-extraction; not frozen replay OIDs,git version 2.50.1 (Apple Git-155),refs/pull/N/head; --no-tags; depth 80; depth 600 retry if no merge base,git -c diff.renames=true -c diff.algorithm=myers diff --no-ext-diff --no-textconv --unified=0; default whitespace; binary paths count as files and contribute zero hunks,c46a25385eddc1875aed3921e4656e8776614da4,83710ae44ab81ea7de7bd06878da1cd81827b420,c46a25385eddc1875aed3921e4656e8776614da4,83710ae44ab81ea7de7bd06878da1cd81827b420,dca508d91f25a58e385ebe64ef1b755fa7ac0eb2,dca508d91f25a58e385ebe64ef1b755fa7ac0eb2,dca508d91f25a58e385ebe64ef1b755fa7ac0eb2,16,23,6,12,OK
same,sunithvs/devb.io,98,99,CLEAN,false,false,2026-09-16T23:51:00.620387+00:00,current-pr-heads-at-extraction; not frozen replay OIDs,git version 2.50.1 (Apple Git-155),refs/pull/N/head; --no-tags; depth 80; depth 600 retry if no merge base,git -c diff.renames=true -c diff.algorithm=myers diff --no-ext-diff --no-textconv --unified=0; default whitespace; binary paths count as files and contribute zero hunks,804ef522c73fbe22bcfa97d90eeee2cb6fbd6fa9,025115e0822a03028a38f8aa2195a3a0b1e75db5,804ef522c73fbe22bcfa97d90eeee2cb6fbd6fa9,025115e0822a03028a38f8aa2195a3a0b1e75db5,acb5c766832a9e291641889ff105f74b3ac1c92f,acb5c766832a9e291641889ff105f74b3ac1c92f,acb5c766832a9e291641889ff105f74b3ac1c92f,1,2,1,3,OK
same,ag2ai/ag2,693,711,CLEAN,false,false,2026-09-16T23:51:04.887536+00:00,current-pr-heads-at-extraction; not frozen replay OIDs,git version 2.50.1 (Apple Git-155),refs/pull/N/head; --no-tags; depth 80; depth 600 retry if no merge base,git -c diff.renames=true -c diff.algorithm=myers diff --no-ext-diff --no-textconv --unified=0; default whitespace; binary paths count as files and contribute zero hunks,f25cbd978a13ab4337606d472fddec2cf22080a4,539f838cfa1ce688d618ad9bf4e920e0f32452a8,f25cbd978a13ab4337606d472fddec2cf22080a4,539f838cfa1ce688d618ad9bf4e920e0f32452a8,ee8ff17c2190c4b9bfbe9ec09cf923bd50a145b7,893bc9ac2a399dc8931d62eddea4aa98d518479e,e2e6607540607ee99bca5ed21e85ce0ed8382927,26,26,502,1554,OK
same,appdotbuild/agent,75,76,UNAVAIL_fetch,false,false,2026-09-16T23:51:18.000490+00:00,current-pr-heads-at-extraction; not frozen replay OIDs,git version 2.50.1 (Apple Git-155),refs/pull/N/head; --no-tags; depth 80; depth 600 retry if no merge base,git -c diff.renames=true -c diff.algorithm=myers diff --no-ext-diff --no-textconv --unified=0; default whitespace; binary paths count as files and contribute zero hunks,,,,,,,,,,,,UNAVAIL_fetch
same,pgdogdev/pgdog,234,235,CLEAN,false,false,2026-09-16T23:51:18.001120+00:00,current-pr-heads-at-extraction; not frozen replay OIDs,git version 2.50.1 (Apple Git-155),refs/pull/N/head; --no-tags; depth 80; depth 600 retry if no merge base,git -c diff.renames=true -c diff.algorithm=myers diff --no-ext-diff --no-textconv --unified=0; default whitespace; binary paths count as files and contribute zero hunks,3e9d16c3db0be7f1acb4184a62ce6214d7aebecf,823dafb45fa909942e7c0409a5a99f24935ae468,3e9d16c3db0be7f1acb4184a62ce6214d7aebecf,823dafb45fa909942e7c0409a5a99f24935ae468,4a50c3537b98fceafbfa86c0973021626c40f3e0,4a50c3537b98fceafbfa86c0973021626c40f3e0,4a50c3537b98fceafbfa86c0973021626c40f3e0,3,5,9,18,OK
same,hotovo/aider-desk,159,163,CLEAN,false,false,2026-09-16T23:51:21.272943+00:00,current-pr-heads-at-extraction; not frozen replay OIDs,git version 2.50.1 (Apple Git-155),refs/pull/N/head; --no-tags; depth 80; depth 600 retry if no merge base,git -c diff.renames=true -c diff.algorithm=myers diff --no-ext-diff --no-textconv --unified=0; default whitespace; binary paths count as files and contribute zero hunks,c3b05794e33f2f3c0686b223f8ecdad5bec1dd15,47e42fe24b6a64e7bf34be300ed57b1e02015e85,c3b05794e33f2f3c0686b223f8ecdad5bec1dd15,47e42fe24b6a64e7bf34be300ed57b1e02015e85,b39c6408329a6f20d6b474472e5848e7f22a5318,f89a7f6d2176c07bf27eda10e4b41647401385ba,b39c6408329a6f20d6b474472e5848e7f22a5318,2,12,7,21,OK
same,WorkflowAI/WorkflowAI,370,371,CLEAN,false,false,2026-09-16T23:51:24.916296+00:00,current-pr-heads-at-extraction; not frozen replay OIDs,git version 2.50.1 (Apple Git-155),refs/pull/N/head; --no-tags; depth 80; depth 600 retry if no merge base,git -c diff.renames=true -c diff.algorithm=myers diff --no-ext-diff --no-textconv --unified=0; default whitespace; binary paths count as files and contribute zero hunks,e72d19c419fa713978c360ffb3f1239d1212913a,d75d95a653fa478fdc1d3e3f170f3d9704935d25,e72d19c419fa713978c360ffb3f1239d1212913a,d75d95a653fa478fdc1d3e3f170f3d9704935d25,9b931e652fe6c2abe5c50d517f57c572b5a8489b,9b931e652fe6c2abe5c50d517f57c572b5a8489b,9b931e652fe6c2abe5c50d517f57c572b5a8489b,4,17,12,15,OK
same,grll/mcpadapt,57,58,CLEAN,false,false,2026-09-16T23:51:34.306325+00:00,current-pr-heads-at-extraction; not frozen replay OIDs,git version 2.50.1 (Apple Git-155),refs/pull/N/head; --no-tags; depth 80; depth 600 retry if no merge base,git -c diff.renames=true -c diff.algorithm=myers diff --no-ext-diff --no-textconv --unified=0; default whitespace; binary paths count as files and contribute zero hunks,527dfbad124805cbc38c991b77049b658018d88d,34a346714fca3794c55d6c1283f8d2cdd9cb957f,527dfbad124805cbc38c991b77049b658018d88d,34a346714fca3794c55d6c1283f8d2cdd9cb957f,f7feea758f91a45a48c07d2c19790d0e1d20a967,f7feea758f91a45a48c07d2c19790d0e1d20a967,f7feea758f91a45a48c07d2c19790d0e1d20a967,1,1,1,1,OK
same,openai/openai-realtime-agents,56,58,CLEAN,false,false,2026-09-16T23:51:37.133102+00:00,current-pr-heads-at-extraction; not frozen replay OIDs,git version 2.50.1 (Apple Git-155),refs/pull/N/head; --no-tags; depth 80; depth 600 retry if no merge base,git -c diff.renames=true -c diff.algorithm=myers diff --no-ext-diff --no-textconv --unified=0; default whitespace; binary paths count as files and contribute zero hunks,f37765b9aca04bc4339bcf12bd7474236b7cf3e5,f37765b9aca04bc4339bcf12bd7474236b7cf3e5,f37765b9aca04bc4339bcf12bd7474236b7cf3e5,f37765b9aca04bc4339bcf12bd7474236b7cf3e5,d42c94fc2ab049aebe852f615402939a146a675d,d42c94fc2ab049aebe852f615402939a146a675d,f37765b9aca04bc4339bcf12bd7474236b7cf3e5,0,0,0,0,OK
same,ngo275/app-agent,5,6,CLEAN,false,false,2026-09-16T23:51:40.392564+00:00,current-pr-heads-at-extraction; not frozen replay OIDs,git version 2.50.1 (Apple Git-155),refs/pull/N/head; --no-tags; depth 80; depth 600 retry if no merge base,git -c diff.renames=true -c diff.algorithm=myers diff --no-ext-diff --no-textconv --unified=0; default whitespace; binary paths count as files and contribute zero hunks,6d215fcf36135d2a0ff220b9f528d07919b35816,c17318d20f39cbf48d1836bb91b3ee89421e8546,6d215fcf36135d2a0ff220b9f528d07919b35816,c17318d20f39cbf48d1836bb91b3ee89421e8546,6fb77ad1107558e3bbb4caf880741c2feb282878,6fb77ad1107558e3bbb4caf880741c2feb282878,6fb77ad1107558e3bbb4caf880741c2feb282878,2,9,4,4,OK
same,carverauto/serviceradar,954,955,CLEAN,false,false,2026-09-16T23:51:45.441174+00:00,current-pr-heads-at-extraction; not frozen replay OIDs,git version 2.50.1 (Apple Git-155),refs/pull/N/head; --no-tags; depth 80; depth 600 retry if no merge base,git -c diff.renames=true -c diff.algorithm=myers diff --no-ext-diff --no-textconv --unified=0; default whitespace; binary paths count as files and contribute zero hunks,31cee130cf34a89699396ffeff7fe2b760a20587,2d89ddb962a20002c45d4f366644bd824c1dfa3f,31cee130cf34a89699396ffeff7fe2b760a20587,2d89ddb962a20002c45d4f366644bd824c1dfa3f,b841f766704fe435ddf67b7c92673396d14d00f8,ba38066b973bc03ad5f48f5fe07809664342d1c9,ba38066b973bc03ad5f48f5fe07809664342d1c9,7,22,15,40,OK
same,antiwork/iffy,14,15,UNAVAIL_fetch,false,false,2026-09-16T23:51:48.497488+00:00,current-pr-heads-at-extraction; not frozen replay OIDs,git version 2.50.1 (Apple Git-155),refs/pull/N/head; --no-tags; depth 80; depth 600 retry if no merge base,git -c diff.renames=true -c diff.algorithm=myers diff --no-ext-diff --no-textconv --unified=0; default whitespace; binary paths count as files and contribute zero hunks,,,,,,,,,,,,UNAVAIL_fetch
same,haydenbleasel/eververse,32,33,CLEAN,false,false,2026-09-16T23:51:48.498208+00:00,current-pr-heads-at-extraction; not frozen replay OIDs,git version 2.50.1 (Apple Git-155),refs/pull/N/head; --no-tags; depth 80; depth 600 retry if no merge base,git -c diff.renames=true -c diff.algorithm=myers diff --no-ext-diff --no-textconv --unified=0; default whitespace; binary paths count as files and contribute zero hunks,e4bbd756039880d37e80b0b8c7e4cd1878c3f85e,239861b80fae8f02ccab4bbc33e1a589db4f3fd6,e4bbd756039880d37e80b0b8c7e4cd1878c3f85e,239861b80fae8f02ccab4bbc33e1a589db4f3fd6,c00428412b79c4e7b7bb820b86696533746d7925,c00428412b79c4e7b7bb820b86696533746d7925,c00428412b79c4e7b7bb820b86696533746d7925,2,3,6,12,OK
same,metacraft-labs/codetracer,140,147,CLEAN,false,false,2026-09-16T23:51:52.037147+00:00,current-pr-heads-at-extraction; not frozen replay OIDs,git version 2.50.1 (Apple Git-155),refs/pull/N/head; --no-tags; depth 80; depth 600 retry if no merge base,git -c diff.renames=true -c diff.algorithm=myers diff --no-ext-diff --no-textconv --unified=0; default whitespace; binary paths count as files and contribute zero hunks,4e506e9366fde741b681e24a4fb4ed67a61e0532,518d9b7ad8437b42c813dbdaaf788ea0f3bb7683,4e506e9366fde741b681e24a4fb4ed67a61e0532,518d9b7ad8437b42c813dbdaaf788ea0f3bb7683,65dd13a99be2a2dbf1370a4986ad8d018548ad82,04513eff59f0bc075dc9eabd7e63ae6077c9b120,c79cd4ff750fbe021b50ffaca14db9661b46debd,6,7,6,18,OK
same,groupultra/telegram-search,245,246,CONFLICT,true,true,2026-09-16T23:51:56.571050+00:00,current-pr-heads-at-extraction; not frozen replay OIDs,git version 2.50.1 (Apple Git-155),refs/pull/N/head; --no-tags; depth 80; depth 600 retry if no merge base,git -c diff.renames=true -c diff.algorithm=myers diff --no-ext-diff --no-textconv --unified=0; default whitespace; binary paths count as files and contribute zero hunks,278605b82eaf8f6a13983815050f226a6d5fca53,8a17b6f3553861268360cc96f068edc5471b8fda,278605b82eaf8f6a13983815050f226a6d5fca53,8a17b6f3553861268360cc96f068edc5471b8fda,36101eefa4db20a1211ec3ce7dd37ad3d31bf32e,d4b7956e2782edc189a3ec40ff9c233cfed14c3c,36101eefa4db20a1211ec3ce7dd37ad3d31bf32e,22,106,32,141,OK
same,jabrena/cursor-rules-java,113,114,CLEAN,false,false,2026-09-16T23:51:59.394199+00:00,current-pr-heads-at-extraction; not frozen replay OIDs,git version 2.50.1 (Apple Git-155),refs/pull/N/head; --no-tags; depth 80; depth 600 retry if no merge base,git -c diff.renames=true -c diff.algorithm=myers diff --no-ext-diff --no-textconv --unified=0; default whitespace; binary paths count as files and contribute zero hunks,9997ea816cce31c261cfbde96f0a9a7bf92d657b,c8a1ecf09968797758edd0437466a8978643f704,9997ea816cce31c261cfbde96f0a9a7bf92d657b,c8a1ecf09968797758edd0437466a8978643f704,9acfb0524844f4692d0958b113b97add2b5dbf1a,9acfb0524844f4692d0958b113b97add2b5dbf1a,9acfb0524844f4692d0958b113b97add2b5dbf1a,7,7,1,1,OK
same,laude-institute/terminal-bench,429,432,CLEAN,false,false,2026-09-16T23:52:02.496100+00:00,current-pr-heads-at-extraction; not frozen replay OIDs,git version 2.50.1 (Apple Git-155),refs/pull/N/head; --no-tags; depth 80; depth 600 retry if no merge base,git -c diff.renames=true -c diff.algorithm=myers diff --no-ext-diff --no-textconv --unified=0; default whitespace; binary paths count as files and contribute zero hunks,44ae3e84b7737c3b63590035d0ef3b660ae2f527,be01b0efa7e0421addae26cedbcf40ce68e29722,44ae3e84b7737c3b63590035d0ef3b660ae2f527,be01b0efa7e0421addae26cedbcf40ce68e29722,ada99ca331dc93c08fde181484361df1e1a12f68,0443683464789c2dca29e2b83b1cfbdb7f740c75,ada99ca331dc93c08fde181484361df1e1a12f68,2,5,20,191,OK
same,jina-ai/deepsearch-ui,18,21,CONFLICT,true,true,2026-09-16T23:52:13.537380+00:00,current-pr-heads-at-extraction; not frozen replay OIDs,git version 2.50.1 (Apple Git-155),refs/pull/N/head; --no-tags; depth 80; depth 600 retry if no merge base,git -c diff.renames=true -c diff.algorithm=myers diff --no-ext-diff --no-textconv --unified=0; default whitespace; binary paths count as files and contribute zero hunks,e2a1107eefd36b676dc453747d05b5381dd0385b,2d6c0a38e53f81137887366d58f030a4935672e5,e2a1107eefd36b676dc453747d05b5381dd0385b,2d6c0a38e53f81137887366d58f030a4935672e5,f2fd675ad94c9d4168493a5b2df407644c84dcd7,12f951910c07d5654c2d0ba68a204283ead74aff,f2fd675ad94c9d4168493a5b2df407644c84dcd7,3,10,6,161,OK
same,microsoft/typescript-go,1086,1093,CONFLICT,false,false,2026-09-16T23:52:16.517836+00:00,current-pr-heads-at-extraction; not frozen replay OIDs,git version 2.50.1 (Apple Git-155),refs/pull/N/head; --no-tags; depth 80; depth 600 retry if no merge base,git -c diff.renames=true -c diff.algorithm=myers diff --no-ext-diff --no-textconv --unified=0; default whitespace; binary paths count as files and contribute zero hunks,5aabfa190591971598854d10aa17f8fd9154983c,c999582f06f80b96971c8d75b360ef1490ea6edb,5aabfa190591971598854d10aa17f8fd9154983c,c999582f06f80b96971c8d75b360ef1490ea6edb,89750840c98d458dd19666e901fcf58ffc6d851a,cc2af8f9535079a43558349401ed37a8dadc5139,4fb79221570340568927d61ec526110d9f29c6ba,9075,26666,70,114,OK
same,dvcrn/mcp-server-siri-shortcuts,6,8,CLEAN,false,false,2026-09-16T23:52:34.088141+00:00,current-pr-heads-at-extraction; not frozen replay OIDs,git version 2.50.1 (Apple Git-155),refs/pull/N/head; --no-tags; depth 80; depth 600 retry if no merge base,git -c diff.renames=true -c diff.algorithm=myers diff --no-ext-diff --no-textconv --unified=0; default whitespace; binary paths count as files and contribute zero hunks,00bf3838a4f622bee79ee50c445e755c05b4e4bf,5a67bddfc53c0507d640259128779fa2aeb7b5f5,00bf3838a4f622bee79ee50c445e755c05b4e4bf,5a67bddfc53c0507d640259128779fa2aeb7b5f5,783258e41178537e13a80bfeb96a86098b7973ec,1ecdb829fbf697a0fa51b696eaa4c6e597882e82,00bf3838a4f622bee79ee50c445e755c05b4e4bf,0,0,5,11,OK
same,rcourtman/Pulse,191,192,CLEAN,false,false,2026-09-16T23:52:36.867268+00:00,current-pr-heads-at-extraction; not frozen replay OIDs,git version 2.50.1 (Apple Git-155),refs/pull/N/head; --no-tags; depth 80; depth 600 retry if no merge base,git -c diff.renames=true -c diff.algorithm=myers diff --no-ext-diff --no-textconv --unified=0; default whitespace; binary paths count as files and contribute zero hunks,59c07d8f38e36c663124d0a3d0fe63441fa0a1ec,e629093fa6a157505995e6ee5d9257964e8e0996,59c07d8f38e36c663124d0a3d0fe63441fa0a1ec,e629093fa6a157505995e6ee5d9257964e8e0996,39e9e024d5e728227b19fd82b5665d5de29e9f69,39e9e024d5e728227b19fd82b5665d5de29e9f69,39e9e024d5e728227b19fd82b5665d5de29e9f69,2,6,7,14,OK
same,Wan-Video/Wan2.1,108,126,CONFLICT,true,true,2026-09-16T23:52:40.239972+00:00,current-pr-heads-at-extraction; not frozen replay OIDs,git version 2.50.1 (Apple Git-155),refs/pull/N/head; --no-tags; depth 80; depth 600 retry if no merge base,git -c diff.renames=true -c diff.algorithm=myers diff --no-ext-diff --no-textconv --unified=0; default whitespace; binary paths count as files and contribute zero hunks,7b58015ee86124075f15cbd099dc50e862ad4f1f,fea47e70f760a71c6081d0702fe55175ae33f767,7b58015ee86124075f15cbd099dc50e862ad4f1f,fea47e70f760a71c6081d0702fe55175ae33f767,a326079926a4a347ecda8863dc40ba2d7680a294,a326079926a4a347ecda8863dc40ba2d7680a294,a326079926a4a347ecda8863dc40ba2d7680a294,1,2,1,2,OK
same,luohy15/y-gui,3,4,CONFLICT,true,true,2026-09-16T23:52:44.108228+00:00,current-pr-heads-at-extraction; not frozen replay OIDs,git version 2.50.1 (Apple Git-155),refs/pull/N/head; --no-tags; depth 80; depth 600 retry if no merge base,git -c diff.renames=true -c diff.algorithm=myers diff --no-ext-diff --no-textconv --unified=0; default whitespace; binary paths count as files and contribute zero hunks,3f672202572ab38ba8447905a42d686376e594fa,75b2faea7f55aa32efd24f4e24ad9ef9104e1cb3,3f672202572ab38ba8447905a42d686376e594fa,75b2faea7f55aa32efd24f4e24ad9ef9104e1cb3,945f9ecc1a593548564e16b62c9a957bf3bf7a3b,945f9ecc1a593548564e16b62c9a957bf3bf7a3b,945f9ecc1a593548564e16b62c9a957bf3bf7a3b,4,16,11,64,OK
same,Mail-0/Zero,1630,1665,CONFLICT,true,true,2026-09-16T23:52:46.928797+00:00,current-pr-heads-at-extraction; not frozen replay OIDs,git version 2.50.1 (Apple Git-155),refs/pull/N/head; --no-tags; depth 80; depth 600 retry if no merge base,git -c diff.renames=true -c diff.algorithm=myers diff --no-ext-diff --no-textconv --unified=0; default whitespace; binary paths count as files and contribute zero hunks,c2ae6cb0a4b6122b4018dbee3654c3a0fc949595,d750b9906fe960e0654a2646ec90e3d47916b71e,c2ae6cb0a4b6122b4018dbee3654c3a0fc949595,d750b9906fe960e0654a2646ec90e3d47916b71e,8845ee728078f8a3757689690c7c671cade9621a,d18de7894c0c74b2e8e4643e556be82032adcafd,f60b0fcba00ba8072476ad25fd8d6d2054b59961,5,23,24,164,OK
same,block/goose,2620,2621,CONFLICT,true,true,2026-09-16T23:52:56.941005+00:00,current-pr-heads-at-extraction; not frozen replay OIDs,git version 2.50.1 (Apple Git-155),refs/pull/N/head; --no-tags; depth 80; depth 600 retry if no merge base,git -c diff.renames=true -c diff.algorithm=myers diff --no-ext-diff --no-textconv --unified=0; default whitespace; binary paths count as files and contribute zero hunks,51cd9e265a68f7b425a43bd66180cbe188914a29,36f695a977006d8cf3aaa3fa24aed828597585cf,51cd9e265a68f7b425a43bd66180cbe188914a29,36f695a977006d8cf3aaa3fa24aed828597585cf,8fade6b320f0787131aea2946cd3af54700d4984,c8e3f6ac69607782c6c86871076b688ffb62380b,d8d9b9f1bd722b760eacb4c11e1518fca7b889bc,2,7,128,765,OK
same,harrisonwang/docxy,1,2,CLEAN,false,false,2026-09-16T23:54:13.577714+00:00,current-pr-heads-at-extraction; not frozen replay OIDs,git version 2.50.1 (Apple Git-155),refs/pull/N/head; --no-tags; depth 80; depth 600 retry if no merge base,git -c diff.renames=true -c diff.algorithm=myers diff --no-ext-diff --no-textconv --unified=0; default whitespace; binary paths count as files and contribute zero hunks,ad9b8f4d0e1601e01d1caa1083772ead95d2ff0b,a9c815da45d8c4f8d576d124398db7c0aec4295a,ad9b8f4d0e1601e01d1caa1083772ead95d2ff0b,a9c815da45d8c4f8d576d124398db7c0aec4295a,c42f2cfd2d3305a32e0780fd05751f5101a4c172,c42f2cfd2d3305a32e0780fd05751f5101a4c172,ad9b8f4d0e1601e01d1caa1083772ead95d2ff0b,0,0,3,5,OK
same,mcpgod/cli,7,8,CLEAN,false,false,2026-09-16T23:54:16.594828+00:00,current-pr-heads-at-extraction; not frozen replay OIDs,git version 2.50.1 (Apple Git-155),refs/pull/N/head; --no-tags; depth 80; depth 600 retry if no merge base,git -c diff.renames=true -c diff.algorithm=myers diff --no-ext-diff --no-textconv --unified=0; default whitespace; binary paths count as files and contribute zero hunks,05db5d0b38d5e3dacc0838596e8d4719cfd48f3a,7eb291d86c16a9afe7ce53328a6f6e6ccfdc09c0,05db5d0b38d5e3dacc0838596e8d4719cfd48f3a,7eb291d86c16a9afe7ce53328a6f6e6ccfdc09c0,379fbfce4c0c8e8b360c28065e4d6c292b2c67dd,379fbfce4c0c8e8b360c28065e4d6c292b2c67dd,379fbfce4c0c8e8b360c28065e4d6c292b2c67dd,2,3,12,98,OK
same,lynx-family/lynx-stack,1183,1197,CLEAN,false,false,2026-09-16T23:54:18.934289+00:00,current-pr-heads-at-extraction; not frozen replay OIDs,git version 2.50.1 (Apple Git-155),refs/pull/N/head; --no-tags; depth 80; depth 600 retry if no merge base,git -c diff.renames=true -c diff.algorithm=myers diff --no-ext-diff --no-textconv --unified=0; default whitespace; binary paths count as files and contribute zero hunks,d969954568ed98d3ebdbc5f2c3d8729a9055f506,17d9a4a8ad7d256244585b6acc265baee50871e1,d969954568ed98d3ebdbc5f2c3d8729a9055f506,17d9a4a8ad7d256244585b6acc265baee50871e1,a7e8b5bbbab0490e7cf6f47581130e7b32739abb,16f402f557ba12ec34a35a1b9b00115bf576c20f,a7e8b5bbbab0490e7cf6f47581130e7b32739abb,2,3,254,1086,OK
same,leonardsellem/n8n-mcp-server,25,26,CLEAN,false,false,2026-09-16T23:54:23.051563+00:00,current-pr-heads-at-extraction; not frozen replay OIDs,git version 2.50.1 (Apple Git-155),refs/pull/N/head; --no-tags; depth 80; depth 600 retry if no merge base,git -c diff.renames=true -c diff.algorithm=myers diff --no-ext-diff --no-textconv --unified=0; default whitespace; binary paths count as files and contribute zero hunks,4e7b3807883bcaf79b71202116dadd5ee2e45924,5cd56455445f004827fbcd23eb1ba5485c4742e3,4e7b3807883bcaf79b71202116dadd5ee2e45924,5cd56455445f004827fbcd23eb1ba5485c4742e3,b04464e9f549d3657552ec53b84a264b3726b2d4,b04464e9f549d3657552ec53b84a264b3726b2d4,b04464e9f549d3657552ec53b84a264b3726b2d4,5,9,1,1,OK
same,openai/openai-agents-python,736,737,CLEAN,false,false,2026-09-16T23:54:26.015490+00:00,current-pr-heads-at-extraction; not frozen replay OIDs,git version 2.50.1 (Apple Git-155),refs/pull/N/head; --no-tags; depth 80; depth 600 retry if no merge base,git -c diff.renames=true -c diff.algorithm=myers diff --no-ext-diff --no-textconv --unified=0; default whitespace; binary paths count as files and contribute zero hunks,dc0335d79825e55eb3b75ec9bfa316010f4e944b,b3cd7263509ca9068d9fd7fb93269e9ccb642b4d,dc0335d79825e55eb3b75ec9bfa316010f4e944b,b3cd7263509ca9068d9fd7fb93269e9ccb642b4d,1364f4408e8e0d8bec1d6ac8337f68b3b888a4a7,1364f4408e8e0d8bec1d6ac8337f68b3b888a4a7,466b44df180718a5d53c45293db2f57b6e719f95,22,90,2,11,OK
same,openops-cloud/openops,666,668,CLEAN,false,false,2026-09-16T23:54:28.735658+00:00,current-pr-heads-at-extraction; not frozen replay OIDs,git version 2.50.1 (Apple Git-155),refs/pull/N/head; --no-tags; depth 80; depth 600 retry if no merge base,git -c diff.renames=true -c diff.algorithm=myers diff --no-ext-diff --no-textconv --unified=0; default whitespace; binary paths count as files and contribute zero hunks,9ff85434343647ea77b732d56f4ecf0ac073d860,959346aea11a7b8a3aa5f1c053f9fc122c06fbb6,9ff85434343647ea77b732d56f4ecf0ac073d860,959346aea11a7b8a3aa5f1c053f9fc122c06fbb6,7b3d2758ee32f03b3c72ab023d890c449dc42f8c,26d57cebd2e1723696917bd2d6c8e82c9bb19b0c,260948c1279de244258ff9570a0bf0e307413b57,7,26,10,21,OK
same,Automattic/wp-feature-api,53,54,CLEAN,false,false,2026-09-16T23:54:32.903379+00:00,current-pr-heads-at-extraction; not frozen replay OIDs,git version 2.50.1 (Apple Git-155),refs/pull/N/head; --no-tags; depth 80; depth 600 retry if no merge base,git -c diff.renames=true -c diff.algorithm=myers diff --no-ext-diff --no-textconv --unified=0; default whitespace; binary paths count as files and contribute zero hunks,86b773f7066853249114461de8c0cefeac0bb7f7,6fa5c20f2c513e146b6e78dad900e40053a0d40b,86b773f7066853249114461de8c0cefeac0bb7f7,6fa5c20f2c513e146b6e78dad900e40053a0d40b,b3158d6bbe2f45833c7454ca9147d369ff3fec6b,b3158d6bbe2f45833c7454ca9147d369ff3fec6b,b3158d6bbe2f45833c7454ca9147d369ff3fec6b,1,1,1,2,OK
same,Azure-Samples/azure-ai-travel-agents,75,77,CLEAN,false,false,2026-09-16T23:54:35.445517+00:00,current-pr-heads-at-extraction; not frozen replay OIDs,git version 2.50.1 (Apple Git-155),refs/pull/N/head; --no-tags; depth 80; depth 600 retry if no merge base,git -c diff.renames=true -c diff.algorithm=myers diff --no-ext-diff --no-textconv --unified=0; default whitespace; binary paths count as files and contribute zero hunks,03bfb82064dc22de61e7fce9e257d7bea6568d16,e7d75d9d643df7e403144b7bbcf04096e6b6e81c,03bfb82064dc22de61e7fce9e257d7bea6568d16,e7d75d9d643df7e403144b7bbcf04096e6b6e81c,f5d658e365b353281a95c7872eb47ffd3d90eac9,5c33cee8e290b8625e72695c0ef4ca3100256e00,9f6919e0cffaa9bfecf4d1eaa8a4228e8818fcc2,5,6,23,25,OK
same,PV-Bhat/vibe-check-mcp-server,8,9,CONFLICT,false,false,2026-09-16T23:54:38.968929+00:00,current-pr-heads-at-extraction; not frozen replay OIDs,git version 2.50.1 (Apple Git-155),refs/pull/N/head; --no-tags; depth 80; depth 600 retry if no merge base,git -c diff.renames=true -c diff.algorithm=myers diff --no-ext-diff --no-textconv --unified=0; default whitespace; binary paths count as files and contribute zero hunks,7e429e5d5322725df20ece5520dfbc9df97c8930,9065d249af5ce85e023ae060a4d62814b580ad4c,7e429e5d5322725df20ece5520dfbc9df97c8930,9065d249af5ce85e023ae060a4d62814b580ad4c,00ae50cbab7b887abe13e17ff5e601d1ccf5ac0d,00ae50cbab7b887abe13e17ff5e601d1ccf5ac0d,00ae50cbab7b887abe13e17ff5e601d1ccf5ac0d,1,1,15,129,OK
same,badtuxx/girus-cli,96,97,CLEAN,false,false,2026-09-16T23:54:41.336843+00:00,current-pr-heads-at-extraction; not frozen replay OIDs,git version 2.50.1 (Apple Git-155),refs/pull/N/head; --no-tags; depth 80; depth 600 retry if no merge base,git -c diff.renames=true -c diff.algorithm=myers diff --no-ext-diff --no-textconv --unified=0; default whitespace; binary paths count as files and contribute zero hunks,9f1c38c11be79215b27d1469051a095287d33ea6,b4912815d7b0ff5e3f660492c63da0f1ded69c73,9f1c38c11be79215b27d1469051a095287d33ea6,b4912815d7b0ff5e3f660492c63da0f1ded69c73,dc168c62aa20dd732fb9079ac4bdc9e4d662a689,dc168c62aa20dd732fb9079ac4bdc9e4d662a689,dc168c62aa20dd732fb9079ac4bdc9e4d662a689,1,4,1,1,OK
same,Osly-AI/PocketManus,2,3,CLEAN,false,false,2026-09-16T23:54:43.931552+00:00,current-pr-heads-at-extraction; not frozen replay OIDs,git version 2.50.1 (Apple Git-155),refs/pull/N/head; --no-tags; depth 80; depth 600 retry if no merge base,git -c diff.renames=true -c diff.algorithm=myers diff --no-ext-diff --no-textconv --unified=0; default whitespace; binary paths count as files and contribute zero hunks,caffdb12cdf326447ec95173e05b66a594a56156,7927e1d575071c90213ffb739def7d47102be29d,caffdb12cdf326447ec95173e05b66a594a56156,7927e1d575071c90213ffb739def7d47102be29d,88e168b0af7ad9ace4f2638e28d880a666315317,f53a5f105c1d60b6d4df61013c93f3745f36f380,88e168b0af7ad9ace4f2638e28d880a666315317,2,4,22414,22245,OK
same,antiwork/flexile,77,78,UNAVAIL_fetch,false,false,2026-09-16T23:54:50.389156+00:00,current-pr-heads-at-extraction; not frozen replay OIDs,git version 2.50.1 (Apple Git-155),refs/pull/N/head; --no-tags; depth 80; depth 600 retry if no merge base,git -c diff.renames=true -c diff.algorithm=myers diff --no-ext-diff --no-textconv --unified=0; default whitespace; binary paths count as files and contribute zero hunks,,,,,,,,,,,,UNAVAIL_fetch
same,oraios/serena,167,168,CLEAN,false,false,2026-09-16T23:54:50.394191+00:00,current-pr-heads-at-extraction; not frozen replay OIDs,git version 2.50.1 (Apple Git-155),refs/pull/N/head; --no-tags; depth 80; depth 600 retry if no merge base,git -c diff.renames=true -c diff.algorithm=myers diff --no-ext-diff --no-textconv --unified=0; default whitespace; binary paths count as files and contribute zero hunks,34cef92c6cd681fd0294788ee907c2f431e5c894,5d0671ae704a1c775fc42f82647b9f5693b08daa,34cef92c6cd681fd0294788ee907c2f431e5c894,5d0671ae704a1c775fc42f82647b9f5693b08daa,3b04d0b8676b09292d412bdd5e3ecbf372068cb3,80a4caf36a1692c71888bb92ab0f03ebe7637c73,3b04d0b8676b09292d412bdd5e3ecbf372068cb3,2,2,8,32,OK
same,plexguide/Huntarr.io,471,472,UNAVAIL_fetch,false,false,2026-09-16T23:54:53.201877+00:00,current-pr-heads-at-extraction; not frozen replay OIDs,git version 2.50.1 (Apple Git-155),refs/pull/N/head; --no-tags; depth 80; depth 600 retry if no merge base,git -c diff.renames=true -c diff.algorithm=myers diff --no-ext-diff --no-textconv --unified=0; default whitespace; binary paths count as files and contribute zero hunks,,,,,,,,,,,,UNAVAIL_fetch
same,ryokun6/ryos,13,14,CONFLICT,true,true,2026-09-16T23:54:53.202052+00:00,current-pr-heads-at-extraction; not frozen replay OIDs,git version 2.50.1 (Apple Git-155),refs/pull/N/head; --no-tags; depth 80; depth 600 retry if no merge base,git -c diff.renames=true -c diff.algorithm=myers diff --no-ext-diff --no-textconv --unified=0; default whitespace; binary paths count as files and contribute zero hunks,ff49b1f88c01a99e5bcf2a43c9948cdead3d514b,c19561cd6f8a7df1055c012c34c2d62052f0c3e1,ff49b1f88c01a99e5bcf2a43c9948cdead3d514b,c19561cd6f8a7df1055c012c34c2d62052f0c3e1,75ea5d01335d18fcc81b11c5f903e13f25ab781e,75ea5d01335d18fcc81b11c5f903e13f25ab781e,75ea5d01335d18fcc81b11c5f903e13f25ab781e,2,6,2,6,OK
same,f/mcptools,57,58,CLEAN,false,false,2026-09-16T23:55:27.068861+00:00,current-pr-heads-at-extraction; not frozen replay OIDs,git version 2.50.1 (Apple Git-155),refs/pull/N/head; --no-tags; depth 80; depth 600 retry if no merge base,git -c diff.renames=true -c diff.algorithm=myers diff --no-ext-diff --no-textconv --unified=0; default whitespace; binary paths count as files and contribute zero hunks,04174e31b2536d27e55d03cc4fd0a70bb4683b67,30d26b59d3b4c3aeb633325c2a6ecd876b2328a7,04174e31b2536d27e55d03cc4fd0a70bb4683b67,30d26b59d3b4c3aeb633325c2a6ecd876b2328a7,6dbbc7ed94db36f4a540a5c8e04292eeecaee7dc,6dbbc7ed94db36f4a540a5c8e04292eeecaee7dc,6dbbc7ed94db36f4a540a5c8e04292eeecaee7dc,7,22,2,3,OK
same,boldsoftware/sketch,111,112,CLEAN,false,false,2026-09-16T23:55:31.511123+00:00,current-pr-heads-at-extraction; not frozen replay OIDs,git version 2.50.1 (Apple Git-155),refs/pull/N/head; --no-tags; depth 80; depth 600 retry if no merge base,git -c diff.renames=true -c diff.algorithm=myers diff --no-ext-diff --no-textconv --unified=0; default whitespace; binary paths count as files and contribute zero hunks,749e664d8db6001fbfec72eb1a655a9a36e8bb5b,35d09a9cf6d94777dd863583c22f4c8665292920,749e664d8db6001fbfec72eb1a655a9a36e8bb5b,35d09a9cf6d94777dd863583c22f4c8665292920,55c87e3ababb0800b5710cbb11bec4dea8c13515,55c87e3ababb0800b5710cbb11bec4dea8c13515,55c87e3ababb0800b5710cbb11bec4dea8c13515,3,4,1,1,OK
same,disler/just-prompt,12,13,CLEAN,false,false,2026-09-16T23:55:33.838799+00:00,current-pr-heads-at-extraction; not frozen replay OIDs,git version 2.50.1 (Apple Git-155),refs/pull/N/head; --no-tags; depth 80; depth 600 retry if no merge base,git -c diff.renames=true -c diff.algorithm=myers diff --no-ext-diff --no-textconv --unified=0; default whitespace; binary paths count as files and contribute zero hunks,2a6e9af261e3d39a850cb1ea19119eb9e66e5211,1bf3472ef72e480412cd440933f4cd0795c6467b,2a6e9af261e3d39a850cb1ea19119eb9e66e5211,1bf3472ef72e480412cd440933f4cd0795c6467b,97e06f1a6bfd034b6983174d373393e33c6f2fcf,97e06f1a6bfd034b6983174d373393e33c6f2fcf,97e06f1a6bfd034b6983174d373393e33c6f2fcf,1,3,1,1,OK
same,langchain-ai/agents-from-scratch,31,32,CONFLICT,true,true,2026-09-16T23:55:38.423047+00:00,current-pr-heads-at-extraction; not frozen replay OIDs,git version 2.50.1 (Apple Git-155),refs/pull/N/head; --no-tags; depth 80; depth 600 retry if no merge base,git -c diff.renames=true -c diff.algorithm=myers diff --no-ext-diff --no-textconv --unified=0; default whitespace; binary paths count as files and contribute zero hunks,6fa1b4a47e7670cc0cd62c7cee7ed91d45e54e61,8190bffad3763881354a6d1b48ad577ef9eda150,6fa1b4a47e7670cc0cd62c7cee7ed91d45e54e61,8190bffad3763881354a6d1b48ad577ef9eda150,88687e7e4bc4858a75d8a557d34b590b9165443d,88687e7e4bc4858a75d8a557d34b590b9165443d,88687e7e4bc4858a75d8a557d34b590b9165443d,17,23,5,89,OK
same,smat-dev/jinni,8,9,CLEAN,false,false,2026-09-16T23:55:41.681181+00:00,current-pr-heads-at-extraction; not frozen replay OIDs,git version 2.50.1 (Apple Git-155),refs/pull/N/head; --no-tags; depth 80; depth 600 retry if no merge base,git -c diff.renames=true -c diff.algorithm=myers diff --no-ext-diff --no-textconv --unified=0; default whitespace; binary paths count as files and contribute zero hunks,e82f2c42a32a7817740f7d6b0040f122a8bdfa68,46a86721276fe5c0fc119d948f6cf81cdea5aa77,e82f2c42a32a7817740f7d6b0040f122a8bdfa68,46a86721276fe5c0fc119d948f6cf81cdea5aa77,a0c977cee96b1b3e7ccbffdce607e422420ceb20,a0c977cee96b1b3e7ccbffdce607e422420ceb20,a0c977cee96b1b3e7ccbffdce607e422420ceb20,1,1,9,20,OK
same,jacksonkasi1/tnks-data-table,19,20,CLEAN,false,false,2026-09-16T23:55:45.217543+00:00,current-pr-heads-at-extraction; not frozen replay OIDs,git version 2.50.1 (Apple Git-155),refs/pull/N/head; --no-tags; depth 80; depth 600 retry if no merge base,git -c diff.renames=true -c diff.algorithm=myers diff --no-ext-diff --no-textconv --unified=0; default whitespace; binary paths count as files and contribute zero hunks,b4c888347f4bb03cf49ecafd62794978c1cb1fa1,d162405112b0ab515a10d00a56b905c411fa0c06,b4c888347f4bb03cf49ecafd62794978c1cb1fa1,d162405112b0ab515a10d00a56b905c411fa0c06,f080622c2235c654d47fd6126e91bb4834ceac3d,f080622c2235c654d47fd6126e91bb4834ceac3d,f080622c2235c654d47fd6126e91bb4834ceac3d,0,0,0,0,OK
same,CEPT-VZG/digipin,21,22,CONFLICT,true,true,2026-09-16T23:55:47.665681+00:00,current-pr-heads-at-extraction; not frozen replay OIDs,git version 2.50.1 (Apple Git-155),refs/pull/N/head; --no-tags; depth 80; depth 600 retry if no merge base,git -c diff.renames=true -c diff.algorithm=myers diff --no-ext-diff --no-textconv --unified=0; default whitespace; binary paths count as files and contribute zero hunks,add38fe49085bab217712d71f780cbce06bf59fc,25a36b8751b92c80e6bb8e5758f4e8a87ac9440e,add38fe49085bab217712d71f780cbce06bf59fc,25a36b8751b92c80e6bb8e5758f4e8a87ac9440e,dca39047a74d278a82230b8ced41a0ca73bd0a6e,dca39047a74d278a82230b8ced41a0ca73bd0a6e,dca39047a74d278a82230b8ced41a0ca73bd0a6e,22,267,21,22,OK
same,mediar-ai/terminator,31,32,CLEAN,false,false,2026-09-16T23:55:53.598377+00:00,current-pr-heads-at-extraction; not frozen replay OIDs,git version 2.50.1 (Apple Git-155),refs/pull/N/head; --no-tags; depth 80; depth 600 retry if no merge base,git -c diff.renames=true -c diff.algorithm=myers diff --no-ext-diff --no-textconv --unified=0; default whitespace; binary paths count as files and contribute zero hunks,0a6ad2ec751fb5a583d2face79b6c206ddaad409,cf898dacbd1d662670016824d58ed69085af06b9,0a6ad2ec751fb5a583d2face79b6c206ddaad409,cf898dacbd1d662670016824d58ed69085af06b9,c0223ee50bdb74f6debc679baa0a62f6a223d21a,c0223ee50bdb74f6debc679baa0a62f6a223d21a,caca60a983552518ddbc72f6494e4449ddea10b8,1,1,13,31,OK
same,Shopify/roast,244,245,CLEAN,false,false,2026-09-16T23:55:56.593850+00:00,current-pr-heads-at-extraction; not frozen replay OIDs,git version 2.50.1 (Apple Git-155),refs/pull/N/head; --no-tags; depth 80; depth 600 retry if no merge base,git -c diff.renames=true -c diff.algorithm=myers diff --no-ext-diff --no-textconv --unified=0; default whitespace; binary paths count as files and contribute zero hunks,c25039f5d7e4dc4f217fd1d7f3f43ad25cbff193,60ccd5216d71bcd81c519f6ffd1effe193ce537c,c25039f5d7e4dc4f217fd1d7f3f43ad25cbff193,60ccd5216d71bcd81c519f6ffd1effe193ce537c,e8d63056e04a99af75daf526ea6a4d38f211b2b5,15c7efea96b1a4c61b1bf0db4fdc1b3bb453b051,60ccd5216d71bcd81c519f6ffd1effe193ce537c,52,83,0,0,OK
same,StephenDev0/StikDebug,204,206,CONFLICT,true,true,2026-09-16T23:55:59.138300+00:00,current-pr-heads-at-extraction; not frozen replay OIDs,git version 2.50.1 (Apple Git-155),refs/pull/N/head; --no-tags; depth 80; depth 600 retry if no merge base,git -c diff.renames=true -c diff.algorithm=myers diff --no-ext-diff --no-textconv --unified=0; default whitespace; binary paths count as files and contribute zero hunks,1555b6cb1835bfa8a8264738c8af84b4224246ed,4ef4508f9f1247630e81504b9d86575c53ab264a,1555b6cb1835bfa8a8264738c8af84b4224246ed,4ef4508f9f1247630e81504b9d86575c53ab264a,c3f5653086e049f248624671cc4c9e636e43eee8,c3f5653086e049f248624671cc4c9e636e43eee8,c3f5653086e049f248624671cc4c9e636e43eee8,2,4,12,71,OK
same,antiwork/gumroad,114,144,CLEAN,false,false,2026-09-16T23:56:21.724960+00:00,current-pr-heads-at-extraction; not frozen replay OIDs,git version 2.50.1 (Apple Git-155),refs/pull/N/head; --no-tags; depth 80; depth 600 retry if no merge base,git -c diff.renames=true -c diff.algorithm=myers diff --no-ext-diff --no-textconv --unified=0; default whitespace; binary paths count as files and contribute zero hunks,e577df4249514ef9cc9bf2b1985faccf584617a5,c28c9f0de86b2386f5686be25b7cca18d84a6e01,e577df4249514ef9cc9bf2b1985faccf584617a5,c28c9f0de86b2386f5686be25b7cca18d84a6e01,919fb3763f6317ba9599d928a981542e4f2b82c5,4938009a90560339eac5c2e9b7624b22165e7573,919fb3763f6317ba9599d928a981542e4f2b82c5,4,10,97,203,OK
same,sam-goodwin/alchemy,239,240,CONFLICT,true,false,2026-09-16T23:56:42.068712+00:00,current-pr-heads-at-extraction; not frozen replay OIDs,git version 2.50.1 (Apple Git-155),refs/pull/N/head; --no-tags; depth 80; depth 600 retry if no merge base,git -c diff.renames=true -c diff.algorithm=myers diff --no-ext-diff --no-textconv --unified=0; default whitespace; binary paths count as files and contribute zero hunks,5006a3d232e8a4c9bfdc7b5daf25a7b7a8e8ab8d,0630624b38df8e1299e11653f182541f63a4e7c4,5006a3d232e8a4c9bfdc7b5daf25a7b7a8e8ab8d,0630624b38df8e1299e11653f182541f63a4e7c4,640d71ed23be4d0ffbd5b3126455d92b18c1b0fc,1908a7d22edc970d12614867a0ad2e86c95669a6,d97ec2e76e02ea2a474870d39830f082b1550cc3,1851,2403,8,11,OK
same,microsoft/ai-agents-for-beginners,244,245,UNAVAIL_fetch,false,false,2026-09-16T23:58:31.791996+00:00,current-pr-heads-at-extraction; not frozen replay OIDs,git version 2.50.1 (Apple Git-155),refs/pull/N/head; --no-tags; depth 80; depth 600 retry if no merge base,git -c diff.renames=true -c diff.algorithm=myers diff --no-ext-diff --no-textconv --unified=0; default whitespace; binary paths count as files and contribute zero hunks,,,,,,,,,,,,UNAVAIL_fetch
same,ref-tools/ref-tools-mcp,3,4,CLEAN,false,false,2026-09-16T23:58:31.792340+00:00,current-pr-heads-at-extraction; not frozen replay OIDs,git version 2.50.1 (Apple Git-155),refs/pull/N/head; --no-tags; depth 80; depth 600 retry if no merge base,git -c diff.renames=true -c diff.algorithm=myers diff --no-ext-diff --no-textconv --unified=0; default whitespace; binary paths count as files and contribute zero hunks,ecd3eac70491f744ad82a13be77c7d2b15adc005,477fce2444470ad0a7c84b3ed53df490bcb07841,ecd3eac70491f744ad82a13be77c7d2b15adc005,477fce2444470ad0a7c84b3ed53df490bcb07841,bc366d37da7d8953addf2bf75ea540fcf4018e1c,68cab9e2df1bd8b449fdaaa2d8cfdf6985b31a96,68cab9e2df1bd8b449fdaaa2d8cfdf6985b31a96,3,6,6,6,OK
same,project-numina/kimina-lean-server,20,21,CLEAN,false,false,2026-09-16T23:58:35.382210+00:00,current-pr-heads-at-extraction; not frozen replay OIDs,git version 2.50.1 (Apple Git-155),refs/pull/N/head; --no-tags; depth 80; depth 600 retry if no merge base,git -c diff.renames=true -c diff.algorithm=myers diff --no-ext-diff --no-textconv --unified=0; default whitespace; binary paths count as files and contribute zero hunks,4daf531bef14140df33ddc1e22cb98fce5ce8bdd,5fe05aabfc5f9ebc23665ece5580e5cca0c67ca0,4daf531bef14140df33ddc1e22cb98fce5ce8bdd,5fe05aabfc5f9ebc23665ece5580e5cca0c67ca0,4beb63d0cd519fad9a8d37441229a9da44e045d2,48bd0bbf9f1a6294853069f6c4ebbbebd07eb8c6,2aadfcb7aae921ced168a08004e73e360b5641f6,8,29,7,21,OK
same,Azure/azure-mcp,361,362,CLEAN,false,false,2026-09-16T23:58:38.808646+00:00,current-pr-heads-at-extraction; not frozen replay OIDs,git version 2.50.1 (Apple Git-155),refs/pull/N/head; --no-tags; depth 80; depth 600 retry if no merge base,git -c diff.renames=true -c diff.algorithm=myers diff --no-ext-diff --no-textconv --unified=0; default whitespace; binary paths count as files and contribute zero hunks,53796e64e34000426ef42396d55539cf8ab088c3,88f946dcf1eebb57a6ece92477edfedabaefb217,53796e64e34000426ef42396d55539cf8ab088c3,88f946dcf1eebb57a6ece92477edfedabaefb217,72b1acc894d88c8703ce6eb00bad9e76a0b041bd,72b1acc894d88c8703ce6eb00bad9e76a0b041bd,72b1acc894d88c8703ce6eb00bad9e76a0b041bd,1,7,4,14,OK
same,rockbite/localforge,26,27,CLEAN,false,false,2026-09-16T23:58:41.414684+00:00,current-pr-heads-at-extraction; not frozen replay OIDs,git version 2.50.1 (Apple Git-155),refs/pull/N/head; --no-tags; depth 80; depth 600 retry if no merge base,git -c diff.renames=true -c diff.algorithm=myers diff --no-ext-diff --no-textconv --unified=0; default whitespace; binary paths count as files and contribute zero hunks,4742f2c57a0f7ffb1e9606c12337f6aab4d4d5c6,13d3a5510a366a13fb7bdeb5c92999851145d199,4742f2c57a0f7ffb1e9606c12337f6aab4d4d5c6,13d3a5510a366a13fb7bdeb5c92999851145d199,42a97e0fb1253829581c56dc8ea7cfec0b57e454,42a97e0fb1253829581c56dc8ea7cfec0b57e454,42a97e0fb1253829581c56dc8ea7cfec0b57e454,4,11,1,1,OK
same,team-mirai/policy,4,5,CLEAN,false,false,2026-09-16T23:58:44.325936+00:00,current-pr-heads-at-extraction; not frozen replay OIDs,git version 2.50.1 (Apple Git-155),refs/pull/N/head; --no-tags; depth 80; depth 600 retry if no merge base,git -c diff.renames=true -c diff.algorithm=myers diff --no-ext-diff --no-textconv --unified=0; default whitespace; binary paths count as files and contribute zero hunks,f90ebe49714eb74dee0cbe48e62d0b97565fb088,b2701f91a2dd55c8cc9d93d12dd596231794cb48,f90ebe49714eb74dee0cbe48e62d0b97565fb088,b2701f91a2dd55c8cc9d93d12dd596231794cb48,23c83b9cb57ed32b6bb660e3f8b0fd62cc440dd4,23c83b9cb57ed32b6bb660e3f8b0fd62cc440dd4,23c83b9cb57ed32b6bb660e3f8b0fd62cc440dd4,3,3,5,17,OK
same,acoyfellow/UserDO,5,6,CONFLICT,true,true,2026-09-16T23:58:47.214665+00:00,current-pr-heads-at-extraction; not frozen replay OIDs,git version 2.50.1 (Apple Git-155),refs/pull/N/head; --no-tags; depth 80; depth 600 retry if no merge base,git -c diff.renames=true -c diff.algorithm=myers diff --no-ext-diff --no-textconv --unified=0; default whitespace; binary paths count as files and contribute zero hunks,29004997f45d0a0bd11b537d5eef60e11aae7f92,7293d8760c44430877e65ccc65b624b5043afdea,29004997f45d0a0bd11b537d5eef60e11aae7f92,7293d8760c44430877e65ccc65b624b5043afdea,e16e7e5e5b402e9371489a565c82e9718b1e0665,e16e7e5e5b402e9371489a565c82e9718b1e0665,ed5b23832a8138343bac8173f80d2e413e517d92,17,86,14,77,OK
same,microsoft/magentic-ui,54,55,CLEAN,false,false,2026-09-16T23:58:49.348082+00:00,current-pr-heads-at-extraction; not frozen replay OIDs,git version 2.50.1 (Apple Git-155),refs/pull/N/head; --no-tags; depth 80; depth 600 retry if no merge base,git -c diff.renames=true -c diff.algorithm=myers diff --no-ext-diff --no-textconv --unified=0; default whitespace; binary paths count as files and contribute zero hunks,42ea6019f84c4a3f734e8c0ad7599c9ed76aad90,192a69bb86ee973132f8501836a76817610880ac,42ea6019f84c4a3f734e8c0ad7599c9ed76aad90,192a69bb86ee973132f8501836a76817610880ac,2db233281a20b6df46a5be8340bcd585dfe1599c,0aa0d753fa06e9c1a9fd6062191d7c6cf871e980,2db233281a20b6df46a5be8340bcd585dfe1599c,4,20,48,142,OK
same,DragonJAR/n8n-workflows-es,10,11,UNAVAIL_fetch,false,false,2026-09-16T23:58:54.718668+00:00,current-pr-heads-at-extraction; not frozen replay OIDs,git version 2.50.1 (Apple Git-155),refs/pull/N/head; --no-tags; depth 80; depth 600 retry if no merge base,git -c diff.renames=true -c diff.algorithm=myers diff --no-ext-diff --no-textconv --unified=0; default whitespace; binary paths count as files and contribute zero hunks,,,,,,,,,,,,UNAVAIL_fetch
same,lwyBZss8924d/DeepSearchAgents,9,14,CONFLICT,false,false,2026-09-16T23:58:54.719124+00:00,current-pr-heads-at-extraction; not frozen replay OIDs,git version 2.50.1 (Apple Git-155),refs/pull/N/head; --no-tags; depth 80; depth 600 retry if no merge base,git -c diff.renames=true -c diff.algorithm=myers diff --no-ext-diff --no-textconv --unified=0; default whitespace; binary paths count as files and contribute zero hunks,0a76293b1ff120b813e663833b8eb3ba86b10503,ff203e716caf5d756d813c416cf50caec0848e9f,0a76293b1ff120b813e663833b8eb3ba86b10503,ff203e716caf5d756d813c416cf50caec0848e9f,a72b72033bb9364d762c22c6f85cce1b3491e457,5787bd07dd9420959086b5b0271eeeab8caca417,a72b72033bb9364d762c22c6f85cce1b3491e457,2,2,6,36,OK
same,unibeck/solstatus,63,65,CLEAN,false,false,2026-09-16T23:59:01.508179+00:00,current-pr-heads-at-extraction; not frozen replay OIDs,git version 2.50.1 (Apple Git-155),refs/pull/N/head; --no-tags; depth 80; depth 600 retry if no merge base,git -c diff.renames=true -c diff.algorithm=myers diff --no-ext-diff --no-textconv --unified=0; default whitespace; binary paths count as files and contribute zero hunks,9fd2af8f0245b542d69b8ba13231cd0934fb92f7,a98067ba57d79bb38f50776bec52278cea7cba90,9fd2af8f0245b542d69b8ba13231cd0934fb92f7,a98067ba57d79bb38f50776bec52278cea7cba90,4754aed29c7f4f433c3203a22ab519f68968e793,4754aed29c7f4f433c3203a22ab519f68968e793,4754aed29c7f4f433c3203a22ab519f68968e793,11,28,2,3,OK
same,githubnext/awesome-continuous-ai,4,6,CLEAN,false,false,2026-09-16T23:59:08.990711+00:00,current-pr-heads-at-extraction; not frozen replay OIDs,git version 2.50.1 (Apple Git-155),refs/pull/N/head; --no-tags; depth 80; depth 600 retry if no merge base,git -c diff.renames=true -c diff.algorithm=myers diff --no-ext-diff --no-textconv --unified=0; default whitespace; binary paths count as files and contribute zero hunks,84f22b2c0611bf8b513b4bcab26ff810a637ff0f,57ec35295a4b6720e7641b6aefeac1e06efe1829,84f22b2c0611bf8b513b4bcab26ff810a637ff0f,57ec35295a4b6720e7641b6aefeac1e06efe1829,78db9e59474bad35824dcac652a4e8072d4bf779,78db9e59474bad35824dcac652a4e8072d4bf779,78db9e59474bad35824dcac652a4e8072d4bf779,2,2,2,2,OK
same,pushpak1300/ai-chat,4,5,CONFLICT,true,true,2026-09-16T23:59:11.249929+00:00,current-pr-heads-at-extraction; not frozen replay OIDs,git version 2.50.1 (Apple Git-155),refs/pull/N/head; --no-tags; depth 80; depth 600 retry if no merge base,git -c diff.renames=true -c diff.algorithm=myers diff --no-ext-diff --no-textconv --unified=0; default whitespace; binary paths count as files and contribute zero hunks,30a0becdc2251334b9b5523111723c6df0704579,ed0d1e2f65aba6e68660a9f3d37358adf5ea27d5,30a0becdc2251334b9b5523111723c6df0704579,ed0d1e2f65aba6e68660a9f3d37358adf5ea27d5,356318110c48ebc110a7a7374e6c527b7f4dad2c,356318110c48ebc110a7a7374e6c527b7f4dad2c,356318110c48ebc110a7a7374e6c527b7f4dad2c,3,115,7,139,OK
same,RchGrav/claudebox,10,11,CONFLICT,true,true,2026-09-16T23:59:13.750687+00:00,current-pr-heads-at-extraction; not frozen replay OIDs,git version 2.50.1 (Apple Git-155),refs/pull/N/head; --no-tags; depth 80; depth 600 retry if no merge base,git -c diff.renames=true -c diff.algorithm=myers diff --no-ext-diff --no-textconv --unified=0; default whitespace; binary paths count as files and contribute zero hunks,db9d929cd68745a980405e6d5c2dd454dc9b63c7,26f14b97ec9640e59475290846a77b290d1b6817,db9d929cd68745a980405e6d5c2dd454dc9b63c7,26f14b97ec9640e59475290846a77b290d1b6817,1ccfae6fbf5ef7f8e15fafc64762ad97d0635a99,1ccfae6fbf5ef7f8e15fafc64762ad97d0635a99,1ccfae6fbf5ef7f8e15fafc64762ad97d0635a99,1,8,1,3,OK
same,SuperClaude-Org/SuperClaude_Framework,37,69,CLEAN,false,false,2026-09-16T23:59:15.856174+00:00,current-pr-heads-at-extraction; not frozen replay OIDs,git version 2.50.1 (Apple Git-155),refs/pull/N/head; --no-tags; depth 80; depth 600 retry if no merge base,git -c diff.renames=true -c diff.algorithm=myers diff --no-ext-diff --no-textconv --unified=0; default whitespace; binary paths count as files and contribute zero hunks,761b55e47fa326089c9d79db5babfdfe847cb211,56c48436d5f1c728b8f47df8aa8c559df5125693,761b55e47fa326089c9d79db5babfdfe847cb211,56c48436d5f1c728b8f47df8aa8c559df5125693,65915024a1f0e2136e68a000a2800fafa18c16ba,b3cc64f3f04fcd04d3e47719d5e0a17b8d5089f6,65915024a1f0e2136e68a000a2800fafa18c16ba,5,33,26,30,OK
same,BeehiveInnovations/zen-mcp-server,83,95,CLEAN,false,false,2026-09-16T23:59:18.341696+00:00,current-pr-heads-at-extraction; not frozen replay OIDs,git version 2.50.1 (Apple Git-155),refs/pull/N/head; --no-tags; depth 80; depth 600 retry if no merge base,git -c diff.renames=true -c diff.algorithm=myers diff --no-ext-diff --no-textconv --unified=0; default whitespace; binary paths count as files and contribute zero hunks,f3beda81dff2c597501286b9a9e8ca87c42195d6,5cd93974e23df2e6b27eb965b730b26948bbf26a,f3beda81dff2c597501286b9a9e8ca87c42195d6,5cd93974e23df2e6b27eb965b730b26948bbf26a,b2dc84992d70839b29b611178b3871f4922b747f,4dae6e457ee05fb1042cd853d450c203e7985672,2641c78f8d36b410096aec62186e9f27c53c5dd8,3,12,93,932,OK
same,siteboon/claudecodeui,57,129,CLEAN,false,false,2026-09-16T23:59:22.528626+00:00,current-pr-heads-at-extraction; not frozen replay OIDs,git version 2.50.1 (Apple Git-155),refs/pull/N/head; --no-tags; depth 80; depth 600 retry if no merge base,git -c diff.renames=true -c diff.algorithm=myers diff --no-ext-diff --no-textconv --unified=0; default whitespace; binary paths count as files and contribute zero hunks,985c15b9bc4bae354b16176cee8e6fc71148ac27,d5470e89d682e6314c8c025c70e7b8e613ad9d66,985c15b9bc4bae354b16176cee8e6fc71148ac27,d5470e89d682e6314c8c025c70e7b8e613ad9d66,88bda6e5c0bd6e8451c136e269ec1edccd6b4e0e,6db8be5f54df8e75325d2f99ddefb6b2a3e2c48e,6db8be5f54df8e75325d2f99ddefb6b2a3e2c48e,29,101,14,25,OK
same,aavetis/PRarena,20,23,CONFLICT,true,true,2026-09-16T23:59:25.047563+00:00,current-pr-heads-at-extraction; not frozen replay OIDs,git version 2.50.1 (Apple Git-155),refs/pull/N/head; --no-tags; depth 80; depth 600 retry if no merge base,git -c diff.renames=true -c diff.algorithm=myers diff --no-ext-diff --no-textconv --unified=0; default whitespace; binary paths count as files and contribute zero hunks,d69ebd070346ec78a804cedfd8046ed038f88076,a48ee67e94cc943dfa83a4286e2cb00205dec36c,d69ebd070346ec78a804cedfd8046ed038f88076,a48ee67e94cc943dfa83a4286e2cb00205dec36c,8c0ad47e8fa98703a4b5d62524ae279dc9b76ade,a313a90c253a8304897a16d88efedf182f5f7919,8c0ad47e8fa98703a4b5d62524ae279dc9b76ade,3,3,9,51,OK
same,ruvnet/ruv-FANN,59,68,CLEAN,false,false,2026-09-16T23:59:31.334675+00:00,current-pr-heads-at-extraction; not frozen replay OIDs,git version 2.50.1 (Apple Git-155),refs/pull/N/head; --no-tags; depth 80; depth 600 retry if no merge base,git -c diff.renames=true -c diff.algorithm=myers diff --no-ext-diff --no-textconv --unified=0; default whitespace; binary paths count as files and contribute zero hunks,2e00c6bab3354454ebfda27c8c7297790c7527e8,36998edcdd8cd83730974b390788cca27456e868,2e00c6bab3354454ebfda27c8c7297790c7527e8,36998edcdd8cd83730974b390788cca27456e868,bb6cedfafc59caa0df4f6f7c5fbdfa378285c5fd,123013d947ab09b5b10007b3e48d068c62e10f57,123013d947ab09b5b10007b3e48d068c62e10f57,3,2,17,44,OK
same,KenYu910645/MapleStoryAutoLevelUp,175,176,CLEAN,false,false,2026-09-16T23:59:34.359361+00:00,current-pr-heads-at-extraction; not frozen replay OIDs,git version 2.50.1 (Apple Git-155),refs/pull/N/head; --no-tags; depth 80; depth 600 retry if no merge base,git -c diff.renames=true -c diff.algorithm=myers diff --no-ext-diff --no-textconv --unified=0; default whitespace; binary paths count as files and contribute zero hunks,9a9c9f217efc4097b33f3463d0d9f9f9db88fb2c,d4e690751212a038d50d5dff5bb9aa5bf300b4e4,9a9c9f217efc4097b33f3463d0d9f9f9db88fb2c,d4e690751212a038d50d5dff5bb9aa5bf300b4e4,6c8806d7c2878d2d91325ad05f7039b7255fb27b,6c8806d7c2878d2d91325ad05f7039b7255fb27b,edc5efe036ac3919a47ad772cb215cdd98291612,1,1,2,2,OK
same,theopenco/llmgateway,77,78,CONFLICT,true,false,2026-09-16T23:59:55.974123+00:00,current-pr-heads-at-extraction; not frozen replay OIDs,git version 2.50.1 (Apple Git-155),refs/pull/N/head; --no-tags; depth 80; depth 600 retry if no merge base,git -c diff.renames=true -c diff.algorithm=myers diff --no-ext-diff --no-textconv --unified=0; default whitespace; binary paths count as files and contribute zero hunks,de5a0162403057f5fe37256eb9c886ca5b325d37,3612c7a5bfdffb00df4da1419d46812de9b9b677,de5a0162403057f5fe37256eb9c886ca5b325d37,3612c7a5bfdffb00df4da1419d46812de9b9b677,dd0c35ce9d23e46ae4e216aaf96f0ca194980b79,94a3ce0e1b19dfc17be798aa575bf7ebe9840d03,dd0c35ce9d23e46ae4e216aaf96f0ca194980b79,16,91,21,110,OK
same,Automattic/wordpress-mcp,29,30,CONFLICT,true,true,2026-09-16T23:59:58.446440+00:00,current-pr-heads-at-extraction; not frozen replay OIDs,git version 2.50.1 (Apple Git-155),refs/pull/N/head; --no-tags; depth 80; depth 600 retry if no merge base,git -c diff.renames=true -c diff.algorithm=myers diff --no-ext-diff --no-textconv --unified=0; default whitespace; binary paths count as files and contribute zero hunks,a0ec88b10ddcab0f1472253e636f743d414a86f8,fd4b94d4ef5355aa9bfd43fd60550ae01b84ee41,a0ec88b10ddcab0f1472253e636f743d414a86f8,fd4b94d4ef5355aa9bfd43fd60550ae01b84ee41,be4913046e9869e18436607b34b5ba8837f20699,be4913046e9869e18436607b34b5ba8837f20699,be4913046e9869e18436607b34b5ba8837f20699,1,6,6,18,OK
